-0.35383983578069328,0.72303497575480746,0.76065774614665682,-0.96496384069776941,-0.47914811255629175,0.47226678879337186,0.52503546731101114,-0.51221548609894929,-0.45335918766519279,0.80373692061148017,0.7198243249741062,-0.22235800108820847,-0.65135255904492206,-0.37215030875578481,-0.92519185051404473,1.0129263060877978,1.0080288510886659,0.090824261622504954,0.56993216241582045,-0.5767855083965302,-0.22127739847833275,-0.78285563784549184,-0.75519727185618302,0.62983812212576906,-0.82727414101645314,0.96042477554525008,-0.11638431745759371,0.91155072371499757,-0.1238790769241727,0.83632206877391724,0.65965378040127742,0.82481506941452343,0.27492963369585627,0.21171132819245347,-0.74927942904595313,-0.43075598475826132,-0.3724786274402776,-0.36563267348896844,-0.17382146525478226,-0.26763417779266574,-0.50940115716980383,0.82458263123666464,-0.50450394044807656,0.1619608263067768,-0.88974237027686953,0.60087171646275372,-0.84677397143765798,-0.26352393003286317,0.61091775251920888,0.76596700459946798,0.60364557484840309,-0.24046338415596247,-0.55823121607089687,0.89303996364858307,-0.22782300594391514,0.29058675440275217,0.52126197468615187,0.27158692152279756,0.29609935041109564,0.51512669599830352,-0.43841152732733701,-0.035336969800320993,-0.11301862486840011,0.056776094810346192,0.099439829609832026,-0.25762381249944483,0.2708884470054469,-0.14339156108353884,-0.71305604376806164,0.81444944698522381,0.34664733080090721,-0.56595583670518623,-0.31985896675618536,-0.83813258473316354,-0.34134473006341687,0.44355819663695856,-1.0252594334093172,-0.18165498385495174,0.85264877179271992,0.028654672079063075,-0.45551335038438073
-0.42464421531766461,-0.30225945736314214,0.96425741025761647,-0.91212495241065661,-0.56227958207540651,-0.59129502490865049,0.30705710006919312,0.84020745203960212,0.45069724912977627,0.44166342455375818,-0.62788748150396623,0.65469782930449394,-0.35962547007319057,0.024592324222347004,-0.30480089988349474,0.012457129022467556,0.81197991540112058,0.065507067487178772,0.50333293868544071,-0.74159599138119692,0.4250488327524431,-0.44956221861893952,0.56643278842025391,-0.83698682995159346,0.1777449839316726,0.63950085364544218,0.34568379005401295,0.91696746417927277,0.56708611519329599,0.83765566888339049,0.50833643456081667,0.17407579820025448,0.60882137315686302,0.38614588938898492,0.61979423007308609,0.16318587284876951,0.22732975406007058,-0.74877797586971229,0.017051303556135114,0.70235862812646432,0.17979733526449379,0.57257198193909686,0.97633315170834389,0.86768335372753869,-0.84595533464992667,-0.76616964015952504,-0.92772262669989258,-0.71568116498810974,0.99203441720156049,0.81197187890185796,-0.68469320257664323,0.50224406375118713,0.95547796231467186,0.56107438817924082,-0.15511342117201821,-0.55833128080268757,-0.24370816580141746,0.70955951377172244,0.97464044310963349,-0.83759815141236238,-0.87616200554270207,-0.70657963385604161,-0.43070020917453822,0.40999478061899636,0.93074264786055871,-0.52549720469009231,0.23817918363482751,-0.040224273525065725,0.20124453690919034,-0.86980608867274456,0.063371507753842968,-0.44606274785980277,0.080519107650220981,0.65857358895829043,0.82979102552182038,0.78532460411465344,0.1385656750935475,0.65230958553238561,0.61347765333906734,-0.12981129976941208,0.28538992591402962
0.13637846384958804,0.51411144851259361,-0.46951654820795702,-0.19096842973635522,0.35707401553218637,0.52617739804300412,-0.16402508320326806,0.71102055431129629,-0.3730053806963104,0.49639855052991716,0.51228126463113355,-0.81309625235405714,0.55070455056805445,0.41794137015500077,0.9303050603535914,-0.92866849650555527,-0.39640488099010518,0.20689936793315541,0.81799292728312478,-0.54414513365254702,0.44160800568232639,-0.17820299334899789,-0.20059032708484462,0.28670206482752147,0.81974591502482796,0.4879055393133479,0.41915341489490221,-0.53005789288425198,0.015558160938704251,-0.16098572933670388,-0.93592823528060398,0.05125053367478944,0.31510990940641231,0.54368313188425321,0.73807597237644429,-0.60258506513418397,0.34556646483197173,-0.73614338692745773,0.78906593116198942,-0.98954900303309445,-0.50408428765379343,0.79683834304609136,0.94363667922893424,0.90686383474182264,-0.44420237717115857,-0.44410185907497685,0.26179004477362117,0.068691567678743543,0.57958007009240897,-0.27152485693293571,0.57077824889442685,-0.66627195040315845,0.47230829030676413,-0.27200470133899268,-0.037073133899007682,-0.21586576820005648,-0.20599635985670797,-0.1414471477076667,-0.81629729829690589,-0.61949234718561885,-0.1475193903856209,-0.98424339524919691,-0.066276640228976086,-0.23714649992466352,-0.60388143114334325,0.25819330741968394,-0.012370908023356558,0.70211298475904016,-0.6219154119500413,-0.52245356530709708,0.69911049730094654,0.30039930912405727,0.70241673087046974,0.28668129706792539,0.50845303258321883,0.26128927202663843,0.79427307864908792,-0.73567308707257584,-0.82320469393247564,-0.42701383679196014,0.85474888384833692
0.36390287144105526,-0.28206032078698146,0.51732584488699707,-0.015132347405506267,0.74779960588868655,0.22341373652574567,-0.71502707332901361,-0.3561663084055614,0.17979762115427902,0.56296144361506462,-0.62735552759687985,-0.28231999589258011,0.90407013562451344,0.85682764441750214,0.79932382151668735,-0.83589882389564407,-0.013272233847284461,-0.63710014174038232,-0.083103577158035999,-0.2932729262744993,0.32844496920230881,-0.26744786891129863,0.40848035058222876,0.13379202223142483,0.81903078934087181,0.37449224727233743,0.55484821179427624,-0.32685832005878618,0.051031332858991148,-0.71545394415902297,0.27067367873499754,-0.062941283869734493,0.15725934530710214,0.076521555077110809,0.50092917271296866,-0.14890233864445412,0.79999734411701928,-0.019889409269102397,0.83468398722682247,0.8702691310795766,-0.69957272149536442,-0.42170128581178867,-0.85375005632527323,0.58843418776052769,0.82128023647484905,-0.68619296735727731,0.33606613948149644,0.45155815084784995,0.86329280974594724,-0.02508100691412838,0.69582415190679892,0.49701813901503011,0.80618465165610842,-0.89775184441516631,0.46071688856467752,0.19909995838664121,0.65377363987313664,0.27001029778184249,0.65530809978550231,0.56794858158747885,-0.63269080542107703,-0.14445460767876461,0.5693775912090705,-0.8267819390381107,0.10623171782624058,0.54483477367168287,0.44120256787698209,-0.53636885990708927,0.38989896596574375,-0.88652281760741591,0.75122974538363252,-0.66800580791496422,-0.14746859770290141,0.014348732231263612,-0.18551112167943767,0.81802095962105514,-0.48751722864333202,0.81182809307617665,-0.34838233042201094,-0.42138986210878093,0.62819050214564598
-0.59744574771230419,-0.50588831008609325,0.71247855012499484,-0.54495539901334911,-0.85104371075178353,-0.36163618156403721,0.8473000051728401,-0.070052398159563281,-0.85689817532816015,-0.87033248956464271,0.4873999530634085,0.1751900184142855,0.72018860516344174,-0.053264681665692676,0.55689262760772706,-0.39217211853298484,0.75855846334283139,-0.20469230189945187,0.9990732736651905,0.35288211153843269,-0.046573074589536273,-0.16337405292657683,-0.035671436546467081,0.25183646361237388,-0.98131522601717602,0.67347516398706053,-0.943743857021899,0.4218802446070038,0.25916053423665053,-0.59037649435783224,0.88929667940362744,-0.025116860476933945,-0.17939012158628151,-0.67022748848845448,-0.98693278945411089,0.41087398675454534,-0.91706551160543848,-0.87903032650686541,-0.086355145514539947,0.084205138771192137,-0.78670576645387746,-0.63303333486395363,0.006155291986760905,-0.4725854442551029,0.54464019654736873,0.45728109483864382,-0.67799130398188812,-0.79956255958576694,0.73138347982571161,0.97862606027334764,0.82426366236755189,0.065087368410164048,-0.9028999853425036,0.76601877327627244,0.6490383986024395,-0.66217050630081875,-0.63676554846710631,0.60335035107533341,-0.42343730484058695,0.83732010533482182,-0.49392544691888129,-0.51754447470254084,-0.37807267647791315,-0.66604617734903782,-0.96884260775812236,0.94881679372029237,0.19465304155549537,0.54163699472677318,-0.92485352736319026,-0.8409281261697672,-0.010060261844353043,-0.86303227568200158,0.53935292752492248,0.57755558092334569,-0.68822998703161431,0.46203448828296989,0.50064609567907126,-0.5460906318659966,-0.43799976417646219,-0.12272832821168508,-0.95362497263994395
-0.32233003289245121,-0.35908242517460154,0.29466296869204189,-0.076925916051046039,0.23860877950403572,-0.53160584553178414,-1.0424530439768678,-0.37597202467118601,-0.89388665962996683,-0.35458226389261915,-0.31386700918839411,-0.36836069700456647,0.95099837722708969,0.050176390942853207,-0.91827825610079827,0.68701858808008431,-0.33629424993477036,0.67985872024109228,0.45863988328443916,0.72552154111096878,0.61238557750259626,0.32586379592278092,0.10206411255950004,-0.61122880782651612,0.66829496015007228,-0.87100743145223669,-0.29711108207330045,-0.73801463594863859,0.48008887599699268,0.14627961215362015,-0.37810912050241352,-0.19796650690184994,-0.77401702090168656,0.98181442862649149,0.12644870521934287,-0.7577597087778063,0.50144344521261452,0.10174249343579982,-0.67299019283867134,0.68084187229273085,0.31513617766811458,0.13584808774087098,0.091774241651080335,0.7748175584657282,0.16579759405531008,0.71499142336230292,-0.56629727281110909,-0.74833552989827934,-0.21400840895919412,0.76280765586289612,0.42370116241007105,0.93727894666783662,0.66633522282430802,0.68301525964093823,-0.43766882691112352,-0.61465474367526052,0.53707926263565142,0.033966796022287984,-0.57009322596558443,-0.4903846162778604,-0.46836899670284471,-0.047507751061392094,0.40186775285596155,0.41191596885786941,0.93261955132035146,0.75280045047736743,-0.26767221828266063,0.18494592444418939,-0.50665622895142703,0.67661241225325552,-0.62256915685671443,0.26000382793047949,0.83080040720747184,0.361442110993695,0.95607532847090859,-0.093800010321327607,0.18674017932364073,-0.84158586186588646,-0.061389282362274866,-0.40136995871325976,-0.1034822430730606
0.60107682003650476,0.8160074072089738,-0.18422661662619461,0.58095033349961667,0.82948538903339053,-0.56295746812247416,-0.25838747153761521,0.74549635025311345,0.08297932581910919,-0.61902729596686967,-0.33367560456535522,0.15595384802120146,0.11273276596066335,-0.96576509732014626,-0.78066028923058772,0.31124177792998065,0.61967562493478801,-0.71321289822524581,0.068258093838502537,-1.0253186302014021,-0.11721544015164376,-0.077580233035842439,-0.28259806785046193,-0.69191203764321085,0.39532948604918061,-0.5476714562967927,0.014377807064840084,-0.60937242552985083,-0.5894597068992421,0.2986972040398661,-0.16341828924362423,0.15543792976381551,-0.24975223076418696,0.12596713035776247,-0.25247864143696536,-0.32978220643830758,-0.49732259679347773,-0.72048069327212649,0.99056806241592688,-0.21940087417772119,0.40637952803532129,-0.53126885541552116,-0.52068715741433258,-0.28162568544549604,-0.70212849975802649,-0.57400731616935063,-0.94652630262415827,0.26246484696216954,-0.053166050426287317,0.16670213529300756,0.33469863916173703,-0.88995899816329826,0.50668749267833446,-0.07988350804753297,0.48643804240780919,-0.51864810403305928,-0.15050500957854887,-0.06592003260384055,-0.41314070515343193,1.0698230915210389,-0.15872211126638922,0.83799435143897583,0.41661838811671809,0.93934028055787477,0.62236323228265311,-0.0022565688060369009,0.7930933971059505,-0.1211451747824593,0.83210890103187696,-0.1685022607745052,-0.15627112682088465,0.33417027651124492,0.88588281605383656,1.0408856790488072,-0.54961257034411615,-0.89159434066551002,0.63810484673840062,0.85647659065364079,0.10501986138403292,-0.70716831491042198,-0.073986588103080966
0.018403063457325418,-0.34888460129170557,0.76142577387707666,0.78876052119577611,-0.57127655647589537,-0.6045535131311528,0.84219999393351774,-0.88404206601751278,-0.51269307966031519,0.18609047609080298,0.073239434511302728,-0.11600078421858041,-0.58348009123883704,0.22583126356728678,-0.6928287855988684,-0.38792543319785333,-0.19087334918146898,-0.19210293914672039,-0.09222164371029612,-0.32070526472270605,0.034104534527571555,0.89416487579565607,-0.99704603514164758,-0.22445840784251031,-0.76936081704567783,-0.30315142703641862,0.029555145863873304,0.16501437684053749,0.93457389545516567,0.69701288265196615,0.16443958394486868,0.24880770192926888,0.16447590142170596,-0.088132848251832915,0.74326311490554031,-0.55538075306057799,-0.10344047207715822,0.71134291122125726,-0.90338383601754579,-0.65021885353452902,0.69291602791251095,0.095228629882077517,-0.69175757225800905,0.51934839552933876,0.82827730878049555,-0.095691126960553374,0.49848642303412222,-0.41505713377010622,0.4915175895828367,0.97202423193490484,-0.47704929435223242,-0.22750348271825893,0.13836575394260486,0.28622880487043822,0.53593439729641856,0.79468291886311559,0.14337996833887229,0.11268685298576807,0.54738829043848669,-0.91540828119345297,0.66538544023400592,-0.8818636684151604,0.85430865508938025,0.13709649275455793,0.48619892072153986,-0.97667000814358562,-0.049089601662999201,-0.8458262533289963,0.90225564858201468,-0.052041892751910165,-0.24513115459356866,0.17103236104039873,-0.42160085384963797,-0.34474281716721816,-0.64682449208594794,0.75549665990732184,-0.23243656524916961,-0.79502961632503477,0.59744264705920702,0.39101783922713584,-0.71244344492113698
-0.84862630394123439,0.78955551330313012,-0.23656934496730306,0.1330236761793317,-0.47485744083515402,-0.20655393209993983,0.5317590839344235,0.10265788151499164,0.43716862198834672,0.12986729872604982,-0.95808068618622944,-0.71416673805953201,0.36744964793112711,-0.97992291768923467,-0.78658509412763866,0.59590672956338031,0.28492690760364586,0.32699354354108784,-0.42599803564457872,-0.055601067294115597,0.020158591386515934,0.39965445770299202,-0.92179915099338428,-0.68057772271772288,0.82175395891473013,0.23688616936287629,-0.29372059193053146,-0.54680019119292012,-0.41635321354474419,-0.98327151069622964,-0.39807812227708855,0.86286819277848348,0.90631007305895595,0.4189565263093914,-0.12377584264297425,0.83544619958340027,0.6871034499365144,0.39617841934538928,-0.073965583273946228,0.44948427588387208,0.70135609814463784,0.057813333742228336,-0.68857353148783229,-0.10244749629752847,0.28972386577200193,0.38136982511983425,0.43613374321596782,-0.62036799934726949,-0.10145185778053922,-0.1923497884352984,-0.95429632501957018,0.42352726034152277,0.25641497642231359,-0.86677160512439921,0.25308991033515027,0.57231604572547612,0.63519121282872115,-0.72041577185554251,0.52828790809825277,0.4540117329256807,0.16478109742049868,0.73146513826675297,0.88946079430054237,-0.34548459196592224,0.51723912808970107,-0.91160106967140342,-0.62274899477081747,-0.63742126031471558,0.35398402143812052,0.9777938109670854,0.10190527899988683,-0.94800776204388926,-0.79475813700199227,-0.62008170567073273,0.42361239758395147,-0.49731533943551648,0.30925125416245147,-0.59742403764938035,-0.71774901193250851,-0.26545592519645972,-0.72470726155827347
-0.56244093093607506,-0.056554101291289745,-0.27870301845892936,0.34884065510947204,-0.32406455799191425,0.54261362261949009,-0.081167413761313159,-0.83454597461141,-0.26429066940865426,-0.79023365424102254,-0.78178195358238001,0.61496671004839132,-0.59135115191614296,0.26902295979224822,-0.97722598580663322,-0.18433432456525842,-0.24951478076892611,0.9476072466596881,-0.32358657710612126,0.87841711288405122,-0.18054483037738073,-0.52801173469449059,0.27775545582686628,-0.78776816640309533,0.6502313880680004,0.73024483349301683,0.74234508123666054,0.30772197814402097,0.74190378631696985,-0.77172435365275072,0.80897484300010769,0.67362063302213759,-1.0023474703157411,0.23627891164568787,-0.98581199807065112,0.77053929064801696,-0.68177909040362783,0.45449269435234702,0.85513039182238182,-0.37925706609996357,0.43628220945626811,-0.47979261170064508,0.20295741072987988,0.73416682316242232,-0.29696793783952413,0.69750839555472721,-0.6472346413412926,0.017529686335476635,0.94449309783790958,0.86152223577971954,-0.2324240485127389,0.39972866414129005,0.75727408719383593,-0.064158709033733885,-0.71221890129543231,-0.52471256317893067,-0.045185082391250186,0.93306427695827787,-0.29636538650273397,0.16718270774568203,0.32592695451752252,-0.078625031007844043,0.8097010974236345,0.97502998406520935,0.82018203653204402,-0.84158910906391937,0.087500159485598097,0.33465171454900583,-0.54537245796998479,-0.27722608271996896,0.38933998110029761,0.81181150350966136,-0.64835276988900314,0.8687783626624126,-0.11182904711346413,-0.2680832156783613,-0.076841147241613478,-0.041242810419239405,-0.43743707754068484,0.7300798722186006,0.82745504739708475
-0.38270584723605194,-0.92460737980264329,-0.6305825847346892,0.71087384880079529,0.3621141796714869,0.56654560725265568,0.24185371585418602,-0.49112423432885133,-0.2630860078282809,-0.46174454228266854,-0.45099607205792774,0.67514762121847105,-0.87370709600078034,0.95194765564636008,-0.010109133651535967,0.67369759788094552,0.20210586486147147,-0.83638789658772017,-0.72621214016913371,0.88259384832012766,0.017601882277350815,-0.75501119579765341,0.71915604494439489,0.70614414737942788,-0.19663513285430997,0.44287174910604898,0.65880291479115538,-0.51985718955691951,-0.41935994152692646,0.41694243342211873,-0.70543378342392793,-0.35020334396157332,0.50029063756520897,0.22182799196377381,0.56612547677594272,-0.94394539177676673,-0.98550007219849256,-0.087263450677124654,0.86572401282177636,-0.035525733691067075,0.52967481949762085,-0.066400466382394788,0.276853427849443,-0.28224402167676638,0.1336863885517576,0.6930203984015878,0.76046717516923468,-0.75863349778706535,-0.0083427577983725618,-0.69355205945586995,0.59335756258917338,-0.18433377534341877,0.80406560155722473,-0.015800965132049094,-0.83343334738308528,0.083604911689552031,0.064618448304695278,0.6364722303006568,0.0015547111246703117,0.31931371779943019,-0.95302257986003258,-0.091517888681772755,0.33704917824226988,-0.33917198868801168,-0.60858336618368836,-0.055328552565158964,1.0397723665999865,-0.50813488398299844,-0.073698558329424166,0.33304061029473003,0.97253316874451323,-0.79186350952125206,0.25589565084559596,-0.4099324664629741,0.33158747193045657,-0.66819055322346721,-0.77101350808495295,0.98940482671363073,-0.97903585037508667,0.10498824507384785,-0.14516189742262456
0.2497025037378767,0.25905516228772468,0.35058436511219088,-0.70661175576753132,0.32452945915978682,-0.10746574462633929,0.5434096497250358,-0.21210857856650123,0.25412136224303916,0.69472219774399113,0.88927634545901135,-0.84665069752004773,-0.0081808282170659358,-0.68628599902437437,-0.76921873202782109,-0.75090781880047197,-0.64231137561491392,-0.20393667998887002,0.26129204217504637,-0.078547828712220519,-0.73431564347313893,0.99600974608587733,-0.70166556970804361,0.3469541330072069,1.0089058312505279,-0.78032403883453205,0.69045252334208507,-0.65676926071279473,-0.79560736717871317,-0.86130847732318405,0.33524296606400761,0.032990880508873666,-0.1176989324760216,-0.66234278512002287,-0.14652619852515386,0.83764639571681432,-0.90477295249117096,0.6224171439556373,0.63146461683519817,0.92420404848228788,0.46197492577920024,-0.68461447519976082,0.67240896748996981,0.039762896986352693,0.74761493269093882,-0.2401940124379916,-0.26854076140902239,-0.75931883605885275,-0.44152928020011389,0.76412074445734113,-0.3639454811658247,-0.59707378019735668,0.4628099346831811,0.57699395077170057,0.55550682126544659,0.85282377485020899,0.43788501789207562,0.57192063624430201,0.80006596524711715,-0.82520169657035958,0.33478568193204528,0.63413055490450931,0.25863136869251613,0.7500712503285184,-0.49720822885459853,0.16704191995123205,-0.33760690090874645,-0.87100171939871052,1.0332199143036571,-0.17745742215839044,1.0612452109813231,-0.55352105094576953,-0.57397093197667415,0.28496901313605311,-0.19959305500641983,0.086983243158860579,0.53265551086105933,-0.007269738667274539,-0.36258616104172037,0.1644676198500126,-0.27601734791996929
0.19127711148819235,-0.64851230934633597,0.26884421745140391,-0.51513381620820631,-0.74836417084048779,-0.84447878453800784,0.77859626055193476,0.85987326736433434,-0.5812911389420542,-0.88931077109627332,-0.49434401069308376,0.18015175737029174,0.86810368944956984,0.33321017598696895,0.6871932486749287,-0.60844849866945849,0.99013419471399566,0.96286328592383541,-0.52690353437415771,-0.37214214513207311,-0.29354959968223748,0.38201015329952492,-0.39658243165367085,-0.18309861659713955,-0.59722897073172898,0.99586131701594161,-0.44123318284232094,-0.89558635639282247,-0.6616068098000738,-0.48878506280539336,0.28980888095676788,0.7622645775006609,0.2886192041146734,-0.35905427637129272,0.2372059356831793,-0.95869817403131063,0.3895651518494902,-0.14684517685290607,0.6034125585164819,-0.86795065141441574,-0.54888484960759587,-0.75584623442102061,0.79600190660812531,0.80467031739914663,0.82804155499624055,-0.036671582232217517,-0.70937249146806247,-0.25005077867321768,0.47383043307210826,-0.35399797395243987,-0.27921077924168602,-0.48804639241058678,0.48711410751458262,-0.21862781487440341,0.18548264297793504,-0.090332372822042206,-0.14145025380199441,-0.8924591799068492,0.38086433332399838,-0.99780810679841447,0.84334122006719603,-0.091637833493264195,-0.81698502051521327,-0.56475351558939157,0.016293470399272762,-0.70419969418665262,-0.089513438607371404,-0.25987431716508225,-0.29851019061377709,-0.30815901934734391,-0.49186024612236423,-1.0023515075835192,-0.17936541157455402,-0.049651883981932023,0.55960121811611441,0.70762301153006257,0.34541881260404667,-0.30600492837172899,-0.89804598231276167,-0.55307725933455454,0.12253852284413029
0.75384742450807296,0.8476862430336457,-0.44469599390273595,-0.42334618591228956,0.83189022661830669,-1.0995288302342741,-0.37650466949073697,-0.96663572394517916,0.32595738946178476,0.050626246852882452,0.50180198271186516,-0.99862946650535189,0.54307610594048583,0.17349500133611287,-0.79995842560286923,-0.070162565041449923,-0.93890604802714406,0.074441710777244527,-0.24057280000028741,0.60255209754873618,-0.54852255466391908,-0.98503697844333316,0.94448943952827069,-0.56767610207089103,0.36993101221030722,0.44856224723796001,-0.45523572121288047,-0.80509207706713926,-0.30053200471469954,-0.0044204498933285282,-1.067626643615093,0.36973121288384475,-0.42064305945862107,-0.032649090217422252,-0.99057270754871185,0.48632078071403617,-0.47787685101082944,0.31536543651496085,0.38508896495621003,-0.023118239497172642,0.038392112702869491,0.51042387494695751,-0.87164012604378149,-0.95398405556567112,-1.0445973826408301,-0.70292588560190772,0.7485625745361143,0.015573620720272281,0.89045689413119489,0.53495456259298246,0.67027345166464913,-0.51501301697489366,0.28419499260999936,0.41460660513043113,-0.59793867877951357,0.87458031829921568,0.24307313216141471,0.82077261509738375,0.75948904339830436,-0.70127034368632402,0.26908530690260751,-0.11803963101613067,0.70417983013470109,-0.57097939465553194,0.29182069404566607,0.092728890821113685,-0.24177184281517999,0.8771879606722941,0.64401506924179763,-0.025303707072979523,0.77901839990407551,0.87615155883771656,-0.39540560822829596,0.686927724393397,-0.057022807988187804,-0.36353954404539685,0.3817153596093068,-0.35787788611258747,-0.12544438626216334,0.75118675996643192,0.70259743970398614
0.24434279687845767,0.7222611028672713,0.26842840526489625,-0.35820562742504269,0.86654737186357722,-0.58459269555958826,0.95961864391932727,-0.7501345520996815,-0.34244425651119698,0.97665087972499909,-0.52456484661566549,-0.38981200388714576,-0.84994762234125099,-0.081858912552352947,0.62107179459145745,-0.44031394810038277,-0.32912147121782137,0.98991910371624647,0.046723008825378526,-0.74542114972929729,-0.92236645066898648,0.83270147609514489,-0.55094847254738977,-0.63629688150819175,0.95052130122221634,0.76885083645134478,-0.84488379056767615,0.740698926845206,0.81576127340645532,0.5679971900565628,0.1328424208427415,-0.29113177778784605,0.11129117484019505,0.47313990988429216,0.54487299446312587,-0.38853109150781379,0.89081051966845903,0.66285553220616944,0.74023730198040105,-0.56013751616393237,0.29669656880751694,0.27961071144681338,-0.89552403756460719,-0.66814873200932645,0.4404512706730046,-0.25306041107625638,0.5616250242356795,0.80184511527058333,0.20172408722182755,-0.75997497161645522,0.54662107309988861,0.98560148712585627,0.93876289395325707,-0.15053231266691702,-0.85880686423173136,0.87429934983834812,0.77455269435054086,0.38241302074208966,0.1241045410296323,-0.24827279563385354,0.46653039749727515,0.32940813431809873,-0.96793599632900384,0.85051432754632716,-0.14809162548773069,-0.58118307918469025,-0.4983504918342293,0.58471148751802171,-0.72872653972711332,0.89522314053836372,-0.56942011309097218,-0.93755603739345805,0.43493427580952609,-0.52580401512309427,0.53161452878862714,0.54783035188636875,-0.18039902277213662,-0.94059512697737013,-0.21666346302955733,-0.89710735660900687,0.33492451728910871
-0.24060744961000383,0.049861279259295767,0.004921543143535107,0.83289892076628791,-0.29524029010732222,-0.43251039192771212,0.87560978813933987,-0.9297262337185479,0.35765002583362759,0.15608721905395267,-0.097951082560465613,-0.81575223128366792,0.61586297813652868,0.15627798343643429,-0.77806725348061934,-0.79961364827352266,-0.31982867065396164,-0.7594768809483019,0.63610187284343078,-0.94853339293088179,-0.17829171645259881,0.34410109411508955,-0.36919132341582589,0.90979795713851375,-0.84025324992888051,0.97915317453305561,-0.62110698925967978,0.0071860587033612602,-0.92960419008896289,0.9155148818462806,-0.37084825825695322,-0.86203148000327567,0.41547133438979061,-0.91860768062680598,-0.043031737732511698,0.4248115971529251,0.6777056505889365,-0.72903211437725057,-0.95250030187042134,-0.28165992751723068,0.20628103825297209,0.1378012184358475,0.97946994935201581,-0.11308121211709413,-0.82741885140660953,-0.46885261284347873,-0.10203685758184336,-0.11231846234213805,0.097249747301670866,-0.51272673087565923,-0.16739626363817173,0.12786731955922659,-0.67216761093462263,0.28680662797913659,-0.88372369279862495,-0.5043726405651241,-0.13375965832696202,-0.87856375633622119,0.44818229724602093,0.96330719802297748,-0.078994179971043854,-0.18915413703981981,-0.94392273417770312,0.59226520545055772,-0.80243378672409738,-0.25827991297309072,-0.91670084254842099,0.5494963713155202,0.90473258301972326,-0.77215688513534697,-0.90887048836130291,-0.88411653215429731,0.078370265730951905,-0.22906214555886437,-0.23490058446682593,0.054292744860263864,-0.33678293168896745,0.44873277606645146,-0.71816692217627176,0.22714684269724658,-0.39513966942940121
-0.049026756482328467,-0.44280501349439139,-0.86260130057719864,-0.40226558932584211,-0.3216426789055436,0.41056570199967279,1.0873338732584505,0.11259583721576903,0.24691271693710501,0.022078008957569919,-0.48197749888241714,-0.21277658770469352,-0.22173533895248371,1.0028978703320053,0.74735038855957758,0.09090550633268657,0.23552612324953165,-0.58337917963469488,0.18719403434396736,0.49557415210877437,0.45147742482015951,-0.77590136182679592,0.65545930956043064,0.88194884781738137,-0.0092528389088633641,0.86908826599151534,-0.18565899297098537,-0.87584047368346007,-0.67891256737160965,0.028228230366728689,-0.24275357430946867,0.45171563883581467,0.39408495795161474,0.44182151307178297,0.98808026850128738,-0.23358789596270654,0.55281418425647344,0.86479745312680001,0.89357650308100567,-0.32671926737300266,0.33256308181618849,-0.26914178670825684,0.061038546310688897,0.82461302945928783,0.25926256846840157,0.2285310027452436,-0.38973450163340689,1.019051784812635,-0.85974251639586929,-0.40265184939468857,-0.23925338282647957,0.95447273611321104,0.77854417150328636,0.86773922695139261,-0.82826329295644974,0.43223695450933647,-0.2277131172729214,-0.95367809002457316,-0.38431230272288791,-0.92882111538830947,-0.65544798192611309,0.28201590205698912,-0.15585073045259429,0.03286657470306921,0.11808844703620497,0.68192645449184996,0.87940592042274635,-1.024311778111312,-0.98412020233272313,-0.70094376046172269,0.050933488697686574,0.05439525742208233,-1.0040005555690055,0.38886185647454757,-0.85816844760678579,0.18980164817874801,-0.29060305047505869,0.19918002780534907,-0.067049368982986024,-0.38749441633118803,-0.32489186302246481
-0.90029540332663593,0.75301626192239934,-0.23582040155822118,0.17555579448712971,1.019058578662412,0.8542132180417904,0.70148757304922771,-0.62727479288857169,0.98460018028276186,0.32838237388905411,-0.5366672967672893,-0.27433687615528179,-0.19046022558031786,0.76380711351065256,-0.88112422279236002,-0.021640102511578805,0.049102042034522404,-0.40807525302500863,-0.15950012571602076,0.78012519163677529,0.87226534059057725,0.68925026027794167,0.90237816808523186,-0.73195382904761974,-0.22280957986922462,-0.21999185353023781,-0.22346271548633503,0.8229582971868773,-0.62215764268066109,0.17290636821630784,0.13236676037790074,0.13511019978205097,-0.80227062778366953,0.74619760394953172,0.29482367871495468,-0.32234253514119954,-0.8652324208391089,-0.41541343493510308,0.95869062565485652,-0.75516625460254649,0.53193503098013384,-0.83649084679780872,-0.28328583878984009,-0.51946961434679517,-0.16180284069207704,0.17807396717228124,0.22340229178342338,-0.96108851453697219,0.80837615336441115,0.76422469781515079,0.56247498483110903,-0.043500407623734527,0.02236220080721707,-0.79000002044739193,0.80635321526525905,-0.22616991283806748,0.97760442052954188,-0.96251697316804163,0.68401413641116304,-0.67104049057090187,0.71907756398869127,-0.77895419638083518,-0.4961380826784314,0.91493884750514254,0.3155920733996761,-0.4291371623429166,0.59561159322362101,-0.94069807490865465,-0.97574815948988414,-0.47966163130558093,-0.43797216378387288,-0.066563113692030024,-0.68859072631978868,-0.47683527280810306,-0.30717022017848955,0.19510191330927501,-0.85040415325663188,-0.53566984412365459,0.5613336824878179,-0.32690202077143521,0.050938143850255857
-0.38787911190823449,0.391782003899945,0.28348752170946512,0.013667825604597712,0.60621615226681724,-0.35574218867520579,0.94500222399202383,0.73919886689159242,-0.66175229506603961,-0.92931078539224066,1.0010154449311373,0.75390823944785978,1.0317844607810271,0.15015919972187586,0.92426977386117504,0.59376489757542517,-0.35664947093736638,-0.86030745125893893,0.56943623233294571,-0.73121093410971816,-0.54034573255401164,0.98856642864094524,0.64562170725199763,0.03760836576385114,-0.17845474775772038,-0.39686122111224631,-0.95764663226293401,-0.90336268286390409,0.7989830080538235,-0.24711152299909292,-0.94717058554887901,-0.60581866212627589,-0.96690468072300517,-0.88067042606800683,0.91182315273481862,0.8057680517365825,0.75103028440960884,-0.9170057565222598,-0.26957970674031756,0.9246346005228181,-0.90176640426973864,-0.59851301832581227,0.46263005789223927,0.27998387242530476,-0.42130218665776437,0.29076295794841422,0.10363143172837692,0.29606003434001227,-0.34013495762586726,0.40747512033364852,-0.70345801705526811,0.40421102320682678,0.016876872267983289,-0.33839140031522863,0.17594207151672947,-0.10347830529559672,-0.94834360531167861,0.3334149013062872,-0.41556593051278995,0.41625934416999971,0.98862339024305212,-0.91700208448964249,0.78835820485308961,-0.95846589904037294,-0.65257533441854554,-0.64590229693222412,0.15667894525201384,0.38222559143041585,0.54667050754286706,0.1202574040774514,0.15808163685757903,-0.78712138339880866,-0.83369054647830609,0.67777421956628781,0.62679565217051392,-0.080822479056092869,-0.071206337084606885,0.020318727641859345,0.66150301992950933,0.46619975789536372,0.82518250445649055
1.0541343753633017,0.33128356624350641,-0.3884879998717809,-0.066445746744080922,-0.95243504924635836,0.80691358568758575,-0.42419286301624654,1.0358911424605513,0.94998078886384629,-0.11467381545197852,0.60602924493738175,-0.36332073100281576,-0.7485649220598064,-0.48462162940590892,0.56738306493438573,-0.67198483197630143,0.4802399322345795,0.2612418469547288,-0.083446173290692746,-0.08722183572044967,0.37616892976855726,0.27389592916025812,0.4741286947484612,-0.79890759470019546,-0.52618966522586186,-0.65992427009274013,0.88233734409635522,-0.09699122383994431,0.2670601949219058,-0.39038689176357289,-0.68328639031225868,-0.55805564919247652,0.40320874477198582,-0.17458979113039966,-0.19439679499741949,0.99100380407100574,-0.8095320530957465,-0.28379271493146951,-0.17903250986254637,-0.086426157614744856,0.59376864511880278,0.82293138993522097,-0.79880359098228293,0.88105359939126748,0.38774704521782843,-0.04493578834794492,-0.5116995762490929,-0.89594728525987244,-0.59122317195244778,0.34007083560197171,-0.72138563581794735,0.26030626458356609,0.58504870710499746,0.75323404419121198,0.74166073991048909,0.66504435880845036,0.39877911778756236,0.61887251948699029,0.54971542801384976,-0.17998281209755129,1.025591792705405,0.51532960494191449,-0.034547808053778044,-0.33513056910821171,0.93138010285405948,-0.64629259654124049,-0.71550339671545404,-0.68333247853954815,-0.60184494478400241,0.15137959617160732,-0.85196922814212539,-0.26609460959537617,0.03902841281091645,-0.056419247572518844,0.34943134255239217,-0.042048636451712203,-0.79670225561202312,0.13563209650080879,0.96611794504496917,-0.48982045936353275,-0.67633178712982145
0.43197539133100832,-0.48689024130649128,-0.12865640488789407,-0.44451623611387886,0.19249329986686145,0.29043520390734739,1.0477295097586623,1.0510080218554017,-0.18207136328648563,0.40827919434186316,-0.41738435124463408,0.076897770470805746,-0.35095257034548621,-0.93926029476129191,0.50015485684158123,0.44638506222505536,-0.40978958647627273,0.81460916094243052,-0.014550151440144479,-0.81038461253244864,-0.17069632658166903,-0.43318193401647082,-0.38106412739182544,0.86031394066693678,-0.59051898043268991,0.68323967676223718,-0.19725427926859998,-0.61728075257701898,-0.49012190036907261,0.080537886487016944,0.97082718829724246,-0.11261581206443523,-0.28491414137427906,0.074662496404830095,-0.78727672708773722,0.94853362385157169,0.12529405539239233,-0.2890537162179273,-0.6395221632859196,0.52703463988929655,0.0037483378277233747,-0.60779414119074693,0.54886547968630717,-0.4445120548166972,-0.82885730681021108,-0.30791392674391993,-0.59643597801818582,-0.60461045943533376,-0.4080481127283373,-0.79596028820513642,-0.10035006597272256,0.81957630679752924,-0.48937440862796733,0.74527365677813107,0.55362432172587872,0.71548174386473951,-1.0242538447850287,-0.052264264547246142,-0.40529664750494471,0.66596460769618004,1.032486338231283,-0.025261226532651088,-0.87525597225567719,0.61555205410784786,-0.7413704517766706,0.33871569174602906,-0.18280182262112785,-0.22085263212508086,0.68296022622633412,-0.29082609383787705,0.098204116282628623,-0.19458943456145872,0.57020797787805411,0.98718117662683946,1.0495676446750561,1.0108435684714081,0.039089474497438645,0.30841848770380892,-0.079402306271133982,-0.91621826353085656,-0.69805100712029777
-0.74126082415735084,0.96487863468846458,-0.78632943984720838,-0.029208322350514973,0.36085822008375329,-0.15062659455735503,0.64131700725460483,-0.47686631162606719,0.67791792181586275,0.47949107238647859,0.27150069582126463,0.79830127069718471,-0.61910442077873806,0.6882978463896352,-0.36661947890208918,-0.47803745666702269,-0.096603507910793598,-0.37960014538453934,-0.91770467719383919,0.18569564640214242,0.76791280018943164,-0.8434519928761447,0.15791610521756441,-0.35090348085553852,0.95116048655999741,0.80988400016544881,0.97988618877307043,0.23441236349282313,0.3787839390196896,0.56070459129014738,0.8658245136751479,0.42262851427820097,-0.27941093816434709,-0.84028475878259568,-0.91510722224101804,-0.041288714490034434,0.29368751140116078,0.19770187959885682,0.72390793106972673,-0.97539887660863267,-0.49132933451215555,-0.10612121466120474,-0.89506510311921728,-0.90626023485787266,-0.051802874602533432,0.94072083369846848,0.95147093737312027,-0.053833088547898388,-0.047019091749856259,0.49293114852744646,-0.68825625587003203,-0.47301608081298829,0.54806857134805309,0.55477546389589327,-0.53599242688894511,-0.046465191650102579,-0.43365198878404188,-0.16673326711812581,-0.53567378275566457,-0.67911663580919757,0.36966574578283984,0.10891868308988933,-0.087736335550976749,-0.57083114843201899,0.66821043657441404,0.61638012734630276,-0.19991234703073138,-0.32615445412596261,-0.17256769173763711,0.47548445721646093,-0.52290927117002495,-1.0309739220476029,-0.90494398218078076,-1.0423596826442239,-1.0523008713892434,0.56614983475071967,0.24248628261525904,-0.061274426130831214,0.83222270954001631,-0.96215359849892634,0.77127092532160602
-0.9428174601701681,-0.01349057441820075,0.10754125077904055,0.81115370510531493,-0.36423011125229587,0.28122303865324899,-0.85442267313840159,-0.85363836302166429,-0.95823899817062197,-0.12589422495966002,0.050458785740053462,0.52614456359307338,-0.71706846567761351,0.50310930911433993,-0.86237580846184536,0.030022844690181898,-0.94243134668023876,-0.48462030193057787,-0.020767758915318041,0.5125839114183528,0.5281950901344894,0.78573759185947101,-0.01815854208541599,0.93432690153738873,-0.85020187687486426,-0.61180182996155208,0.48329192387730202,-0.14434134310411442,-0.70929570776647455,0.71749338400328022,0.63666099872072146,0.12177926815823936,-0.43822259809287251,-0.48071413970796123,0.89077254985047427,-0.899913526852131,-0.2918304322264807,0.28992991452451683,-0.414111888673796,0.030329097496061174,0.78274128402624943,-0.2505339534207538,-1.003367955838351,0.89063775387491739,-0.90020244453620402,-0.26617732411206751,-0.82392429228186492,-0.93418294732492546,0.47917143273213408,-0.21037494177255914,-0.66169289095654515,-0.18138592848047841,0.31065618506335668,-0.14818489430165971,0.77999931268377498,-0.70975599763051367,-0.59172900207203194,-0.61800473572486792,0.23509091459965395,-0.80352507672499052,-0.10718556919345451,0.67904502381646525,0.39517936413798105,0.55946520796325017,-0.55494923110550454,-0.8699949867948541,-0.58482518184209853,-0.69176397778078202,0.96332149811703272,-0.61911875919351134,0.35887060080187688,0.30060726131592275,0.6273210321499666,-0.77867918716956952,0.41093635128284772,0.064312295389110707,-0.49927012732622633,0.4190378132690824,0.20960481758955621,0.82953351541720355,-0.029192534296413445
0.37522728809968048,-0.6951293244572001,0.021374430689426443,-0.17639744917384514,0.31505846836265661,-0.24685822462334739,-0.31339987849826656,0.20393173391070968,0.68128107958359341,-0.59563869289805116,-0.64643041107208765,-0.12991032024702098,0.48929317538980122,0.98697309808231914,-0.038683069185687036,0.91795284783097153,0.97531607437049739,-0.8999571710594052,0.7731368848974689,-0.7287396004637946,0.7274600890098426,-0.56923800710802974,0.95137288807179154,0.16268955338716573,-0.4055661462709762,-0.78184451464741667,-0.89852111816697644,0.71058055733802628,-0.00053522367403813361,0.58492545926574802,-0.16693019648312496,-0.33468355734871014,0.97538860869948285,0.90336717726791582,-0.43023399736914353,0.88033029332768742,-0.97043664639709681,0.26175708071621728,0.66686923816118682,-0.65239916174498158,-0.32840453785446949,-0.75987341756582372,0.84698785943479393,0.67541856054154115,-0.47127644100599181,0.96553620226274595,0.43615009874597793,-0.069886282940397865,-0.50838121297720995,0.62849923897938764,-0.82336625736754054,0.61438216642119658,-0.29226223345924229,-0.55876507157559407,-0.2648328311541378,0.75497639684493445,-0.72586939247746129,-0.30871256187895624,-0.42768825160063245,-0.83454184476100357,0.48030933708945678,0.18308361722624678,0.56245632868952589,0.76957789835340817,0.89008007124290289,0.21730063311966905,-0.067557096725076496,0.80041851008011522,0.572983344867804,-0.18777730079078234,0.85997338256032319,0.47006020522603725,-0.2737088482278473,0.66418893348528618,-0.80409409332837412,-0.85649500817580149,0.60124061237050663,-0.048352203673081622,0.84345298060125595,0.0623468295884008,-0.55748397743082878
-0.38944576318343982,-0.77445852803579796,0.88826702410052449,-0.8298286459301748,0.44125159993966029,0.1155914951901261,-0.13233983943866187,-0.16817874586067855,0.21168267383065184,0.9233370278650741,-0.65542419425745024,-0.031017530976034671,0.36714715790341129,0.94475778494575691,-0.59756927953582073,-0.9480861279193904,0.40080292010108909,-0.25616608419660841,-0.64900946034816198,-0.18159550564151422,0.73312847941803494,-0.5578171398811792,0.43031036435311237,0.27360747152565962,0.79156744911230092,0.82003620398298072,0.21736227930396709,0.10150131887467052,0.39253103528481631,-0.95176266170025403,0.37664715177780961,-0.76867594870965106,-0.23652202892898155,0.86652201588108069,0.094808931673909469,0.83477417693997991,-0.64273180146048847,-0.75664269668770701,0.69548294711003533,-0.15345034664254953,0.57990607506154668,0.83674773364955124,-0.99172085975181756,-0.042581287768497275,0.040384785259630553,-0.7968413015257777,-0.74363069004597859,0.64469595521965251,-1.0053493205346344,-0.46397618809604668,-0.52589422622691528,0.98677166638625313,-0.57308561512290779,0.83165124750806219,-0.38149973698755779,0.67134278854780272,0.97330816257390318,-0.73915628023824664,-0.29556404708205825,0.16745317258557152,0.94794084220238473,-0.25906814134010536,-0.85235753833467975,-0.71206453337195386,0.31415253998277382,0.78103819615509562,-0.82522960339701257,0.47963923715354068,0.041808256167163868,0.27620667641284158,0.88644489574381879,-0.44046773890536195,-0.47944283712400859,0.34215187946325104,-0.46784996060619322,-0.83637872984059924,-0.70110679570536616,-0.87304607065694473,-0.75679399806651526,-0.44801092126804043,-0.022177528100954001
0.65919230871475887,0.52708662941769513,0.68957896969396815,-0.53356654956145899,-0.29840496375270908,-0.85185622197100097,0.71825925193565454,-0.75532015584597978,-0.981652621177591,0.60650080607380685,-0.60994451941584216,-0.56850534889517279,0.94138538221123547,0.29419805632191209,0.13969136468456397,0.56030319978250309,0.2229558236232724,-0.72868118221334155,-0.66975225761489965,0.42985680859359815,0.0048391662366280659,0.4593220941344266,-0.17299935729537849,0.51728188515727558,0.7984406687655925,-0.28920513372618484,-0.30375553020539048,0.73933911223098847,-0.70535236875303686,-0.91423935893047847,-0.66995185568382853,0.94764575706097542,-0.1746073065185933,-0.77385334252054161,-0.17741398467472047,0.90864516332180201,0.072612215635365268,0.60121377758375671,0.84895814899541755,-0.86940638155408656,-0.75581335077989853,0.42550105093283824,-0.71890740716571055,0.39650135950544951,-0.034217790532032756,0.96532455557175123,-0.77022471044949559,-0.5088052200588753,0.65692541212434796,0.25976185647022187,-0.068166308159103184,-0.51337162190611529,-0.47513485915569409,0.69238473579189441,0.36271753462411516,-0.18635047679725003,-0.30539039906972743,-0.41294915666774634,0.1360626727255658,0.053838372682004074,0.66122799109881947,0.61200507674219928,0.42745522536685954,0.94737696976156327,-0.55556839297238891,0.86208927266869806,0.76611439650019497,-0.015844164923045224,-0.57245060076574461,-0.075834318968328998,-0.40515403602808803,0.21079018554063456,-0.42729851248052086,-0.79146638582036999,0.92291599829822923,0.61946016020318651,-0.8777434251570001,-0.051338759317813273,0.80560316210216909,0.33840783554768405,-0.41284470398145517
-0.36454886717398233,0.64864483899720637,0.032166484580118553,-0.88666369282934776,-0.62671805465683228,0.91294786212315615,1.1120802894023529,0.90948934164616979,0.12474408494763875,-0.8522967806771814,0.35358800617715258,0.019006039039019568,-0.78667119189135915,-0.17041193211035138,-0.74496252485641445,-0.76246706632446415,-0.20629164540232056,-0.77660152040423092,-0.084001447674398919,0.70854350546417177,0.90114850962565018,-0.12247571372637062,-0.70795853513504015,-0.39924533683406793,-0.71333748743226488,-0.76936399626642349,-0.65066079793733789,-0.34567900114459094,-0.57744011162943187,-0.51157316011009391,0.77493633548522678,-0.47232017541052035,0.67026979357153005,-0.61704670772229187,0.64318750769230093,-0.38279131525325272,1.0223064483699764,1.0839773168052618,0.51154313426298259,0.76106058948399491,0.75381438178415405,0.052780696933345854,-0.1725429892786782,0.36210905706121538,-0.11389367439191364,0.24914488115404562,0.0043107400257482676,0.84337367499167315,-0.31888823641008013,-0.23557342679218402,0.65986157481800989,0.60333014925972162,-0.42104059671843386,0.84216788501472362,0.54834295172597858,0.057388069863400129,0.15162995453588543,-0.39272674486906889,0.5353021364806676,0.79461515280446648,0.57473734953692823,-0.8834753086135535,0.93997231108400869,0.053814130980412517,-0.89505652043056383,-1.0714760933715954,0.054250958899980765,0.86623114293117487,-0.21086162547345269,-0.61019093610285913,0.67660706134057913,-0.64878868466424877,-0.37754862396582733,-0.7341157121541898,-0.35171295275195619,-0.77154192507780439,0.27379885973103468,0.91355100037447856,0.87152142379804709,0.20340418062159965,-0.5742622832910359
-0.39374938650398789,0.86509005789342253,0.93037116162665101,0.2829950323217108,-0.37572081313815431,-0.80260481796385463,0.65281311536674236,0.79744996664482992,-0.76949122633249878,0.74334852697843101,0.75480316505315215,-0.2189852643648324,-0.18691846613191887,0.25763796484784718,-0.3788737767639323,-0.74015100300590098,0.67315830254348663,0.085490376385289224,0.13274253906418124,-0.32838297727743654,0.80434209393042611,-0.5332488331913835,0.49830813492196735,-0.54481278581247861,0.24733204959749761,0.29749919555345888,-0.25005081028314924,-0.93796563385855392,0.7780347370220897,0.82825198809082412,0.79123629484719971,-0.45047884490452611,-0.66662796473142039,-0.14222741084533611,0.7912839215020836,-0.4056197756186285,-0.041199243942114154,-0.081296618337671267,0.61228284210399453,0.075425217354216659,-0.57634444246373018,0.85484074730887882,-0.23604893426419171,0.86641567147887,-0.16852981493961289,0.6488388422155944,-0.55469216325060933,-0.77191065110209489,-0.88116121405550374,0.54226969099294042,-0.69356789359078852,0.67244502968196018,0.37065788461554217,0.10280880530391245,0.78672807832968994,0.86539267862312685,0.3491198845728653,-0.92893088644326804,-0.56986307386094415,0.80380420718210188,-0.24332789698966162,-0.038644755771748265,0.91428164767905651,-0.75627793916828978,0.98747673883915243,0.99405390078591949,0.4291995675599945,0.1740157561084425,-0.025222067619407762,0.34280215836076067,-0.56767679411409466,0.050282294653479151,-0.34452279737334707,-0.44309255077249465,-0.40074581387217578,0.11119234672430106,-0.50571260318430145,0.36196575675975157,-0.93408944428750917,0.3686721649127781,-0.95291418946366535
-0.77950304690220928,-0.18961818134317129,-0.52962737710366059,0.85429330205858378,-0.22423791708386651,0.41973091015037661,-0.26223243488822301,0.1346160359157936,0.89354527647326765,0.45542079840511918,-0.32868112767246443,0.84158032099984403,0.67287862696923262,0.8156363268159319,0.24740396525901717,-0.39476910762398976,0.38664152138762203,0.024337243101663211,-0.61065077427802428,0.065795772384031628,-1.0022908909194104,0.17963929381550905,-0.19324688279333743,0.010141689267380745,-0.6304176340652351,-0.57664241768294988,-0.64711643891558823,0.76714753792765888,-0.08044308327578166,-0.88990694545092364,-0.6639971183403629,0.2451499110301405,-0.56306337561124353,-0.48459027353929074,0.022087017899473513,-0.67263966267276354,0.84786048998993579,0.89837891876506237,0.53361736569768969,-0.60715907723442097,0.91825623664737155,0.14914493029310058,0.37390396987114055,0.13736586871902084,-0.087347183805191644,-0.18649679037507969,-0.51479088752327806,0.89672759348667885,-0.80544946985150812,0.28269747705546278,0.012815727637824459,0.84415056330140303,0.18467386879665737,0.44764965509314147,0.41292610444578814,-0.54280114733795215,-0.081489105999042646,-0.65587187359275712,-0.37058987095470242,-0.90072521859807608,0.58225767245249693,0.43959675014184002,-0.79510685332464914,0.84807621391091992,0.43091055809934065,-0.17553385793508644,-1.0359930516223488,0.10226092664840784,-0.076709525562537337,0.58882253475276147,-0.92196511516838042,0.31036855469941332,0.85465660529367893,0.78245772470714259,0.4707978567693234,-0.59558926611090568,0.36937433295527483,-0.089618114589148701,0.48078146188394211,-0.48867034542276661,-0.77587268829179057
-0.13389124791590476,0.7820274137867268,-0.60818848701216188,-0.90919029915273475,-0.99375377976138068,0.44204027796955231,-0.88929747228122902,0.061823340950794954,-0.91440505995731403,0.62122310521751001,0.80953280936394378,0.43189456464502191,-0.79472394361458776,-0.028145129258718673,-0.46799947294970129,-0.87511379747208418,-0.072770881755235661,0.022377392426103059,0.88972688142310408,0.66013640461395495,-0.58152960921541186,0.10933579446285005,0.80222231753547235,0.80579346342932057,-0.39021767233778853,0.34202585956485232,0.3379979002077021,-0.43239033814434008,0.6493510200481224,0.41794384368496335,-0.20747178432327359,-0.82020657834505184,0.14833875062445528,0.56323365061788444,-0.81456325610453717,0.87274053690003461,0.64828303884908989,0.77447229304657195,-0.12804510356228624,-0.19762961092015302,-0.75784715560414329,-0.80735120196161048,-0.82442125757657025,-0.064953466261203172,-0.083478962420212285,-0.21794682661602008,-0.80816046042952494,-0.31091425694363539,0.076598230999445446,-0.57806204041542175,0.22704856714076271,-0.4186554628473903,-0.1164600140946308,-0.33799084279906177,0.74547260780709013,-0.78150442315457336,0.46446430131745869,0.30889864501054637,0.90958567640276933,0.60141674005785106,-0.8014760961624009,0.16900521423196319,0.83855185118987818,-0.7426375525263551,0.25552914106778618,-0.38399090645342976,0.30782461369882391,0.48220080458631498,-0.86759400090960326,0.21970005751965122,0.66508063738716183,-1.0102299797791847,0.6251227046409793,0.92334874233000974,-0.96834130309660449,0.77092032317079573,0.069499573626501887,-0.64116143965806827,-0.38672031374105692,-1.0163822417733965,-0.54491897614722407
-0.24686693776888038,-0.29617253037625374,0.92639292764593173,0.59445248201801482,0.12895479091451542,0.54727989381606879,-0.52717776510390069,-0.075411617679602944,-0.17601478338576887,-0.3425406124291791,0.81624569603064434,0.25839075751302754,0.56904318471059134,0.65096583503470207,-0.54625778552617366,0.15117589547599278,0.53433086509182792,0.41669095880779805,-0.12629533885481364,0.72017935084330209,-0.20788602451899924,-0.73208688116344456,-0.63994162786280351,0.41119783055820924,0.81089984553715622,-0.12421662116503741,-0.83158647285192411,-0.23349385406309964,-0.060226294670326155,-0.66682465325504214,0.043049585262908842,-0.40075387120545419,0.23391153532856215,-0.79173417291632431,0.32628848833152441,-0.73587654868551189,-0.87881653612233157,-0.20088191052701421,-0.14842574052177332,0.92600105470023075,0.54968746246066436,-0.056028586330219156,0.20631969129263433,0.68507255587122295,-0.074619555580501623,-0.96296747711779929,0.71050547417009591,0.36207697281014128,0.65624600970189673,0.31732947069880457,0.36759987107008674,-0.11317699464244912,-0.63166691771725447,0.85064456682885159,0.059575561969024804,0.3783439872378761,0.65826249603295484,0.17108371509096168,-0.75822668708949204,-0.37403499397222001,1.0047024051340616,-0.4720592106435384,0.68035317788603555,0.84114313191307855,0.95091058103400294,-0.3945207140600912,-0.37454781990194569,0.73579817738822162,-0.96372504525451685,-0.12583309658971978,0.55422178438861469,0.52026317305420755,0.20959286412396394,0.42673806172356743,0.23109783666977235,0.90842152322720526,-0.70318540210263381,0.77018582854739304,-0.8708939704652745,0.28478985889444991,-0.10020354775565453
-0.93968027951098931,-0.22784657407193351,0.67602174611087984,0.73796814494711416,0.73482562633004433,0.21703404155608849,0.0061691990769388357,-0.80317341653515451,0.11497905128904359,0.7188018294481725,-0.85930122875391157,-0.44625089176871185,0.50068792599031176,0.4428485477889772,0.14664009568447409,0.15442926709993024,-0.04159948751679779,-0.73851152012631904,0.41314928513884736,-0.97105060204858462,-0.6182426459928585,0.91567100328205508,-0.068997447477389215,0.77839638353717366,-0.84916701016885232,-0.15894944442285086,-0.70898909730853643,0.7911392212076217,-0.10915470722572641,0.27997865521980558,-0.60636928674918167,-0.76290514408444077,0.083990348203540871,-0.93841376921874331,0.32412426235118708,0.95646677599693941,-0.1061512696688602,-0.29405940178473988,-0.58121832462532186,-0.93289451021094716,-0.24704179187233435,0.9036347018562938,0.031158985649005006,0.74158731550496093,0.48355771933632996,-0.44048307160592531,0.25516579264342848,0.49581867244124883,0.59511315120465169,-0.37177028410288782,-0.1846903650295908,-0.51164077525009377,0.22790528021310696,0.63530732271143497,0.24292990825873439,0.57528770112449679,-0.19467805667782856,-0.73481005012570666,-0.30326125964222184,0.47131931442478497,0.55316322466836165,0.23468542189047556,0.99970898295207389,-0.30046860855610719,0.82562146289536942,-0.34093550804223899,-0.031406080522172586,0.29982137983147183,-0.54094734460011262,0.47198721046402631,0.41546372331264575,-0.7774271535217292,0.81664390835668554,-0.90357460025407832,0.14503757963522482,0.6434169884456189,0.12968510749342779,0.41474355306044941,-0.012823589955471112,0.95587462658024114,-0.80452202712228871
-0.80102678430643337,0.49085379551815267,-0.96589978692438461,0.38254292625309011,0.58028625001246026,-0.155420848590828,-0.74604514281774348,0.5621547356603438,-0.38323219643836637,0.55122497858713582,-0.99580100207724676,0.48005092117267334,0.3006617337236841,0.47287925447419266,-0.81937129391242491,-0.79706648802162794,-0.54138410594511743,-1.0447588373053127,0.52386512694669662,-0.21544552873784231,0.10422165763500435,0.82161582468317707,0.56859168938927263,0.054614663171946416,-0.78514233389637189,0.48039046640326144,0.63109913960713482,0.79866125714212799,0.17696331461306403,0.38455334281010822,-0.60859384909034631,-0.1923586212158602,0.74179535994874302,0.55119309831138108,0.84695995679416225,-0.47722583578756744,-0.95277078082632916,0.91609392183983751,0.36900564563031613,-0.24991941371526213,0.42866351484533272,0.20670782352200798,0.14923921409495722,-0.33491786097714327,-0.21415865123025679,-0.14723718018150078,0.30504044529237628,-0.11487480603179251,0.64713614564968114,0.9811788984563965,0.26759337423113982,0.050415556910395454,-0.48551143749323145,-0.90924396550785236,0.75952978637849533,-0.53944828292691516,0.0087624125174434221,0.94123496910104221,0.14889866126255569,-0.67754700143085522,-0.40400452714143048,0.082744557563666485,-0.95546706382050772,0.64126589215620522,-0.94571921798686798,-0.72419689611692151,-0.35180653331673228,-0.03430450339504626,-0.18804736718698278,-0.35607103983458283,-0.46051065551462239,-0.76008326838538565,-0.13856649598580659,0.088174797395056223,0.82890114660241399,0.082174760514178852,0.2005280430004738,-0.2563727663586548,-0.78294396076054107,-0.20533518576822643,-0.78539527181326829
-0.4795446690020051,-0.53815207728718162,-0.70134888072634005,0.92761077318438878,-0.64628637556500457,-0.15202730384923913,-0.86915030859071174,-0.096011874712792572,0.60382244589706513,0.017112880939205825,0.28966771178243828,0.7514990706314042,0.93336853262375863,-0.74189831573226372,-0.77215359511065274,0.54116553621179386,0.58291963688305226,0.037936211141228346,-0.67146895736985268,-0.13778876922957181,0.1846099272050814,-0.25690750858629291,0.74331191623445536,-0.3453053772409263,0.70871212500256142,-0.5136372880286556,0.1709718099936185,-0.49146488843512842,0.18298664213703117,-0.93687565729389011,-0.27651591445164841,0.44449913555247489,0.40195791005738368,-0.58858578905924341,0.43267986470571734,0.74970906094120948,-0.027349135971494187,-0.38659105086283863,-0.39739104896947619,0.56932251979616755,-0.4587838281492253,-0.046575098243712656,0.064259300845959239,-0.44934421133771607,0.23090074005869843,-0.5458407207806536,-0.16284840716951032,-0.54863858350386907,0.94478550716167675,0.48812209856757943,0.63675550968720263,-0.92330186683425108,0.13514066695645788,0.92846721224589879,0.21684675043642132,-0.012245493199363843,0.28287378701959076,-0.028270707639762725,0.52293222853854793,-0.44581535127219984,0.56426632796165921,-0.057175859482930698,-0.10010988356571558,0.13364032147178154,0.075482777719992303,-0.35966866861063596,0.61618853429125009,-0.11314125312924668,-0.63890935850100561,0.65885268717020073,-0.5138833390561377,-0.28607765709073063,0.12672810238059989,-1.0008005808550868,-0.62260867175652523,0.27392348802915112,0.91519350114744713,-0.22854065027936515,-0.94877407707404726,0.56974490041503456,0.6094215955125194
0.41843167888513205,-0.70135607609573025,-0.87071420215052076,0.19788968514392827,0.77027838802150395,0.16451340237529125,-0.6263393502878053,-0.70937563746380916,0.69524794595015271,0.52853237002152709,-0.96721380581660399,0.85104555887091971,0.08047991597677584,0.8285430736216578,0.74860634262829695,0.60856730302978557,0.25490397129455827,0.32812972147465153,0.19837775879542474,-0.053150945616826033,-0.96280695532384142,-0.90611389251585006,0.60982583204329954,-0.024496124367990844,-0.71038777383700036,0.5336377431943865,0.86188337690614814,-0.58193533624167704,0.12262342395161528,-0.93735317206091451,-0.17084030576008141,-0.80369349044456107,-0.57191545846741421,0.33380769695576978,0.033863033249698617,-0.10519147007836693,-0.21304792689574953,0.4192574357236844,0.71365344322625257,0.35652995563007361,0.57958285907420826,-0.94475019716931619,0.16665646701021697,0.8463958652267366,0.080838353037650718,-0.55331410604802422,-0.14777852432046751,-0.81756868572510666,0.7586694261615301,-0.63900321727845433,0.81651547165857341,-0.32639753438682362,0.066638232851919721,0.031887768205802081,0.067728362161208588,-0.23028380533262319,-0.40617404777442234,-0.14842009398973535,0.21493148925124078,-0.66553891625609007,-0.61582975405507245,-0.28328571780161799,0.12001965086564161,0.31412988052637097,0.96299841085801041,0.50310716576665926,0.64146649611164852,-0.31512768701613808,0.084312835872091568,-0.28041158218989976,-0.78134284793229902,-0.71508212498757528,-0.92171655409559661,-0.90414970403547346,-0.096370923858861784,0.38749687655948928,0.10365139145798419,0.17747258687216955,-0.60075036207923116,0.097862273114104573,-0.99036696680607406
-0.97701814898089234,-0.80285049965372435,-0.61003699555900381,0.53087705636644733,0.56239570763430502,0.8134143938085161,0.75088170258926934,-0.16922755947395546,-0.68630756910746171,0.076874762871468494,-0.55244074203524274,-0.47742937819837705,-0.240520250289771,-0.30800225508888562,0.83776483050364103,0.93973183865304966,-0.79872207305116627,0.72471808716210806,-0.08687585708556668,0.065203008523550599,-0.36741490757716411,-0.46657389461617754,-0.73707598589974577,0.69280084350872018,0.092533269086511341,-0.80547667843005244,-0.93802858539829181,0.21655329146435132,0.10148843749988788,-0.17941268608653169,-0.83847680021217541,-0.74291399752684406,0.37363056593975341,0.00078766913359923081,-0.066508475911321599,-0.0098608743567122365,-0.9589772594310455,0.25074246734297934,0.61643839963764013,0.48869532852900405,-0.31798541354364135,-0.35006272307040853,0.60403534701023964,0.11577518745875386,0.6651667279739103,-0.46814468800855924,0.77437223392834864,-0.79069692889967658,0.23263575685307397,-0.56185300348598355,0.82631860798680701,-0.67044629098283981,0.96774338300376228,-0.25662301113862029,-0.98928884763624814,0.49098634269026842,-0.71105106495529224,-0.18060451747260287,0.75028710185179925,0.26509279882580378,0.13121244130750082,0.78137845022799568,-0.5497434958240015,0.3037204623196319,-0.71205949502092325,0.75679652661760055,0.16491483425174813,-0.910778258842459,0.74126647494206599,-0.043176108968468956,0.5733597453093523,0.6434474622864369,0.4887712251607117,-1.0036202187463805,-0.79857285589323901,-0.05311511469125596,0.20415676116341722,-0.44617940732154754,-0.56519896347668452,-0.79847893085419186,0.93887652315363168
0.967763501081633,0.051535927514215082,-0.37860520805938547,0.34966404374587085,0.51792490773496536,-0.23398919048282865,1.0186256958182964,-0.43500355246819544,0.49910002090707856,-0.39634710147017432,0.6559978789629799,-0.59173121082636604,-0.75836161522136902,-0.35714205743107552,-0.12836763197407172,0.28958236654437863,-0.027347825856848442,0.1656229093756468,-0.62083544728493079,-0.88621176173307581,0.29576497514963085,0.48537161383593386,-0.44700016316069191,-0.35686187895679272,-0.63606599269780006,0.46001788853101094,-0.34707808598979478,-0.0044981419286533788,0.25180802380850459,0.79600396355716263,0.89455743957263045,0.046501740257282854,-0.26733037690912048,0.32188062692729591,0.50710220223448499,0.76524806565149583,0.25852010208252668,0.95041823012582516,1.0116426026144218,-0.18986135652216291,-0.74861255191265641,0.81617381315173865,0.36022706291543632,-0.78635579730971816,-0.428664217139887,0.38884671413967875,0.94198223886151877,-0.67415512944903166,0.2024965796731302,-0.84293953298558411,-0.2964785852386409,0.16228347767706497,-0.28326614036950248,-0.076551259201360633,0.41620762831051938,0.031285405378934247,0.41993131209485762,-0.019664730924511598,-0.51478847223265689,-0.70747131127594876,-0.12163189126573787,-0.69145128038229209,0.87212397183139545,0.70028232232959309,-0.17948523288424814,-0.87299424467325637,-0.62705919475833349,-0.24378987795746873,-0.99397704969447964,-0.3502712337041618,0.77135605029249898,0.25730279033839393,-0.71868175420324809,-0.54097167574962535,-0.87708318284215336,-0.4796206185547377,0.52868862305593267,-0.17729577189857185,0.14971632929563777,0.32327518874357108,-0.053402333188548923
0.85959726240929868,0.53477522156632873,0.49410438516388144,0.075451021607484431,0.49997205529381678,-1.003126197620861,-0.58981095291636165,0.30528735063286411,0.88849216398147013,0.28084860507847886,-0.64565261154347575,0.0029088520328931764,-0.5805614609576728,0.030709151792144864,0.57106638550415423,0.55231065066304597,0.32090107049834593,-0.8837158794309169,-0.38747147819858729,0.8417865210596237,-0.34784658267006779,0.2656182894473571,-0.26996748055492054,0.064238737315489278,-0.56625746223709961,-0.018933194416925207,0.38733169624242131,0.35844635653572787,0.94867502183352526,-0.98800920173162654,0.74648744180743853,-0.46161889303966963,0.082531466349909627,0.55124444291784536,-0.79018168658625332,0.53915908852869932,0.83284974536597789,0.86426699882925417,0.82045121895216722,0.071477019309058268,0.87246398146142456,-0.47538409230383449,0.3453126979983307,-0.74801279805346155,-0.27990175147395452,0.49921940892868039,0.0065254495976289073,-0.39083524108464979,0.42979485306668375,-0.62676971085669497,-0.7239228930261612,-0.55659783482557268,-0.70471038901963445,-0.35919341213277534,0.93715235801197205,0.18968154236705914,0.59509521913542796,0.7176279740647884,-0.78455920279099545,0.16398672795514893,0.8080917378907102,-0.41725797595798914,-0.9857548179821598,-0.22603184354603065,0.75021355133026102,0.32847988204118445,-0.99420936819414374,0.92650575058776874,-0.095336608720039656,0.20288453785682359,0.36548779880518362,-1.0156147102232809,-0.37588974197508851,-0.64816843878141694,0.14742193866329564,-0.2837050708293693,-0.91718558394035188,0.24484715120024525,0.27515517277585766,0.8812267344563226,-0.64060492781130574
-0.26510193818095878,0.41932093873895698,-0.31836284953480148,0.77148496109904185,0.66801952333350445,0.54255054608503805,-0.57034054552937985,0.57781846481100385,0.14605931896460045,0.38548420949560203,-0.26247310852268474,-0.052660838608450812,0.23134893436115417,-0.13439102085132368,0.76349364117827245,-0.61856160830218754,-0.14780052225027687,0.0069269999400515397,-0.76474258895791791,0.2866044471116867,-0.3326634747214206,-0.58701485574739298,0.58041893933235711,0.97723075735950804,0.70424203211888625,0.24060225066337479,-0.82533976878735738,0.62343874972044522,-0.40829942518232321,0.56366253759166551,-0.73139935122674782,-0.53408961958117263,0.21005378549417625,0.36686401140710417,0.29855951775957301,-0.13978649022299541,0.12796016845828384,-0.53178917285006433,-0.85209084640652688,-0.92538435258416074,-0.68742803760973592,0.34579939022256045,0.074612897294859995,0.83538555438319562,0.71203686257021448,0.75054279687840331,0.13688264004786146,0.32910938350415886,0.89647163400232077,-0.59854958137446612,0.11691018084020777,-0.31463894618866395,0.48040977715574296,0.18597057755933388,-0.94822238016787386,0.061516622225224298,0.80126358636011485,-0.80518371316875692,-0.86613310872438065,0.38181781733863329,0.64078506427522575,0.0076871277605812006,0.44785248058082028,0.41846269642342521,0.078096759982744055,0.24764535648751584,0.60253765499262801,0.27918655418243005,0.016880592487296942,0.30428131357182131,-0.57524062278374077,0.23007578012283919,-0.43350683423921493,-0.9813601041386818,0.63849113058232843,0.045604273756831397,0.49139981543704342,-0.61993237239821164,0.87590502351667276,0.53351361932192243,0.52656920599281132
-0.28084912669220141,0.11205991413834429,0.036978977322240418,-0.55927579436164854,0.55854369811195659,-0.34134698465056212,-0.60679862095592829,-0.41953781199891488,0.85829236270571596,-0.30648601082851284,-0.78254606092711843,-0.16224161166706957,0.95568632624805006,-0.10121979910580514,0.093423846454915596,0.53146621022103258,0.44158800634778866,-0.45907250990721987,0.54618478765050404,-0.61477855026415629,0.89852430199988886,0.9358540184800872,-0.26512617584801301,-0.26576850272965608,-0.46975437514775009,-0.035629398752976049,-0.034009265933767033,-0.28226719320204663,0.3576415173008704,-0.66813552745661398,-0.051194455368443359,-0.7700472666553495,0.42123909128084419,0.91635916951999208,-0.80010052468197423,-0.43660848866733221,-0.14980537327675608,-0.40743033656414135,-0.54698167707850032,-0.45363218936567767,-0.86371444827646771,0.49367471116009487,-0.69097073610808324,0.67380001122714916,0.7211605141320806,0.1378582752906149,-0.93521074653153613,-0.47502479551495447,0.77359061148857022,-0.1595718475690231,0.66417609431059188,0.8103247922568606,0.35117975938080526,-0.85885423040735898,-0.49653919292116355,-0.23664338945113692,0.094788943268516501,0.54095352745900727,0.535878995072534,0.52455452169149697,0.31175517273968434,-0.55469641641950118,-0.55593017074999074,0.6881102699104702,0.30722778251675326,-0.10990253887226385,-0.072503271979022635,0.38746519651218198,0.65746286066336901,-0.3446505299220331,0.68780933231736019,0.51012135805648762,0.36484976698215016,-0.01920713570762541,-0.57168437268132322,-0.095960185048162228,0.78320050569399702,0.56496252930199231,-0.13785519883107986,0.23935568126574941,0.6973718657065171
-0.93324052469907004,0.58067932220830265,-0.96247051540099149,0.47535154101936261,-0.25158084053829782,0.4681079252592299,-0.07686847006129989,0.15608797478081182,-0.82028242783980176,0.99715280489345692,0.34523353182294997,-0.30376867012210423,-0.19101313468630465,0.69584368047660172,-0.24802077363717495,0.55640149844534026,-0.39507860035047454,-0.97407958272602324,0.87794738943054673,-0.49198744913243592,-0.69302279588471638,-0.5018276928968739,0.036921276324980788,-0.47214946754634091,0.31677254009130201,0.43202548688900944,-0.52110825391796645,0.16256884511069961,0.48571564064574896,0.83001727809156844,0.44287020251300496,-0.63773946972685192,-0.36295517185952991,0.64171552279077493,-0.33940384412202113,-0.8751131892076599,-0.74909876182804425,-0.49150228481094665,-0.26059752518429535,0.94679251324688585,0.1937539333536078,0.34702079647004369,0.43513888773510806,0.12537287651349285,1.0132880633513157,-0.50508247830690245,0.96162881184471538,0.74924679504170788,-0.27256966147090256,-0.76304898389908127,0.77189950757582015,0.22027101449738162,0.8168399191327349,0.4846763873571398,0.11712922574307916,-0.20562310643216974,0.52588759879013103,0.3907040366369598,-0.46664431913090276,-0.44082586889740955,-0.39725037027844745,-0.28030407798631457,0.6437824968965018,-0.59590471913064069,-0.066481980448356098,-0.29473746793348915,0.16943747291709921,0.33547282471182965,0.22975036495098825,-0.26443025878037174,-0.61752570016416852,0.21377953445712891,-0.6105261347719767,0.35226912778323205,0.57901355886655848,0.45647824090689498,0.52582456401173883,0.43089498795743342,0.463911267114057,0.43940680953220457,0.27780509930451147
0.91577577586557468,0.8382518493281409,-0.44058837374281884,-0.58488751249891802,0.7712868863104948,0.92474975321760033,0.35335924235390564,0.30461605145757248,-0.83283888476860091,-0.77983897014619707,0.7749128375989528,-0.0149839688775963,-0.31390289080991252,0.039202720016106779,0.67037063508505701,0.20336838118112699,0.57372024836729574,0.12119790296572801,0.44426345580284149,0.56515643684883543,-0.46135801176036567,-0.23288155977272482,0.72857523064269847,-0.63004316334529198,0.87121637882230651,0.30107485521217969,0.46442163032997819,-1.0045572559954836,-0.92118546345079477,-0.032869726966426559,-0.93212241161528786,-0.7298654307488055,0.82686215327868717,0.23176458393066338,0.86765905445974612,-0.019683149825165235,0.52129855496743716,0.30765304857813286,0.88271566804538815,0.32913994346379211,-0.52449109130125371,-0.62697737448944291,0.48043581845757377,-0.11932545032647578,-0.2608143277342162,0.2885247266691563,-0.49068628458227176,-0.40175033100895552,-0.84667911895193904,0.090955502316535514,0.41212167151950374,-0.41041492615393849,-0.21039789016086341,0.43600492883195363,0.51346659652577431,-0.19528264212018231,-0.18180206797801854,-0.051343533448409202,-0.4693456405209408,0.81912766058057285,0.0068317757814802477,-1.0202462011259301,0.43583060931320372,-0.53491412259111892,-0.87628629210315478,-0.39804746970594529,-0.61873179901450837,0.35779359953403084,0.78697803689277446,-0.64511399670599801,-0.27194516068486629,-0.81071049700815001,0.3354614930480867,0.032475172192240345,-0.48734581269554361,0.0045453309922665703,-0.57837966192115875,0.69224301907333419,0.57818505530708852,0.0085882734737674424,0.67743543630150294
-0.34154696554480318,0.79573373254149682,0.20015030891865479,0.012012715991789472,-0.8525551615275293,-0.58041780828988243,-0.88252082738509963,-0.054361807180051187,0.75344997246234469,-0.6992731130906561,0.044221512674300002,0.60840311397025104,-0.071405252599352459,-0.83753978260665629,-0.39640160931206464,0.12830979138522786,0.16745624701952963,-0.58795849871329886,0.25462123361846289,0.63285044233137722,0.38013008069577248,-0.29498013480299723,0.1944303139222068,0.35169269475017811,-0.07938486180699765,0.42376047251156623,0.92660840148074497,-0.46864817003471176,-0.50776964492122256,0.3802554455528227,-0.39558117677200993,-0.56741749775468509,-0.48551999350139807,0.37884402743406181,-0.75208067291222946,-0.86686875739265346,0.25073335993154527,0.71414117890629436,0.70294355911111273,0.64467676555262832,0.65846185856362982,0.60438707283229864,0.27041695652950259,-0.94388314984903865,-0.19043694046069992,-0.14241410198750987,0.52450819409795901,-0.97869579085508607,-0.033359649350401602,0.66008159695008028,0.35509332602349719,0.49416199852857035,-0.59137103428648241,-0.25829646342207779,0.16541874125293043,-0.58490369609326676,0.48094133820286883,-0.24861562452033276,-0.1339886113010855,-0.947307715821606,-0.82984810622274197,0.35592032480724639,0.67502455650341942,-0.13851487189795506,0.49242897934496815,0.97474887669370858,0.45271839309878137,-0.74254851300170066,-1.0050667249174716,-0.5118973096715187,0.47851429916020283,-0.71531554944333287,-0.34345063982416801,0.27070485192207172,0.13870500894842144,-0.013426996221247054,0.1682952342062658,0.12233580230928846,-0.21247545177812047,0.26668316161181327,-0.33955201746955832
0.12957628756017034,-0.11801498655780694,0.57522034229930041,-0.36779619045920409,-0.79415919653267031,0.82702022344973436,0.53645106553618027,0.18456471497608062,0.5566943861431638,0.03786850147655791,-0.066505626339736057,0.84656957610868733,0.078696057971958819,0.66599571829857307,0.99808453905503414,-0.92467674007936607,0.43906737061681944,0.53488808460348691,0.99634974423562384,0.17601477631904755,0.65996824512332608,0.29412519013423,-0.66882380655908613,-0.46582343458715969,-0.55526534403034888,-0.068024966497843967,0.31805325043125982,0.50195023153941842,-0.55241418308005352,0.44869894179774389,0.51380728415117427,0.65696677104144452,-0.17206299556304505,0.19525267137723659,-0.67714700367711178,0.42935802798002332,0.61964329401204488,0.74561478882485155,-0.84543263317445572,-0.81332493323155075,-0.75197761979632094,0.84158060306732008,-0.29809815171930781,0.075751187064666589,-0.80874732369957036,0.64087509446490121,0.17951461665841992,0.80679233156148478,0.88987919125919002,0.81081309419684222,-0.75305429546863767,-0.089759644913718684,-0.89119802381197732,0.94320312174824483,0.68202497324805056,0.01674232270953372,-0.042465996392249322,-0.66039901640404386,-0.81779108093034791,0.46466910865135025,0.91626719829889913,-0.14924460467576317,-0.5704306353493539,-0.73833629693850766,0.10092739610683414,-0.67394932766351656,0.23118624500137802,0.92842235557397712,-0.061505137717677454,0.45435051357057243,0.89882416437081591,0.98760742226124199,-0.9284196830846162,-0.7560290846845189,-0.74340763235101515,0.3094304410860057,0.29963377656614093,0.55786220047896695,0.70485312421229995,0.13976028787470068,0.88277688987045766
-0.13485593188865153,-0.11646219605609839,-0.54045190225231632,0.90812084506485835,-0.14089413693747646,-0.92087234605128376,-0.37094370305314905,0.52698105585145971,0.37978638793803243,0.88574110734405409,-1.0339804726643389,-0.94727276975009334,0.3718539842623983,-0.15370755684377563,-0.13021122444709091,-0.18384907556324753,0.88052888129685292,-0.10459735036815898,-0.84479059144603874,-0.90730987635637206,0.84942135512361072,-0.38649489660288544,-0.90995296144605553,0.11611116783563181,-0.99958194012371759,-0.22272078211235455,0.19168938042238656,0.29708471471589787,-1.0347739820538493,0.51120719591020758,0.47385339984704306,-0.58268345520508569,0.31844277838615215,0.29044149615471293,-0.50874206974922509,0.7564153902132702,0.81637647613881348,0.60642238452117336,0.25506769187085232,0.093514862477970445,0.56655912306363121,-0.14819172363863212,-0.58739177863242253,-0.3719399358254708,0.76063376735443822,-0.73807334458936535,0.87266492134735829,-0.15876990817854558,0.032606405206402032,0.40996697773304525,0.87577983644547208,-0.13842482720235116,-0.59908175500573613,-0.034343055944030088,-0.21362007692361351,-0.96778362642735671,0.25801142298932195,-0.99712479359802819,0.82004950980025815,0.26161937330245427,0.29916470078961166,-0.87210256592341773,-0.038037024190854356,-1.0239166040780219,-0.10301798727471716,-0.71952369412624284,-0.72545520098983085,0.92482633578590778,-0.79048305664040641,0.75283126070284456,-0.011182584918531456,0.61583233793340741,-0.10765990839951785,-0.70169426411904223,0.46548416235042572,0.38726417382369294,-0.89293704585089217,0.44987563297900718,-0.21532519110466397,0.36473159979038561,-0.080729583877354696
0.41734966933524104,0.0845795894076279,-0.22524444715505335,-0.80353634135910879,-0.72684285275625571,-0.51159727356219564,-0.55356222599449201,-0.75567663917731309,0.64166323634728395,0.2354799353387432,-0.086138122067630149,-0.31250671541748137,-0.30293368140338234,0.60964901415848527,-0.36172238122352685,-0.51233650650869567,0.4224265422757843,-0.40273370508098971,0.16649804603085233,0.07249764008140655,-0.36930968959444616,-0.44711767603439412,-0.32341480262350364,0.47957529053957992,0.093513893780658455,-0.89860057583005548,0.70870269186082835,-0.2522316427801698,-0.90693340856036531,-0.27635407000487533,0.455560041427722,0.8781450957338377,-0.38160983486460615,-0.76369540977163208,-0.85539264099236989,-0.12921386646121261,-0.43274673973700589,-0.82491844107107359,-0.59098219138172003,0.094175265581555423,-0.018995126117449905,-0.67097401870598061,0.19734239964938793,0.24360187353619858,0.59854047541656219,0.78293479977594937,-0.65953960960425817,0.16865866668974983,-0.49558363014156431,-0.78762459778514837,0.39364692614989027,0.022321266290060038,-0.033226352975817441,-0.81984721260985305,0.890521516096211,0.64058322918859523,-0.44513796326664007,0.96630571307807112,-0.13936960655853242,0.75356669547754052,-0.42181446129326899,0.48059713636715973,0.24185187273169431,-0.61442150321636857,-0.69320139853611407,0.10281115096573303,0.57892899317317525,0.13185842100758038,0.34392919796755983,-0.3415377747197948,0.61975487192237722,-0.5317687030895708,0.1335740093323963,0.30999871474363583,-0.67146091774127536,0.40584267831869048,-0.93890299417809742,-0.68356519354783229,0.72246659384086598,0.92680045527036614,0.78200784788260636
0.15967924542153636,1.005116713737342,-0.76130122231250519,-0.14608706711156866,-0.86014365366435719,-0.49388551015776583,0.30106183232922917,-0.10987327626550777,-0.22682614924365449,0.078281579897617137,-0.073050871955530172,-0.88292021843880164,1.0262617274878187,0.7562367267063117,-0.45399895474818902,-0.059276837077189524,-0.17214054232747591,-0.40391098425841476,0.053804971289465611,0.60703940194050732,-0.85073646129163905,0.60438447688518337,0.14877954717550826,0.697999220947218,-0.83802475854373759,-0.7668015413721746,0.015926487899933364,0.18282459093315678,0.30787992082975457,-0.068800856065156166,-0.73531938602332014,0.29172257672201274,0.40279488521910178,-0.85484299845695466,-0.81708177974054019,0.1050669982188748,0.00046618623869151452,-0.60568338052232296,-0.83480818665833256,-0.25961753797749715,0.55004645395581508,0.2280127296480009,0.63866331351261274,-0.89748719311169889,0.33696760898236955,-0.45732312459150443,-0.20863854136662843,-0.82057329366370169,0.10443315407382087,0.83748396595238883,-0.82666646790206055,0.96076976067620001,-0.89561740249774868,-0.10198348736350726,-0.058790432626442457,0.93708582518373251,0.39435733724470801,1.0603046857661316,0.53079471997069283,0.67511349190549785,0.94922853535471452,0.16367621895259418,0.092936986431734675,0.26238563470993959,0.27196915040797448,0.96350374742507927,0.068130007139247412,0.85611786570470338,0.42896239076186093,-0.68479788900517802,-0.30654199367251628,0.80505067996291158,-0.89587834639858821,0.83865487580521303,-0.891424466990693,-0.65103185460678525,-0.19077642194009495,-0.58291257356306525,-0.45225798045384313,-0.36824511947805194,-0.1901487592536206
0.47359384456834741,-0.3808533901285277,0.031796103555020612,0.90998984201971922,-0.76163138629094307,-0.81484478014157846,0.46948616309875035,-0.39865477356834683,0.78723216424611775,0.87913395554998441,0.58718091850867915,-0.8588105823034814,-0.13009010958972431,0.80115665817075921,0.58835254534660775,-0.93011263941650257,0.23137397681361735,0.030976851239458033,0.39374737863116677,-0.33636549450828801,-0.50703207724697186,0.91130323002963431,0.30237606120270644,0.21388062778674891,-0.35227794166466941,-0.057733472303163703,-0.088545837635261679,-0.45184457722410315,-0.49723973169414831,-0.12915645183772292,0.81278227199705921,-0.35427804736834884,0.37184909127697285,-0.16756230732690131,0.64191052871875109,-0.81150607090132143,0.44436100250512683,0.20389781283965216,0.84028741141527685,0.15511537788048524,0.59694412177825396,-0.93332975869418799,-0.38669263805895104,-0.011342992172648982,-0.46442441987601757,0.20140770869673058,-0.087333461064194012,0.3974791272686426,0.54162574032073718,-0.33485409649978065,-0.86802434238910564,-0.82680636613744274,0.96257926029937946,0.42102001400338307,-0.63342671272537843,0.68007378289730258,0.7867086028654704,0.8148931770298542,0.080096229010375816,-0.7587995494613462,0.78203451346721131,-0.83100387382906393,-0.5331105111909612,0.084909374195916973,-0.84578448073623558,-0.032319434411482842,-0.42074375446876566,0.89895934336056849,-0.52937298578045255,0.67151011638581692,0.053954110348442823,-0.69003759117252483,0.58405545794805636,0.86712843922507676,0.30284973824726041,-0.12618998960722236,-0.61632353822368213,1.0025905149602716,0.42888258537454327,-0.3240233315553594,0.7096839339800799
0.94960025863039577,0.70222746201155462,-0.40172814270678531,0.085629536417557828,-0.30825943642408787,0.58185543500068415,0.33137889979352803,0.14827187599308828,-0.31648277302700423,0.53478594635831378,-0.94411867081080358,-0.87407940139735774,0.14457171188577225,0.1705357852319575,-0.40923008257627697,0.8294610316902371,0.33626577317769529,-0.9425228553354662,0.4062828131665005,-0.19817267986637371,-0.32826136854532389,0.87109746974991953,-0.18576903457062602,-0.011470142579469392,-0.74874699829140767,0.40859743725185255,0.16649024097247198,-0.83686146361312896,-0.34605833912669126,-0.59168903129545525,-0.18261478389348423,0.92187555833184565,0.98180153262535774,-0.95920840134874907,1.0028253314931168,0.62727498393051673,-0.5730981578591362,-0.46064243021901258,0.29842961461762041,-0.60268498087430222,-0.68455620361311731,-0.74126215011335173,0.63695387649556601,0.17486350601517109,0.96562749899112144,-0.1635508052481614,-0.57437818910977778,0.7579935401772997,0.41168916370331926,-0.42490560486690915,-0.15532297370104764,-0.65993467038547227,-0.90992461223037413,-0.45911541094003139,0.043732404610526077,0.7814663695563735,0.16406768162166979,-0.52608964642460854,0.47268132127894152,-0.99383158728863197,-0.37554306045695107,0.18662621479996439,-0.48978437438823952,-0.50413040186831859,-0.46885322086926867,-0.97102406726218149,0.70401553716592125,-0.23009568287448445,0.80178892116846023,-0.73790431797571521,-0.13227971253473639,0.87263035612672168,0.88604921938457704,-0.69101707792593681,0.55768479226231904,0.23144969665138554,0.94221953580780593,-0.20490900237111698,-0.074717339859798088,-0.53446686125624265,0.20980899919751292
-0.24220048380496603,1.0048329777910061,-0.0071547411390579874,-0.35217171638014733,0.50254454301183793,0.44071046729064806,0.96885478714610096,0.82247311575247517,0.99915631203290167,0.37262353280874821,0.78901023679468973,-0.87569395672066241,-0.57979937264351555,0.28943062205265024,-0.53749457477527596,0.26463954123879668,0.26491850699678449,0.77326396848282342,0.018708218047123019,-0.559604037069521,0.56848367399938271,0.8136967450081537,-0.17940833080924798,0.89217052050119772,0.88030070191485943,-0.16494921946221169,0.12929669380246187,-0.0029466402685572012,0.65708973310731356,0.040732595492572611,0.40934574406825347,-0.64235965496643999,-0.30084075983208269,-0.38245016339366916,-0.38631461928538424,0.7218369768888151,0.40867119273178448,-0.1687889164779198,-0.12488999283278839,-0.85929201140788858,0.17822322369050664,0.38798826363658961,-0.98084575994751488,0.13962934158907914,0.92229811648569771,0.97611950313561757,0.94696604273571139,-0.22328662149587647,0.63962796119859322,0.24871079068729388,-0.1896430443354381,-0.47530305737576439,0.74147856265298895,0.37439181907973129,-0.71808770086309126,-0.20075077226785151,-0.60504927722911128,0.32922720194753952,0.62447631035978979,-0.30016022566782369,-0.17258426254207243,-0.96051714994762505,-0.75332943049838641,-0.59230315820784474,-0.83709008559555587,0.15073073999317393,-0.60994058035496457,-0.66515711875643346,-0.88609228676765228,-0.022268577166242629,-0.75681369289011979,-0.10734106273843619,-0.48172526775906493,-0.87562538705782189,-0.83599273692882103,0.54679789353537944,0.081054744200572307,0.093657848205205133,-0.23015840026334616,-0.87679655975234827,0.98201370707680347
0.70036453675099219,-0.54160697457936502,0.10621769025976414,-0.57743217935615909,-0.33454658972047513,-0.91203929120444338,0.98224861834754218,-0.012153464618904042,0.62074003277575285,0.12685570112069905,-0.006003398027762322,0.48236526898453425,0.74959875793461117,0.81718064215640207,-0.23922263630757939,0.022661398769125814,0.87002508355667318,-0.50515054905250101,-0.049245003616230507,0.093950992838861602,-0.1027065598742333,0.23212907879202321,0.67282468005519214,-0.083402781622885711,-0.288369238114907,-0.86093414593470641,0.70708663065933808,0.21541270109309918,0.41450103223670148,-0.75819689501592258,-0.24228262629543215,0.20051387176803617,-0.96044910018172547,0.56843260812767038,-0.14342336519468271,-0.6519709855564334,0.92252329152137391,-0.019718971042545743,-0.38381586162555592,0.88228367154783671,-0.54720598205745785,0.22734569847066452,-0.8434573197506976,-0.96570838926884173,0.63966739853232024,0.82268871285735312,-0.91917669756504627,0.32634829341661586,-0.64202383594379264,-0.72778032486390143,-0.5808446651808461,0.27079199852582136,0.92134718687991413,0.3583344621439799,0.11917123828817577,-0.20391599698852514,0.94360011081224782,-0.83727958774552036,-0.74105494948752271,0.39157266532317708,0.080798031353753186,0.93568962637644559,-0.22441209623782662,-0.083527185687545927,0.66602815113961022,-0.016951220881970427,0.11424092663129357,-0.35873626023069566,0.86994210950796347,0.40287719677940442,0.53429315843872138,0.62377418653180072,0.86325861713463747,0.3062961051522945,0.058937858183365305,0.60325044156891061,0.479265974662756,-0.82027826680115057,-0.10008696836062879,0.27653387082165021,-0.0026381526296796734
-0.74335346937575331,0.043441563421403658,0.41668132602004737,0.05812661184791542,-0.65256550638527733,-0.72080564153264781,0.16755812189121963,-0.94944981255599004,-0.92617390674977296,0.11253872919807474,0.83379194687524261,-0.21801790140093311,-0.81317203481226685,-0.82795847756126961,-0.47449060383530095,0.24189709317983007,0.58344196077220889,-0.63525742732789059,0.45070632711988251,-0.50453327137306936,-0.47327062254730745,-0.51501939072775671,0.39427624996483346,0.2056899118561705,-0.4621859430087415,-0.58182078054507369,-0.50352504057360947,0.8460785867754822,-0.5796025418973525,0.7157780308253785,-0.697885780677444,0.78983396574765541,0.10645179629005322,0.25427184904264943,-0.029790507184502088,-0.0068625454278052481,0.20586393835434541,-0.48700654098570811,-0.89847046094486904,-0.42074488886384354,-0.1754493891489477,-0.29109810160011701,0.4809477902078047,-0.84578912028741182,0.36159292935531312,-0.35655667171720917,-0.98714695326108626,0.11443240964122038,-0.12307891125172242,0.4900380929688396,-0.99295839821872667,0.23653091125678194,-0.13931990162199415,0.16736470355448585,-0.57573487502205789,0.3313539470528698,-0.79673359030947433,0.60840606402212905,0.43316127740304483,0.51638522299201939,0.55711707336917626,-0.54901482556873549,-0.19255706219992069,-0.93954155294300745,-0.019767752018206991,-0.81176478752653558,-0.50600710358712575,0.53468601428016693,-0.86835527531269396,-0.57015249369267762,0.54590905240246157,0.304234592775879,-0.33560237581979563,-0.65976831533691316,0.12459166068351296,-0.80778151546592436,-0.60246657578297436,0.55621831835182234,-0.54422870012171554,-0.19056697774426798,0.32834428302703772
0.45320653491495522,0.45971815613147438,-0.85801325390727112,-0.91053538880351859,-0.24163594087389528,0.89042958705021569,0.79105919270359415,-0.70325971135387255,0.465203411009117,0.5770925183674146,0.16330447098924544,0.14913308818180077,0.43450651030699555,-0.61962960043073689,-0.95909649842750866,0.64505965952689714,0.77479938894992006,0.92792784601920497,0.02653185643049355,-0.70491859750451968,-0.36039961096548706,-0.070563916068300619,0.020613768457626178,-0.51712188437002571,0.19614502295515174,-0.47973868864554198,0.40923122715639398,-0.30447905835205202,0.95448856440939489,-0.61820164175526171,-0.50465429327792122,0.42885816961798778,0.62417128707542857,-0.60788270648456399,-0.67775680036449593,0.83216453301715865,0.71941364342626701,0.61776324096225554,0.85532640260096404,0.33590351841202015,0.73274941406059246,0.35525446218369577,0.42968775072443194,0.59721193095415248,0.83932196518261415,-0.99726201202270326,0.61868933072344046,0.29253322596837322,0.22791426594693229,0.69279629047830193,0.9019777760547536,0.0046312546846849489,-0.27558083154849655,-0.075052424608977986,0.87525343046383397,-0.50211780945848028,0.48158880432886403,0.97216456103623694,0.10176767908260928,-0.82179494987766466,-0.48816087472016445,0.20894273690637666,0.83515555094546834,0.38034639673744569,0.91064596273027276,0.52634189407054399,-0.87005897202874283,0.96643470516002239,0.29851477958293976,0.62089096157261658,-0.56341528864370638,-0.3324246921270736,-0.12374335239802788,0.34611107424066478,-0.93014604886001329,-0.061827888431989712,-0.92110461618690853,-0.51852953872922969,-0.95596197786316883,0.50208070212980094,0.91813375937086528
-0.86592401038901801,-0.32149133609994363,-0.65436913362313598,-0.17710818570098691,-0.25235815210492163,0.076381407163673656,0.017180228500962506,-0.80732266779848383,0.78890410569503233,0.35540613257496173,0.33922949652456114,-0.72407555983058913,0.68180948539849118,-0.64643946830646049,0.17139147777201685,-0.58992713339313407,0.77681693936654928,-0.63592913721889621,0.88008081423837381,0.43790231699414611,0.16762677896243663,0.07143629717045856,-0.077242650908075583,-0.70288938574660254,0.11552837480660574,0.88032979209964768,0.46836299068975884,0.14416313181312865,-0.47159208663721192,0.44803025480421083,-0.96219222198310417,-0.46763680715786032,0.58136863937507299,0.51756974722073112,0.55894542843991202,-0.75934215337061195,0.26724266803904545,0.29530825939463856,0.032330195567344649,-0.4429378672835933,-0.71952137695150997,0.3461655352194023,-0.10035462290606852,0.6353769892993365,0.06488667564533819,-0.76531291029719595,-0.57157940606915036,-0.43251335011993697,-1.0107064696605284,-0.32803029048931115,0.20556593388616351,0.25682971228117957,0.98779297685128165,-0.68775100963177227,-0.19615572524735825,-0.15392748466719222,0.26611920043303688,-0.78361935054097032,0.23778214828684846,0.041644661573298186,0.46946539154525402,-0.21161055150304997,0.18851348757596179,-0.71784274478796517,0.42368717157635555,0.85256809533642586,0.87427671260700357,-0.0066129353247520199,0.52288597815077098,-0.52343495826287945,-0.57711586005172544,0.68404912579966548,-0.11507261653049831,-0.052943063792355569,0.36296835247388398,0.72319784656874797,0.76371652630980569,-0.55497849151543466,-0.66711657493137844,0.12931932248133368,-0.19685135503933071
0.94178437344486632,0.15783034413888963,0.33459435104680468,-0.92295749826038342,0.10645874648353372,-0.7329064806037372,0.12750613063825608,-0.12630307159916879,0.45150097162722574,0.06661564668654725,0.66202215596562219,-0.90680385342872882,0.69812995487242036,-0.33338439761345512,0.79377491455095484,-0.90506154507505965,-0.70285202525050638,0.11631728873579464,0.22133464203475642,-0.51655678142176142,0.12558817113273732,0.70722420465861313,-0.24067907976463301,0.33704264819598939,-0.19101147566457269,-0.73069659008162713,-0.85924064032344794,0.3802092464219452,0.8968574559059701,0.17353920509169801,-0.43472857448541058,0.098242982618931537,-0.77118553954933267,-0.87746753994206139,0.28431187927463336,0.89571612731950445,-0.80893064611849952,0.80874343129698067,0.28020084331800194,-0.7355528704334513,0.91398737892217496,-0.29873228297448395,0.36237470539572864,0.95821490249954733,0.60927962630634946,0.72549922787254051,0.92979939688366431,0.99175539850650929,-0.56124043630285037,-0.13124179549668399,-0.12975525856076719,-0.42436969011860026,0.87545441123261036,-0.44022661416474396,0.26239916851015122,0.71499404955973023,-0.32467685559564768,-0.11744465775554581,-0.82957810547166444,-0.5304861390108736,0.59551091177676219,0.097352201855547188,-0.080254956085246673,-0.81302562615535168,-0.83037860330980584,0.46120420169726084,0.13781640068182577,-0.39192175278905289,-0.36479803839055291,0.82573401898461429,0.77131458842960865,0.68804692565119985,-0.64871993719772258,0.63878412889937208,-0.83601653581344137,0.1840884810363807,0.41757039541412738,0.49306909408224758,-0.0059315127488947057,0.8492176776246847,-0.17379431749841742
-0.14583654876635949,-0.47604200080571873,-0.12513737258254343,-0.095858597276602328,-0.0083944372765271981,0.72670363139554917,-0.71258954700970067,-0.02275044861450766,-0.85720324721923757,-0.74758414574419407,-0.42862592423522411,0.44126217699516335,-0.082803837202778799,-0.68940586436974371,-0.15607365963068537,-0.073563524977344127,0.97850255837118838,0.75549760122618215,-0.41678438651672378,-0.69789653328903745,-0.93341887860735884,-0.1325124809709386,-0.89597994215267107,0.46029365364927383,-0.01910316159090409,-0.25610537241732656,0.6617994766292199,0.54909799609238175,-0.28018697160517897,-0.071419513841191329,0.89543528057072808,-0.33525212683211908,-0.93633111099616406,0.97510496890846488,-0.57327656893431767,0.5806663232700896,-0.75721441378847087,0.62863468895106223,-0.9675625630667879,0.32797414855997847,0.89359490122597229,0.08595553867838468,-0.88850559089315173,-0.44672389872937285,0.69779938952754161,0.34453903966359839,-0.5465392546797383,-0.048023417960820415,0.8301655235580766,-0.81061229194973072,0.78838591840853511,0.96054639115729801,-0.46910446468368772,0.071181862774116533,-0.42357863942581464,-0.59084098498332049,0.96965847481806389,0.7204715356871858,-0.27819529849264557,0.11220180356982931,-0.72089098959759346,-0.86691332557722423,-0.85455546166411078,0.065501465685969693,-0.99076713306117958,0.752610557920109,-0.093827729285796677,-0.79746662654179601,0.73484886287947981,-0.63164821434344443,0.34178021748585741,0.53206037846167609,0.37645808363505057,-0.98063602830209262,0.9096129721431121,-0.12380116961701684,-0.39566311280515915,0.70113562172550736,-0.29994013037809497,0.52418605665800788,0.65925330124226578
0.0084670982677822505,0.11075861956884044,0.44853093150136852,0.17087400201488043,-0.21581171283626327,-0.87112346821632902,-0.050707360785947717,0.56313365614597022,-0.73613964051308156,-0.15922657615307947,0.84898095249552608,0.061446509200611871,0.722800889019104,0.28542414360478613,0.61053049511871349,-0.1300336474785547,0.51351349709353977,0.90150934400304272,-0.34047490118921642,-0.22782883332305412,-0.9038559053915427,-0.349139814455033,0.47160639703717538,0.89709691179851736,0.94256453204839319,-0.44822368285734765,-0.38375894324916948,-0.59554993277480284,-0.59480153884348241,-0.79125286265948691,-0.026175244560016044,0.50257945995955999,0.73179279860304236,-0.70852591565688383,0.50047435056087552,-0.15139122745477873,-0.66141118464205795,0.58393328009958101,-0.52359532954362809,0.58270344591636347,-0.28574151324837543,1.0068487881374875,0.42848030725856467,-0.44507397416592159,-0.83224227829907016,0.74081372398234124,-0.58254976758138199,-0.36996360727153743,-0.69650832098677673,0.83024749526843133,-0.91970079974763785,0.74966870258433715,-0.0090241468702720873,-0.65977666803816581,0.0955519000488807,0.76592519581038931,-0.8684646499912092,0.80637462109008395,1.0051076542327673,0.084318760004270937,-0.52129195905273618,0.48069747946262048,0.30979987660558156,-0.12676368684818456,-0.54014787602549075,-0.79407376461366319,0.49448684419783223,-0.19549198992565348,-0.29157800607926704,0.61502632860832462,-0.38886210646774627,-0.071091702738722382,-0.42233973614933068,-0.297875095771794,0.63379446862080457,0.36911335376847959,-0.91260906300079903,-0.48008740058099969,-0.41721014920999716,-0.16006832060769607,-0.36233977817053098
-0.4630283902632556,-0.88659847326921337,0.067406333914610178,0.89185691390305422,-0.18933209635623821,0.37099997398301593,0.40071945027644551,-0.10947129686620879,0.41093886364371601,-0.71485210053200043,-0.20639325304052553,-0.39314528728214126,0.96331753737850656,-0.37123846600722687,0.061909258498793779,-0.70458768397283322,-0.86184652690639352,-0.037267792947270513,0.48403883895886585,0.15864250858503737,0.64559969456012734,-0.92593192267291402,-0.48594659716079869,0.73017763817275816,0.72509876603750423,0.71715262370962884,0.3628691539616129,-0.93665012092460365,-0.11449409480777237,0.82913022280460924,-0.96319405682977832,0.7146975454567841,-0.66996579252799882,-0.79583091049090382,0.45254632283379514,-0.076145165110403229,0.18349074442105462,-0.85625404673167005,0.20328677510902454,-0.39822825514553106,0.22780061983973179,-0.34332455369230774,0.3683190654417251,-0.49860875005446542,0.20788565381711249,-0.78126705721557255,-0.49340693947441744,-0.9580825725477472,-0.41265926432813138,-0.59492062833480364,-0.96422802653445672,-0.82817640221171585,-0.60710969926281655,-0.49091676943115825,0.9119136016020164,-0.77675657711568324,0.45362675494888283,-0.68431381878381015,-0.91987819196878184,0.16440391167940857,0.6450518839794549,-0.57180854903316358,-0.30093997803303857,-0.59846758600437955,-0.95040344605777616,0.17774928184095284,0.74910763420807858,-0.50131295423358946,0.84941185189391499,0.11498726124259145,-0.73364192432751774,-0.51497819431474623,0.43607645418315039,0.25028555648882178,-0.17191217137168799,-0.9447444654760061,0.86994168420035967,-0.30613375872710846,0.56254745290191033,0.37798158703386125,-0.45484478634566389
0.77872777423151651,-0.55922336206335987,-0.42103474489623371,0.45388959357917691,0.41494174119471255,-0.877980323774876,0.61864576665162241,0.43968126548109387,0.25563952730972245,-0.23023310780241238,0.0012883966241294409,0.77728461644164915,-0.64301731512877136,-0.57676083911424381,-0.64593893716643691,-0.18746425540775827,-0.2709453282800115,0.62426892485255947,-0.57308805669169227,-0.91511383748716224,0.62267630639311111,-0.6763833926109234,0.89152718294932221,0.54148703915999885,-0.60231699667022998,0.39846230195437904,-0.73134859279896047,0.17625323908862622,-0.49377973607265396,-0.43076255797940782,-0.31303531516287003,0.3157184350986395,-0.2330382164434405,0.95860829515976542,-0.31526803438969753,0.49920627749299817,-0.84361101602503874,0.54957546920436806,-0.91156635917286755,-0.53042104318292405,-0.64804800076683911,-0.39122053932464607,-0.13578074542229171,-0.049823694380105879,0.21282412484483323,0.48890850036987893,0.86994178827305479,-0.026221537798229048,-0.28253510551848754,0.66759637607745714,-0.1032374568642016,0.19405620711421245,0.023371543574508324,0.33384493070563903,-0.12420097320433621,0.621231759775276,-0.084250550613899813,-0.74916843906360286,-0.25627080255255669,0.50212838211278066,-0.21760975551323086,0.33453603592860809,-0.17340565282908479,0.039992365995602186,-0.16209816882892925,-0.7521513692509566,0.63076396664485457,-0.13589744771132531,-0.18206925961200141,0.48268956940008501,-0.94514096496196998,0.43554070247033416,0.37513090139083488,0.63672846783707548,-0.42355540596259844,-0.97751734425992709,-0.92581605760162622,-0.56019374152145929,-0.7311705044535074,-0.57106011101484511,0.32152016744531781
0.53778099960777759,0.11352344131390048,-0.92720886973809136,-0.85656937535744426,-0.16461218927075877,-0.86024325465657836,-0.93254306936104903,0.674391316814552,0.41704509261196859,0.41391383189717768,0.33215098161529427,-0.057797964351845671,0.76416097318523546,-0.2563910189408028,-0.51885641718350217,0.29628425113445805,-0.55015763020206165,-0.83426298072539318,-0.24884839729367031,0.56363674670789787,-0.12473820967152213,-0.55810326717172487,-0.8945207920732936,0.28367494543070754,0.16959733219264297,-0.19577016692736512,-0.55645898972773244,-0.34325720960673817,-0.054879719526691635,-0.046733232947628593,0.55422488847009477,0.9495145648124611,0.54648440703062873,0.36587691683640305,-0.58368879922249306,0.96240193548524022,-0.83754059537494252,0.90793180561437836,0.44776760351915335,-0.60128999541957207,0.79768674869360734,0.57387984685701532,0.99668823934395434,-0.1616419061665034,0.32299950929403459,-0.052978232289653295,-0.53660557861687286,0.41369091959195919,0.72286310330454107,0.52511626696593627,0.019777472149891562,-0.6966874881205779,0.35263923177293299,0.06363127227782539,0.60394095141105697,0.20780698401379388,-0.5852637612221071,-0.93452883292434907,-0.22323382343812714,0.17101357082071969,0.45414801127282411,0.56933057394455067,-0.92648334395431953,0.69761900278778177,0.20796060254309695,0.94895135594567126,0.61511713371442556,0.15132011545571142,0.93532223874309806,0.60021888651114996,0.59929251217524349,0.60264111777931284,0.032575289165424286,0.68139336104698522,-0.75134037012617261,-0.2498436536858134,-0.20340081286126818,0.40405562945208301,0.91722431352258005,0.41103406562183575,-0.39329669848785476
-0.73186930613856294,-0.083712840407374839,0.3002391172807074,0.7207370973392242,0.0072502515460458293,-0.046851426168952139,0.65289788940178239,-0.61590781458918098,-1.0955398825219163,0.39375150940530873,-0.7564317933336111,0.32946327573268724,-0.15667551276413036,-0.75664804108880168,-0.22822610333040508,0.89232732639084178,-0.16495653110315125,0.59372528296594929,-0.54203521962080126,0.061857505089361942,-0.29681217172202945,0.04247625229444689,-0.17205375846170548,0.22648460300123491,-0.31027266954265875,-0.64866843029954591,0.061449276295870318,-0.78124669922919932,0.55952613582845445,-0.075277810044749885,-0.06401245319028169,-0.4317584355155647,0.65618586795290001,-0.31387789035267688,0.52359450963060339,-0.33289353265933092,-0.61957437032165763,0.26602597082228935,-0.59596336491348356,-0.86728050096367693,-0.6937555246903977,-0.016415961097947091,-0.037704641535240363,-0.55739506992725352,-0.69972338065661643,0.34096648848437366,-0.35681426636019958,-0.21400099149551213,-0.42588739364337103,0.8228785030230007,-0.0015504673828609095,0.54702017686777782,-0.31356080834406053,0.7170602824413137,0.9368008650000883,0.84984660327015116,0.4562302612653778,-0.45055800002135604,0.50239604456508358,0.82835261802465876,-0.22311076537064678,0.66201200961404627,-0.33942904096669008,-0.47773085064788268,-0.37153456680920294,-0.36483285597759041,0.73792582544431418,0.62854949806515148,0.57840137214421106,1.0186413363307298,0.59982011206802544,1.0168440907061704,0.56462189721080114,0.89619989635590791,0.85230740059210575,0.10737436318268608,0.31888957076390256,-0.39712767644713476,-0.53744697279738762,0.8809015588308533,-0.034236583461160777
0.6511175312620785,0.058746091751044408,0.41976759678763775,-0.69113864323469254,0.60873563341166614,-0.6771810536006283,0.78135031014251732,-0.52924650438322107,-0.88177985020416982,0.46844876948129421,0.68820432912426355,-0.2004276628145481,-0.61357164683265208,0.62199973004187847,-0.54418099752776816,-0.28091266025416384,0.67044796523388972,0.44394508942267852,-0.92039922843191713,0.59234554543282958,-0.059372829098272885,0.23633106437410978,0.59419261115250777,-0.3395575953672253,0.79647114766941352,-0.19600664867843137,-0.093158872426154601,0.41932979889497968,-0.42104786777994474,0.95913247208419139,0.53483043209063386,0.99621974523151136,-0.86110944025363001,-0.34495714373798336,-0.092661805291173086,0.49168706229165737,0.55696030828734067,0.49533569590730531,0.011565864842116557,0.16432953113404186,0.27936449332756724,-0.70329213184291317,-0.1835607615860082,0.23703167040450282,0.29700853841733799,0.04041724804382555,0.52155250877608372,-0.20534024291642264,0.84985363252838186,0.42255946169083752,0.172471227813632,0.25314896816038956,0.74641426091657048,-0.86977656112937907,-0.46271321802976773,-0.27304360395388716,0.86752102065008929,-0.97079675439650692,0.38097735394417842,0.040524979263758483,-0.52878542817663732,0.84207346325566179,-0.86055335366516972,-0.89259523964019549,-0.58531449705813621,-0.27036292814566193,0.67544835952680837,-0.00797308046879611,0.22831231576332608,0.10584183506668324,-0.34455520422690866,0.31157265489975605,-0.79793952752897013,-0.27974655390406605,-0.61024167291162623,0.54267886089548745,-0.19445520978539019,-0.14156608202632417,0.87950946500455274,0.68529795507550628,0.36071735283609924
-0.82194625656118436,0.72624297799511484,0.40900912882482732,-0.13798547271616582,0.89983107226457848,0.74608162266959765,0.34089189039088713,-0.021349120131201087,0.67953513510769903,-0.36848278401926404,-0.61793181497694627,-0.058969754385600828,0.23965654504506981,0.96616210891091614,-0.7784696093984641,-0.050939383069669539,-0.93878639971328504,0.41798297094231585,0.69598463226481511,-0.78948736961132193,0.22596409741677217,-0.9379627147451961,0.804981440587757,-0.64348825111699537,0.55366383306618516,-0.2098837148001402,0.19616202788893902,-0.17400405308247799,0.52113063525533032,-0.92303401008887986,0.61602025796255577,-0.29712254525463122,0.13470630500369901,-0.58524314811832789,0.51076866636591089,-0.70979873370548319,-0.24038813200256365,0.59226098088784462,-0.089241782370782258,0.65101101370379166,0.90618359821446692,0.1515073692045017,-0.56127410807975575,-0.8611305896378727,0.36859788179659236,-0.5869315608013298,0.57131861033115905,0.15478815244110755,0.65521266826255864,-0.18554948037701335,0.40846271055724293,0.49975411017124194,-0.54659028418874445,0.29116925814876482,-0.03412964914311456,0.024929400039573689,0.86769164176208335,0.38381866782163476,-0.06722006474363125,0.92499850951280493,-0.2277061027393818,-0.42208803583215615,-0.44338387346331848,-0.64962020574730461,-0.74699053046865005,-0.93256484169506371,0.36958863295620614,0.16237824039935647,0.92144988828900976,-0.46797860714458817,0.97166421661346825,-0.14943166260878599,0.58932119017341356,-0.28984053870734255,-0.70646712152408231,-0.53733907093413447,0.26373060893695532,0.38501258948013067,0.7108524839824788,0.77765804401093375,0.45590785642346349
-0.47044875640245887,-0.1121718133290089,0.18289533413145573,-0.75533657609094695,1.0296796309003948,-0.27976055837404423,0.33441472838512748,0.51495332424494733,-0.041226850957798156,-0.2974142256158771,0.42038344684551343,-0.22994127781408175,-0.16992321332836399,-0.25955757579216976,-0.67191319332032762,-0.55426054931240698,0.14124399615001337,0.56492860912607867,-0.42503943173643638,0.57639977774727158,0.71858457066491987,0.10230683137817914,0.21201990402276161,-0.76731907009184419,-0.44587376430339387,-0.25208376768313057,-0.15650887707765476,-0.84090697440961915,0.73903813469474555,0.6682030793292062,-0.46546483771590835,0.79935499456918324,-0.3550151304806724,0.15078787520274242,0.10034666277616423,-0.65524549102204455,0.29238318215621895,-0.15215066936588298,-0.40507329956860594,-0.18559736668052709,-0.3824210700717483,0.024184539583687638,-0.77572095815846731,0.99599376495740344,-0.685652876232141,-0.70600361605098871,-0.11034428584777495,0.96258005287147064,0.53553805224104878,0.72024370829917761,0.64168412943663689,0.24901187185597928,0.030846142210943839,0.80419343815933764,-0.52373192902075116,0.073316226429330847,-0.465650974177165,0.91411716277650201,0.24372236952552986,0.46152015356635151,-0.7250886297128909,-0.2199060068868598,-0.34222638874184041,0.69196593627796754,-0.77721255274187873,-0.13476025323344759,0.61252700493121093,0.68178909679365807,0.37648800480104977,-0.044405323201523968,-0.31389490946203663,0.31710584700906819,0.45817131750149021,-0.61323467471367643,-0.17902825998748542,0.86915665325602975,0.57922547324185747,1.0114719410247137,-0.8270407761655415,-0.29163934180146867,0.26591114399267307
