0.084911901702516585,0.6221881455099435,-0.043054703423222415,-0.75130151463896699,0.97202473941149492,-0.25832675323936771,-0.76811815390347116,0.68943812176769914,-0.23088910649016914,0.94891956029375801,-0.38472827102861917,0.1309857961537971,0.13401894680690099,0.52804999393096208,0.48343300186967697,-0.41321249565028706,-0.067891625038259198,-0.41511241353371192,0.82959845628477025,-0.24468966478990853,0.50950672329501057,0.31270734463014943,0.36677627830614939,0.0016989529190970241,0.93448111007117096,-0.5357907478459949,-0.19186216399630487,-0.541443528700567,-0.68080893755790384,0.40590915796421956,0.54120805489350821,-0.8028351117339807,0.28511383773976257,0.39322283072980008,0.95788362705205499,0.46016381623403474,0.79295888257321279,0.77095562424183439,-0.40818644932376735,0.55365103261900073,0.67904020534076426,0.28723383430662291,-0.40638233588990091,0.6297132135578718,0.37898711864959989,-0.45925201163446744,-0.5801862709611697,-0.12794862317801142,-0.72126256155747737,-0.40774099485085469,0.17867044104463159,-0.30694873288252111,-0.03478651745155259,0.77934278002336921,0.62513123327977071,0.44993437531736563,-0.18463161583467452,0.24352218714974322,-0.44016973133140458,-0.67159186522136338,-0.76987227971722449,-0.4186157413992258,-0.2942826548825761,0.5001844411934393,0.051233836272240214,0.41786993281666329,-0.43376101596215683,0.98828806376205647,-0.54221180526145707,0.60699260071805539,0.71343483912619232,0.67197686410468738,0.1923680079277518,0.15753619435260063,0.22875833527685074,-0.37480904547629867,-0.17288193050652864,-0.89001867634601339,0.9302618676970954,0.27862730383135548,-0.35198709314042798
0.85719769110002231,-0.85426465263036644,-0.89570734757489701,-0.83055673330963908,-0.4541350154475618,1.0890001245189858,0.23639266106030943,0.92372207500035963,0.52543371173078923,-0.86570399662187791,-0.14196662942349123,-0.23903121401916616,-0.17005910614227024,0.21781259527457605,0.42424254511866011,-0.97926666410388907,-0.8874536170447771,0.0098757900932672175,-0.13785695366595976,-0.77696417071567003,-0.94433845470908084,0.48912102115847556,-0.32348623368099449,0.71265156192042356,-0.70476829874482849,-0.40891046746605936,-0.56263689704083519,0.13158688107123687,0.55762216402606835,0.0068669072629247334,0.81707665635053739,0.89966269480255245,-0.8434521473500467,0.44740812776947853,0.51535514094867985,0.74295425619161126,0.3173130840256283,0.09262556206452123,-0.12041679297862004,1.0416951479528265,0.84648351220956497,0.49102834706921494,-0.34813607791708018,0.21634602218568899,0.12815083925388407,0.18873002679495776,-0.28615461730409136,-0.32507263419951365,0.30445896086882374,-0.26540199293913203,-0.38755573399010423,0.033751206506108078,0.33016262575202537,-0.26225386595434208,-0.57296764324026928,-0.88420588946330492,0.30736566232768919,0.99082038401718231,-0.80996060104505851,-0.2378606334463321,-0.67827620172056469,-0.93428212089909479,0.70890087915504407,0.50159843760170209,-0.86735562728521876,-0.20281955448772476,-0.48248423145839264,0.143451907772115,0.74119379473391034,-0.5183394821015842,-0.46603954967339783,-0.16887554138848673,0.18854041563840296,-0.74533020005081552,0.38117546439400907,0.25076590224233952,0.20638299570121921,-0.42393050017460282,-0.061871769485970451,0.89850302849867569,-0.67165736681869603
0.21807665720611608,0.55600685213327061,-0.74214308528285278,0.60787650370423207,-0.11166799284220712,-0.80857460709788043,0.40275197077952457,0.94266894177162186,-0.61912016057071384,0.38978162061468596,-0.1611185254696417,-0.85878186119927613,0.72691674855490762,0.088304831042488749,-0.41623117556036682,0.44152689844170478,-0.33785340294555055,0.13525311457044878,-0.52454832104113114,0.94619731080675673,-0.75256348312995802,-0.87564330157066284,0.38022461570485372,0.68153829560613666,0.59354914422624283,-0.61775465605338686,0.9322838837637627,-0.70520547599643257,0.52721213926379795,-0.88402465107782024,0.48570939930904033,0.0032789812225762533,-0.012027538517240189,-0.5161104706624251,0.059158543301309784,0.54700983769670108,0.7231659065843995,0.76498782902369422,0.069428020288593087,0.81157643226931386,-0.005485079408057817,0.82584210122368618,0.48266734288656093,-0.45724086645462286,-0.39702930049674479,-0.94990274567577171,0.20666515828872553,-0.82929649559869678,-0.32564688071747067,0.91860366243474068,0.7618516203535437,-0.43711881891702586,0.1990173805741402,-0.99098173115914401,-0.27040965072886902,0.15844205940984055,0.59072126645923817,0.71014336391245947,0.62447563061036726,-0.6391976841822431,-0.0496600997130116,0.9408234720521147,-0.95906643272738656,-0.52908984729557185,-0.30914571627668114,0.54569524266045477,0.41401282047991034,0.59324891987833994,-0.58421037219739735,-0.87960307563056128,0.62077958936219801,-0.24203300593457092,-0.8602809202129893,0.80243407539587674,-0.095963780090765657,-0.96301473908346524,0.56685055285193531,0.92988725467302669,0.5762353290757678,0.21973028781392179,0.67413955670587933
0.59407628888950825,0.58307081345171552,-0.3924703653067651,0.23983650164986728,0.54906867466443576,-0.14367545052348751,-0.039664625054925427,0.93480439752059474,0.99303585425970697,-0.010030202277218779,-0.52863857918860968,-0.76809537378226445,0.96718635216038251,0.32417239347379284,0.39606790562830257,0.88418447519863341,0.21475554706023731,-0.76340557776838003,-0.76090249843110858,0.93411752094342726,0.44611984393109949,-0.464415549941744,0.68344160105077334,0.84453236689905642,1.0061404795667275,0.062061328299724897,-0.026227263816321057,0.31854235773659256,0.29509874429641086,0.99391873142189879,-0.70535151092956572,-0.67037372905023151,0.1856984968056942,-0.1040010334466262,-0.11948511330748605,0.44496693784635327,0.80197091566296086,-0.59449333009955874,0.90650486763069549,-0.84041009122650856,0.7886803767857794,0.94541541967927178,-0.20562523103885971,0.98500957417849466,-0.64369839469099344,0.47735282530055967,0.2973380431516004,-0.85342907752943686,-0.22021825784896262,0.72521174895148188,0.8292330907388088,0.42952431716219652,-0.68118641073592467,0.83632145197015229,-0.085937883553783401,0.40959015172887459,0.98573633056208365,0.013343022580131526,-0.80476486433409522,0.79763425231096718,-0.78087171407355949,-0.83434580808495928,-0.81535969457633761,-0.8588408449051177,0.7411594670964089,-0.73722800461558824,-0.68289619959459469,0.079376839023497861,-0.33905258790629966,0.21874588056981276,0.16489675456602609,-0.85450417968645476,-0.060258658676234103,-0.95962575749166334,-0.57694971252059934,0.71007714800530197,-0.57677649545135479,-0.62586312873400074,0.49461223386028819,0.11928715524377496,0.83012766784763192
-0.76430203116083884,0.26044405863495595,-0.48429791747062689,-0.78751115358008061,0.61871152695851916,-0.044665199219306867,0.83858955289900594,-0.51579345521804632,-0.24101926609655802,0.67232004169534065,0.21512091088750135,-0.6615360781570635,0.94189085038463427,-0.27755114694383021,0.94978688574895409,-0.28591985378760121,0.89000941777693232,0.0024289010228289191,-0.034488897179152593,0.86251409596271134,0.7435665014848839,0.77008562110284939,0.99233179285706752,-0.87518016364089035,-0.85270448899860185,-0.14380130218250539,-0.16063652212497648,0.10881746984850585,0.031849307142733055,-0.53169397631261228,0.18585773173435349,1.0081481108418262,-0.73610529830208282,0.11670027386549274,0.65009729675221972,1.0396430478877492,0.15683188120468511,-0.43394251316290589,-0.12107856457066545,0.95576272634372994,0.12996264796616741,-0.54198761619228697,0.53000874304806034,-0.42916286589340547,0.58982746285521659,-0.97772410579659419,-0.84554546494846627,0.01603202989954338,0.070165000211873677,-0.75098087478102393,0.75689449207175108,0.76754228806622149,-0.60988216831092201,0.012350660882378683,0.87137412272498405,-0.038500873073273496,0.89758783382396956,0.024780513789738532,-0.84220418509120543,0.28721959088532628,0.76444902805531245,-0.32743467604839821,-0.8269283617065597,-0.87434818866470232,-0.10599626439006372,0.56277616872631486,-0.40830024526174302,0.02221912718968996,-0.31414106258919394,0.7231686841294801,-0.26400585448285807,0.43809092194225319,0.393987563635396,0.66685142973785905,0.24509857298946469,0.67571166642704883,-0.85391023015133105,-0.13680853534167314,0.48086656698144808,0.065230950983307306,1.04334458843178
-0.49230678427714158,-0.73353453354025289,-0.47154423846375487,0.80145554302597799,-0.32625243775590373,-0.82073377346884635,0.00394555987578843,-0.057873552262339249,-0.95761965483575917,0.81197098229985132,0.89853685523824822,-0.42686418722322494,-0.51071343998480823,-0.24311177094707162,-0.24256983739809607,-0.27728343223536539,0.21258473954684765,-0.099146235432459817,0.026322203375021929,0.90419476363912366,0.8614987508350811,0.32683259040681578,0.34329453768359147,0.67042692257634984,-0.69454027049614819,-0.42757977787732054,-0.69811095905601339,-0.021256276609963088,0.91413523284623233,0.094180040636537343,-0.37704524269770479,0.28216551573111476,0.70822437078802125,0.72150294953049621,0.3714771783404387,-0.95977480379975444,0.88934479031499025,0.35204353915727604,0.69797619217605067,-0.80115170185506945,-0.48189110224064685,0.36971996852031075,0.49563635376508186,0.33607683379750558,-0.63607875151358562,-0.59415028026759997,-0.35168439442619032,0.97358134865085066,0.12242776958906337,-0.063143530649269766,0.75879798090875994,0.13616766910005862,0.44767656368591635,0.66373699217740367,0.23846673634990778,0.042268686887015613,0.6679313372212653,-0.72218275248590369,-0.44643453231075914,0.97268024539647446,0.58552338226013712,-0.23261144105119369,0.37327793044024671,-0.72267052960080191,0.82622607140150428,0.46173091671005989,-0.093101109205477178,0.94565283478948903,0.68807267209193568,-0.17912554467249775,0.31540320911843128,0.92320705885334875,-0.95756391838526678,0.41539084260912984,0.66182058241865538,0.84484682627360286,-0.083583315169923927,0.26715169727381727,0.98666539485013893,-0.096173345968417964,0.98475821924057128
0.23838176033675573,0.51757573459027784,0.33407641728251092,-0.58728737955068355,0.32611401849834759,0.15506905453460879,0.4510787078663393,0.16557456292436104,0.09882940811802278,0.85281087139866296,0.33308650319252409,0.27512491802362971,0.047508912060946117,-0.58474136858528081,0.77904840150833998,-0.45446158573477685,-0.64897454157908019,0.72858533556705773,0.2994672188574396,0.46392833199026262,0.039755716073511096,-0.8972586286159232,-0.63267025471567473,-0.79406376294749781,0.048652291802811484,-0.59508680652115109,0.33494691938846322,0.47871825936509538,-0.80498997139269612,-0.745494706730225,0.43499083222456303,-0.85392046685445722,0.8589888038583734,-0.98390038987667405,0.098109167943521078,-0.62794552082796773,0.2167098163660022,-0.3025127130279221,0.29014386404751308,-0.61301318542069394,-0.37151368988716332,-0.9523664285715302,-0.9132954662392212,0.59173831749463379,-0.58606664031863753,0.084102681602599705,-0.24781317043492981,0.83942262112401256,0.36090461348818487,0.88854165788093376,-0.37357302264833903,0.81907473090562255,-0.88204841125847666,0.96692119169685475,-0.52190977611806022,-0.21004339772467054,0.3555946851422086,-0.79038535964503198,0.12139969706438165,0.1418066407780334,0.15294465917257161,0.42884682210856528,0.19605118930156015,-0.45486463115724568,0.53585331851386209,-0.31021266281316601,0.76793539951627299,-1.0055694625284033,0.52748869048463354,0.67480630152039911,-0.31345229612893954,-0.13328910964141963,0.22724063769713623,-0.94514708791918667,0.79362123848596366,-0.65202295468353944,-0.27128211950902353,0.25814672161658975,0.21614414131203988,-0.91837383049121279,-0.94022469594620062
0.20315169850054859,0.4158445591377854,0.15300071914663577,-0.27196407912669285,-0.59283526315846358,0.94991473373681024,0.42118695527051958,-0.38058145489211453,0.66980171024973778,0.31180165538717097,0.36196693331406699,0.49223743168280243,0.13070555025543179,-0.33853986759314836,0.11458134370059796,-0.5756593610937033,-0.36581411688234494,-0.58314386674053631,0.79342540591352317,-0.3744627683258101,-0.071364782443350858,0.13407403457845624,-0.84777218022748324,0.90885430995487437,0.49644070597150097,-0.47446914537775159,0.69100496472630291,0.71824846024889621,-0.70098843359889784,0.60273361852963914,-0.63372134598402208,-0.46443354748207244,-0.14992253867704772,-0.81433294308067294,-0.34790199266385813,0.062654233636280351,0.89421788290069937,-0.24704148471621359,-0.72154994444829923,0.28856557709243674,-0.63037345829582248,0.98275008855806101,0.90722955137429706,0.4952546946143852,-0.87996962695364278,0.97725406355769984,0.049124325020653753,0.61827125399680849,-0.79537488503161391,0.75542498344015485,0.4578602150840787,-0.92431264937061286,-0.3877801329408731,-0.95045325624769772,0.25852399962721639,0.7043220819903373,0.78651988584169352,-0.86347426527154669,-0.17778794703979292,0.59857926787002591,0.27850818707269415,-0.02569782884530716,-0.90630085039469577,-0.24439095796196184,0.20994161038752715,0.029963281217993139,0.16505108796738932,-0.89469044617714855,-0.23657273477754082,-0.41319703409852154,-0.27756722544686013,0.79620701363211077,-0.97161937378581209,-0.91562194449455003,0.2889014173740862,-0.90314667402787518,-0.52021593629356699,0.59036989242807048,0.11944826400089677,-0.55799416932066104,-0.02523052079476425
0.75862891079129935,0.84935986955659304,-0.13094308398304955,-0.75305726146624208,0.018249904490494545,0.3018527944220224,-0.15328339237841493,-0.90861816811073215,-0.51683889945569284,0.45881935650885947,0.32012846156710123,-0.69641322741854084,0.1819684315761263,-0.28707053065661264,0.066186040744900379,0.78998498656601712,-0.20024570991369614,0.62340834382738053,-0.36970585665853362,-0.088073406660708495,-0.38399039871856971,0.80286529282602903,-0.32103560643108259,0.61080751744688522,-0.97157655973627244,0.027175459465496724,-0.75349559846576719,-0.87235736553629795,-0.80498671538761091,-0.84080213596823183,-0.81164715110391639,0.17927873662955096,-0.28782547994945329,-0.11460334901155252,0.46751981378414403,0.30239254596795073,0.2629312081095263,-0.95874943182166861,0.44750927528628148,0.6192649151270363,-0.24228799838306905,-0.42162420956860636,-0.17770714295099063,-0.17297812859131903,-0.16031335053753609,-0.032588130202429101,-0.15393424101491082,0.47892957458765101,0.38377036869217529,-0.29501419964582659,0.12865251734128136,0.072879504477831425,-0.95213938707017398,-0.56874646745177548,-0.89976869210876187,0.34506302087647261,-0.90034474925067887,-0.52643061604655794,0.066087280763983375,0.94725582347694659,0.088784703568577844,-0.56585745464439263,0.02472722678961126,-0.47415293900130545,0.95336172904895755,-0.24127304406131705,0.67876391467210695,-0.43610719996219693,-0.62712085532375639,-0.97787009480314957,0.1874824949109983,-0.0095235967332054014,-0.86984987302945083,-0.82479387718602881,-0.0024726041377919595,0.67557680681856835,0.48551134466529983,-0.1651682751415984,-0.47584137612785388,-0.51451584624160218,0.60309694870191943
-0.41973964508774525,-0.15036751210035543,0.30568505357165993,0.6556954719808239,-0.62189279628339045,0.98035965430378103,-0.36438482912335546,-0.79088761381954797,0.098269197684361501,0.8123327658240197,0.71457033521080626,0.81626895910260877,-0.20969298469378936,-1.0145853071986439,0.40057569459223885,-0.84894451576847818,-0.65656226463533396,0.68456772693391887,-0.23568997031268199,0.44444424822135148,-1.0056052452120736,-0.014009792616472207,0.69327223760181733,-0.98039793136597841,-0.70223278085110175,-0.037229743897253663,0.18128939339766839,-0.55147446992184013,0.50855473837646525,-0.88033626873882664,0.70696679895060754,0.44103920269401703,0.68739361820179179,-0.26953356781735682,0.52248421378011312,0.60673280780285777,-0.73289647822212589,-0.30259577568179358,0.22297766768560248,0.26716298345221168,-0.3981918871655814,-0.05568058013292445,0.65664033954270318,-0.075382047566570826,0.23840893683477687,-0.71821070268678167,0.16068139353339828,-0.13278077897113927,0.71436146694562841,-0.42458397902735301,-0.39598429894126008,-0.14206962612295748,0.8527851239047326,-0.0002187641661849371,-0.0091057713791869999,0.75503800553781097,-0.55596598818072462,0.38216619755341824,-0.086317384796716703,0.7971706416769716,0.072847276493093194,-0.67847393215159213,-0.7644529012610376,-0.88629599538102499,-0.07089709514771543,0.30866026793103934,-0.054214750917210536,-0.79281300063260107,-0.80137787452986664,-0.39435101382048021,0.14517820487945535,0.097634243572473689,0.4869182419899829,0.23285930273780803,-0.91287688191472061,-0.94681137648219837,0.57074997593021937,-0.85120627756990552,0.22031304340003441,0.49817366820305092,0.9353930545411463
-0.45109123053743921,-0.93931582783666667,-0.54524449019992327,-0.90048445802356691,-0.31466168176838527,-0.9980318839442931,-0.05208131857432019,-0.68973999551856591,-0.84459776393457242,0.76250065116121557,0.44924278712659649,0.9066669649070056,-0.5165113234247527,-0.04374035782552381,-0.17428522166217011,-0.14550596269504235,0.10512757491004109,0.64971007175894335,0.28123464159646899,-0.087173267122401213,-0.064973895113719232,-0.27466219187097035,-0.6186872698354392,-0.10784136115948746,0.74395139146261624,-0.83574761802091024,0.99242168817361842,-0.56810324653948263,0.79234500640998595,0.84304240675837394,-0.43086619291369188,0.70635393323088602,0.42961103048879956,-0.81774794143053731,-0.81957289691068735,-0.64987580134218581,-0.59796408234609555,-0.32136139298818489,0.69611439610406523,-0.38027278572577566,-0.047881423774163483,0.31441725899655221,0.1837466901678006,0.42611775907630628,0.743753945769842,-0.026433874187884395,-0.47995551388076446,0.67565765344722206,0.0053360100902188224,0.55148740367244797,-0.13476057443308986,0.53553006584469198,-0.71675488222635497,-0.49819515404997916,0.94018384216983142,-0.11682151667581407,-0.28888744831951269,0.87644804324736314,-0.55222836462719138,-0.88478248349862421,-0.771498865492666,-0.10589508331074943,-0.31424914355176203,0.30226672331527216,-0.92006806111250194,-0.35369199846820837,-0.23413054860621096,0.83588678389564164,-0.11145500762315051,-0.32993492124084478,-0.34034284129790443,-0.11098608762399623,0.14166212681779564,-0.60340510790098367,-0.072352630218510378,-0.88618157175310819,0.89631620162560699,-0.15892474265621018,-0.59481217313862478,-0.40196422910628482,-0.36082409292188
-0.0037931108018925495,0.2394016575972531,0.59320575193667946,0.66799629983519604,0.10912815196003749,0.23671419140449104,-0.011295093841393484,0.26791868404298247,-0.76534169527806062,0.67010222050566315,-0.15117131982396206,0.25716230336381218,0.3012824122578262,0.52570649753455434,0.53488641468166243,0.61438375619666119,0.79772758929279985,0.58499068058977899,0.17401397435507668,-0.013578375792933682,-0.65574352354368781,-0.40003340718111347,0.35901049091649306,0.90702064342205735,-0.87637977102525288,-0.80351625802093396,0.062350143703153955,0.82975423023995987,-0.98812952992993008,-0.12452134105460838,-0.75952611181861085,-0.89107891574724074,0.12898665342365903,-0.14404506793418631,-0.31077421220066981,0.57905408853630669,0.628680754875515,-0.42648094479039261,-0.34516347712694884,0.10347005019294542,0.01417523252800082,0.64271009953619784,-0.50877738443224207,-0.4213579965867093,-0.86557212623626445,-0.95923269714673653,-0.6351731641934022,-0.0726410569105196,-0.38528914498918926,0.22129864098715038,-0.1389379250430065,-0.852588148324535,-0.34256544233345587,-0.3288963408452682,0.31202500163414437,-0.87611117503444846,0.039943425826705979,-0.13073925831365585,-0.2652197488074689,0.075824868283918115,0.95906132989427317,-0.64180406948875657,0.99768849000900373,-0.97274240738783668,0.10387185041124822,0.19821952689836655,0.3137215827061019,0.82692865808211791,-0.53163122393554751,-0.84056891220690011,0.6823039975699754,-0.49976883238761893,-0.079703602970717893,0.10904430277730946,0.20843460302359632,-0.73351446183094549,0.18278574769419309,0.058482692760140689,-0.22897906258992243,0.94702737471118525,-0.79338666918787293
0.040349205135438382,-0.30639456602982951,0.13867864414460121,-0.77797974758299293,0.70707662234392332,-0.15137194225131789,0.3572854035522261,0.27552542174959582,-0.2374917914243177,-0.36185175359856486,-0.38712166686307353,-0.60302168928246813,0.69781336803004912,0.24281685159717475,-0.48461905239598874,-0.25754964144808434,0.36088714343711836,0.63248828358349807,-0.86619478136407424,-0.30117502325023326,-0.38734559498019361,0.97469335828447057,-0.40476186683598986,-0.31101222342357987,0.32224952396522738,0.445929968365612,-0.72105226500950159,-0.49703254480257181,0.66141946473353674,-0.32509813233701723,-0.64497584030437138,-0.27943698857307281,-0.086023208586510885,-0.02575951868753874,0.049451440590655683,-0.21940045770350264,0.4544620095138851,-0.1236767178340548,0.65066060341472698,-0.71991015880498443,-0.92954928599572406,-0.70762036276832885,-0.71497784791872243,-0.16418758696275443,-0.27291042687080436,0.93211296838911828,0.97482065024084874,-0.45230138791854901,-0.22473516829098078,-0.98711679348972436,0.56075886381982842,-0.2669948089892854,-0.9144148281337765,0.82593705258738903,0.82374423736268954,0.14389447545198922,0.83136297179747765,0.81372959045909266,0.55899402950184052,-0.79948311239410252,0.94532333686287096,-0.087762652233731975,0.7530906424956133,0.39511113047045654,-0.57638967447499845,0.18400097308865701,0.69513100993414012,-0.36040485293629049,-0.74672726189517791,0.80756694162623954,-0.56697452830229067,0.28902206468103897,-0.15110877815034388,-0.82849579001801299,0.51776193688165628,0.66317603859141805,-0.073383174674515481,-0.59201809851955101,-0.11356347283608703,-0.68327672078077195,-0.83924215988164819
0.14049489696600587,0.36144153405635732,0.54024680330385899,-0.32101024939375394,-0.30323118990226072,-0.55906709200156368,-0.069213676944064662,0.835585533582614,0.10694542649636554,-0.98462766261993562,0.37180640097663192,0.13146791078739345,-0.13111916262837434,0.042315447087612985,0.58842300344920251,0.10678594118461646,0.66705833921873614,-0.29258794791266812,-0.12957800006726497,-0.20525543318995118,-0.99865740942592962,-0.62856073895167242,-0.47883507958536942,-0.30729667012553258,0.91357341064910424,-0.059708285653750859,0.51401502211944516,0.96600024101391269,0.8834706671715713,-0.3648937170123509,0.03894826266298413,0.86633785050787893,0.81872351379770469,-0.31268398973258749,-0.87351781040471177,0.15797233591191179,0.87461007678459657,0.7191211294311628,-0.090505079266879868,-0.13425420364941232,-0.22255582114012606,0.61499718395152392,-0.019212203831978646,-0.64793731100470231,0.27640311860244793,0.086526195822495391,-0.20382490400282297,-0.19724758650883348,-0.78650383048893746,0.1811706777505786,-0.84633177705213214,-0.47617862377072173,0.33999759616533498,-0.4057243210030268,0.94715126096893187,-0.6476320963712926,-0.97569505852051508,-0.90554789008996672,-0.12632376420094993,0.93212916987566208,-0.52781358949673007,-0.043004133616989966,0.60939991042840203,-0.48361050177534132,0.1953137845934286,-0.93350938538321737,0.35680951690272961,-0.27813949132595706,0.37812031349901309,0.23956495614071338,0.73591011736031464,0.2718302288895153,0.39304767850871369,0.13429797367513213,-0.59174299770547067,-0.44314229705602243,-0.2096252543440042,0.70850350291116138,-0.43769107351145076,-0.2257733176313553,-0.76276315832005925
0.028593754241366853,-0.0156221068958126,0.62304108526690127,-0.083973739404200887,-0.13691438005864762,-0.88975709228000566,0.97196702983528749,-0.071109801649897067,0.86767928095377478,0.1959518539137281,0.1566851084413752,0.41354875745062475,0.21536020501466957,-0.73604731280332336,0.27314277997010133,0.70975082471996154,-0.73034265154437583,-0.39486110593018064,-0.17446890066093002,-0.48731195129379951,0.94207171495207442,0.34483911060270062,0.65977982316683059,0.17416976390048841,0.65179195798657807,0.66755757131054916,0.6354488990706324,0.40054535980903133,0.68715584294686827,-0.91193221612120623,0.71844224872506945,-0.55764011920167389,0.66019599483941105,-0.60983072280610962,-0.098263359517574117,0.1747251301312947,-0.026840303539949442,0.16193340850042925,-0.95338439060500602,-0.52321937350234438,0.52276080838213168,0.75847540611424447,0.66608971153052343,0.50333201713672604,0.87089037320759144,0.59573240194708488,0.52199128335781708,0.15606738691429167,-0.48171088485114721,-0.92347149919069427,-0.80434163645289725,-0.5216089269453914,0.94571609105159493,-0.83076920332957116,0.52939773538984847,-0.45028949443112937,0.032020754360675169,0.26153392053328173,-0.08959962321995607,0.029090897909790147,-0.7574071730059061,-0.68543721821432935,0.62274367490510196,0.92920750904201099,-0.1483281778316709,-0.58699271885577342,-0.19772747231619084,0.20648855148888917,0.11127426076201011,-0.68696072423831422,0.065719236119474458,1.0052406128435951,0.95762374219781932,-0.83242210407073913,0.17093008564561241,-0.25419785602150369,-0.69049519368565626,0.046124248509752795,-0.95056131069761551,0.54971720706208926,-0.25395217431945738
-0.44407499524768762,-0.87829137851549344,-0.12693784666364005,-0.28040672884236484,0.25199335436601839,0.55135688513585479,0.82942873626920233,0.96453066534215759,0.8815028012961893,0.84874354612674774,0.55642497030571114,-0.83462843827499389,0.70984670066518396,-0.52088395792478759,-0.91052776810880787,0.45316108448577408,0.96344009600382985,-0.49199345851518284,0.49367954529321179,-0.81012579368477844,0.52686437054729141,-0.82032296531048299,1.0345000105397457,-0.74236473832558758,-0.24656340727766315,0.42144346277930417,-0.60165695582016909,-0.84757917560103591,-0.64133247101313862,0.58615898617337547,-0.59110025899574781,-0.28811848759396341,-0.556436018505855,0.69218610455387475,0.68044682351482255,-0.9315766524125243,-0.67619143487776501,0.6274145359583102,0.10202659352037229,0.9596191549997396,-0.21186661518130601,1.0305584333168494,0.7308871194175921,0.47559793276214618,1.0213207180152495,-0.58867684353734417,-0.44383710531935333,0.23178407979885199,-0.28665742929847782,-0.32633675747135554,0.39579923503378378,0.36934371761421425,-0.24435430815841219,-0.49686054804496582,0.15893859712025704,-0.25753976852246097,-0.47281904465163871,0.32645249518463287,-0.15166973699013814,-0.10873419156134542,0.72157680651310796,0.22370314305792746,-0.5463943675615911,1.0569445499978798,-0.3749702265220331,-0.91926858465306405,0.81293501712383398,0.77200143759461715,0.84944783216687292,-0.62499644694580048,-0.39884844648242024,0.062502301010015526,0.0031335454597927318,-0.9167368672133609,0.43764050576346958,0.23293694911285995,0.2340255564425982,0.23662594614506741,0.72260504436704276,-0.086176214687447419,0.33217663515065959
-0.24500240058638648,0.7813098788118471,-0.82976654919250648,0.38150662652577011,-0.85752332610641258,0.27572545247661617,0.10949009336793809,0.6204372609237403,-0.10525151222586067,0.90868227866025664,-0.22527165765981921,0.16403605598326709,0.72939019912989722,0.98402782100548902,0.1169533893118552,0.78779379771510716,0.58002943242307403,0.93189388298485332,0.12250370271317419,-0.81197966833720292,-0.66429912189665319,-0.14361657736635003,-0.57608325516538306,-0.59886577115889739,-0.4336646902012406,0.61485791708035509,-0.34663518720143344,-0.63001977367296214,-0.06041666279235381,0.11762325701121285,0.67654191930399565,0.86918364619198774,-0.34258736539812951,-0.93993505797506838,-0.11152822953233456,-0.76622246995684296,0.55469475672566837,0.45784460554246154,0.03482177180659541,-0.55055132989303446,0.72241463722529897,-0.44524723491118939,-0.67066717450932012,-0.073037703472568077,0.1006501647395736,-0.70707456180601691,0.53135955461730455,0.5615979902035676,-0.032774300502558598,0.12446436517243052,-0.99076453543912701,-0.2663037377526386,-0.27881076533678439,0.20745110713273673,0.90829117199060838,-0.91093256380376464,0.32758227602411055,-0.89489211486619313,0.27749576688208427,-0.9644351846997703,0.093121085440277876,-0.65617249251094689,-0.38506756981983409,-0.23774194581863756,-0.66992070209663257,-0.86117317410931404,0.536990240757515,0.44468982111483646,-0.81396152061727944,-0.016313572189132559,-0.018202841699633182,-0.542194184084417,0.84672226082873292,-0.87230089707159153,0.29995441389085337,0.48855191677721022,0.45527871099363948,-0.92567510397920161,-0.79629025856983293,-0.6980505194311194,0.78267107046563678
-0.061809843567989575,0.043103648176211602,-0.79562508679665223,-0.85156427291217973,-0.22145940720039509,0.24593977017762211,-0.050669619581329386,-0.45259388115405691,0.75129202449716548,0.19527031782229715,-0.39359078501071876,0.43784597972282768,-0.59703423647955944,-0.71789196869895477,-0.33095113926022274,-0.080039923251782719,0.40504349792926775,-0.90242740886484252,0.15801518088619926,0.68419269693707363,-0.77078610796064029,-0.05592094762727659,0.48040219936011685,0.56786221010018667,-0.0020822373470420199,0.49339583415193278,-0.43492606313007032,0.86269707312008836,0.609773056188748,-0.68467072558883713,0.0027035941793034672,-0.8665613643410145,-0.4917326198107474,0.6463503488507214,-0.59515583282700091,-0.54505322527876088,-0.9450685390861927,0.11003040352900745,0.69423825578616227,-0.73971321869391493,0.89915934534607156,-0.98508574163491225,-0.32627402718374449,-0.460718032583607,-0.50109082700605856,0.94397379115180402,-0.93083100306201827,-0.75160246391804242,-0.7685839657952549,-0.57749480113380736,0.37070860606944267,0.84467730872000946,0.62299086484293609,0.078010241493294608,-0.58438016339619514,0.40491982170910573,0.21925389613875032,-0.062111114300141886,0.28380513879684816,-0.77518565761413993,-0.75607403049650024,0.90549387806782722,-0.80598230363434509,-0.51691869812099633,0.37380169265792357,-0.011910147892956082,-0.80850904734462781,0.68742057608684581,0.24301812377659401,0.25656562697755875,0.74277122625710212,-0.081531937758117748,-0.40127509221827279,-0.85080602377342585,0.17952987651116839,-0.12750537524744451,-0.64630159347326266,-0.41996519454147746,-0.59252216452612105,-0.74589433418130935,-0.13589720244821021
-0.53925417884753046,-0.80772818796473,-0.79456251955371893,-0.57769852117231801,0.42585844390339195,0.37270243055415325,0.26173877542624707,-0.24088395195732809,-0.73953113068785348,0.92830033301996473,0.19988274472010267,-0.17185645935593702,-0.66244534065650318,-0.64533959549602249,-0.40216407367631102,0.757403532103059,-0.74654616569165,-0.81730692439791863,0.13410966774478947,-0.56474957856636832,-0.80989866293869828,0.62689728831580505,-0.19716786467079661,0.66855837328069123,0.80292079000028238,-0.19317834315688021,-0.17024161531504314,-0.35825044074451767,-0.2740494870598888,0.20208994286972123,0.6234384833477552,-0.46639478864126871,-0.82341285396501707,0.24681429098673072,-0.32521826667679465,0.35107998240388744,-0.26134436387290372,0.67454152160884717,0.50057179118011397,-0.32006472087916343,1.0021232422658415,0.29148411909003469,-0.23693054948397216,0.99585830190006552,0.70285566524726395,-0.40420656013418327,0.2051914715894875,0.75359400809575472,-0.68145993427337515,-0.61023024819834737,0.18183848053159246,-0.76306196398173465,-0.48812667248854413,0.54210848673207956,0.49545012959955703,-0.38891014938754992,0.85642117740893597,0.96525853894152325,-0.69478338803128137,0.032081510643493433,-0.69571633097442143,-0.2703136057396478,0.41482754924268189,0.71679266952539633,-0.69885230304271506,0.23556892563331988,0.093472125188302335,-0.44167242497976605,0.6657865465217967,0.97085072537793249,0.12570000739832998,-0.063306150339362391,-0.69347365409037709,0.8010955507098495,0.83889109789163341,0.43086115205355907,0.56893280040279315,-0.37674513989631214,0.51452477182093215,0.64980453096415203,1.1095335020486738
-0.64498279336716724,1.0038177695492032,-0.86904742003299962,-0.90555286641530142,-0.53819678169243634,0.30112367091085462,0.58890316584670721,-0.93245725347588393,0.67586256972641368,-0.33606321059049638,0.62275221225943167,0.79259521386093723,-0.43579032338818185,-0.74572528411174022,0.58073273510326651,0.82748183553586163,0.79446466346808897,-0.21378964208091539,-0.51492949132341037,-0.93708956178743297,-0.047305120236022562,0.14577806580012934,0.14215393366957976,-0.59374429642802518,0.40986538731747796,-0.87713725717555369,0.56790570417087949,-0.22441073639328074,-0.95242359722331382,-0.46455094699135363,0.63570250169150111,-0.16021227402657209,0.78225347642674281,0.53483693100452745,-0.054829137138377011,0.98212933733556906,-0.0034617830660716585,-0.073119944210136706,-0.78571179763398746,-0.8697672300586905,-0.17311480726644193,0.75960246967581035,-0.80803918134104469,0.6179741179265521,0.47044202367478005,0.21006332854378493,-0.63308689258659079,0.49052881118799535,0.57406803744529367,-0.18805452728304692,-0.99661692367231214,-0.41440652688239688,-0.34038045802894801,0.71849348646331479,0.94849015871579456,0.74016977729469491,-0.77310300046312819,0.80018498796774196,-0.33146921467811802,-0.89144850803863129,0.37151056836893775,0.66736278167357821,-0.12235557430456594,0.083742435876291849,-0.80061965778271937,0.40167298598683537,-0.3119851691987095,-0.082156705985288583,0.5868511979856742,-0.85718554742229314,0.17210186909914577,-0.92020479992041426,-0.45625789762545799,-0.8327524746381163,0.51380318825131632,-0.70327054361354935,0.064740136773315166,-0.12367331596616221,0.31392767530878191,-0.35615230940929049,-0.16069599218670336
0.42330459058487846,-0.61151239720814166,-0.75600429255406543,-0.30281089317184939,0.46019839618783548,-0.30424508622655522,0.61505386399749251,-0.36027655204555331,0.79244000780005897,-0.96790963142417263,0.39415856095065904,0.43705762219330885,0.41417680430123394,-0.230705054021457,-0.98337985794584981,0.26575986208791413,0.35070359365487902,-0.68713290497547319,-0.52100661101230605,0.1010477237400822,0.37845855716360233,0.95401488764448605,0.28869095507905157,0.0010114513752405377,-0.6425072666476247,-0.26969095846242003,-0.29923329331752307,0.40642194543517729,-0.35301985696677102,0.18867167226075035,0.50693090256120277,-0.94875627587912581,0.40620991839781645,0.97079157451999476,-0.6881384390787092,-0.48266018501711327,-0.27802632905584013,0.86740872783891299,-0.59806656887605292,0.66647563930506204,-0.93060678927269713,0.85317460887447161,-0.088860660977751041,-1.00067506941194,-0.41903714081699822,-0.28436835101241142,-0.79035009291494462,0.82013521434410908,-0.96185377985093568,0.92176960207365211,0.76509290253507434,0.75435784460630395,-0.16405550598541341,0.55121225669208118,-0.5653946315021714,-0.89232431166634774,0.42878464194289195,-0.34028251670949428,-0.96533850822578227,0.66668380740459399,0.31230210603331354,-0.969277684023516,0.29313712867554925,0.061535122477945479,0.39711270505457313,-0.45389594411110035,0.082008576885894566,0.051169938754087547,0.58728526731950281,0.83193760173137232,-0.5543600012941422,-0.3688267464066266,-0.59258124687329783,-0.81356140189280657,0.22705430050673725,-0.01009875543968386,-0.99924680807863264,-0.81404446050001356,-0.86697431084910959,-0.58720934747191678,0.75143290878371172
0.55347652256202129,0.64093704508703753,0.52064207025493203,0.86265046353707187,-0.2167750026931643,-0.58357678007267533,-0.28697673380629984,-0.76141838719657828,0.21294884687092874,0.30561345768387527,0.52385168145359085,-0.16407947163814826,0.95208811606835508,-0.016178496630072672,0.52075141174302031,-0.12005443933010813,-0.68668107310670523,-0.28247435655033004,0.34492101610375814,0.77683564715536668,-0.02574902509914162,0.75942997495805697,-0.066570220088845625,0.37833782047837439,0.93686712857502108,0.96283992854666556,0.73291264278291046,0.61231941527919598,0.81718270944125271,-0.47832227894067969,0.5097220496304995,-0.24215583001901805,0.15528997722987831,0.32448741863850461,-0.77038951674382561,-0.71933014443639809,-0.9091442311484943,0.52775581883774814,-0.87782913484827085,-0.25542973229634353,-0.49526649048841576,0.49896404229092295,0.23600062085854542,-0.92746404839338425,0.94391233883400427,-0.11108426016040715,-0.64176868513941043,0.53621694809317788,-0.34776123547105259,0.052551174816196991,0.57819153410064161,0.36445324013315794,-0.42854998375588749,-0.21474370324299474,-0.18476463372163976,-0.82219924409530376,0.22506652645497441,-0.49174950895503283,-0.46693977166025324,-0.63665328889017025,-0.41876065740068613,0.78259201915771714,0.2882875829086281,0.6013724503244926,0.80922718567449059,0.62129068737135928,-0.82208735334430194,0.32636547097074553,0.64324454545035581,0.87091138627361253,-0.56801413304182791,0.26585106961045679,-0.55726673901583956,0.51039983359123942,0.2587042528500027,0.97277484637181444,0.91445049418841629,-0.33880983632992023,-0.11508940595224543,0.97515744326802067,0.040719631346649583
0.64990107192635893,0.83982175629672995,0.9153537848163501,0.17270389414338289,-0.93208092998097303,0.55385088539325955,-0.24963089816803838,0.67270720262678751,0.57811218902534067,0.44478384271882593,-0.79811599260101074,-0.15254494105162303,-0.88262641963952626,-0.60438107838860256,-0.50784216606075416,-0.50168788231829586,-0.14805802577809296,-0.89110417613830162,0.77412496403577857,-0.058226976628936979,-0.56009121511523996,-0.37455396783164696,1.0079527853447365,-0.08413746542259104,1.042027619450941,-0.026551362652290227,-0.81860597387342116,0.18156001493899465,0.61464750987018091,0.04111592854202429,0.59007512672896678,0.60878909509762269,0.62125377567172235,0.99624987949450106,-0.80299873826890267,-0.31008705912180051,0.71116001493016323,0.15155821707618447,0.55602512691993844,0.44004658338447195,0.089381453891599391,-0.81426001548935478,0.96995340451569234,0.21922379957904195,-0.11096437538677467,0.36052862013600662,-0.74572601102654379,-0.64287327120422866,0.11462807994250469,-0.24019308984317117,0.91531803123944533,-0.30529760860234756,-0.88246274538231095,0.60319951095715063,0.22705617880361162,0.63900590297688264,0.056314343851676572,0.32106336611808695,0.21538578106045245,-0.42702911838709035,0.79868648152557831,-0.38062403793807131,0.53707633458271398,-0.78160548324430745,0.040201287749065555,0.061773013641291077,0.7820619181705335,-0.36062787421634473,-0.62512088885343098,-0.64140976861508059,-0.25344646408544547,0.98799458147136177,0.37836630277800887,-0.8117988777322136,-0.13699347712979568,-0.8972771391801484,0.54774979282737501,-0.3929628653263707,0.36764009546085946,-0.67203526099036581,-0.31042484411497989
0.60762618075375563,0.40518260270958989,0.93805936471623408,0.97690210538857025,0.22256145674815528,1.0585313761020814,-0.71445993340055525,0.3309429604452675,-0.84524526344973738,0.76890334547854589,-0.95350592964155767,-0.36734493889099024,-0.83759648644932905,-0.38104034475110543,0.79776679250838722,0.45495726998878566,0.73509628393979465,0.36948815126883916,-0.82191562522789408,-0.78834583213221743,0.10704653039731525,0.36052653847577715,0.80363154631832256,0.94681207708447146,-0.38497416811073781,0.27421356477341002,0.023267873051564834,0.15982012421159628,0.81186073147970028,-0.49539728559853136,-0.35700085907010692,0.2345424025307612,0.6609642302718497,-0.70201623323789641,-0.15255757207379039,-0.30630737508304062,-0.89261636711519488,0.12982242791030524,-0.59136631832247144,0.91787762900969805,0.84484057831855519,-0.039008383671455496,-0.14253044017690361,-0.88729786734932514,0.82611144624782828,-0.75044260109442151,0.97526983545582169,1.0739462365614161,-0.35190211067544763,-0.527281968234109,-0.97072281092821555,-0.57117928605895685,-0.81057569693989584,-0.84889566945055617,0.12297391805199864,-0.95175781987344432,-0.78848289668455396,-0.47458536015631841,0.78146477579248608,0.072662080500551493,0.56042895478090093,-0.67476736057860331,0.81421838071572827,-0.68478654506391701,0.20268254647406789,-0.63303020057755266,-0.82576682154085979,-0.6459362970143675,-0.53243282889964894,-0.34671852643017698,0.87331976654131716,-0.0052598077342942877,-0.37262731779802616,-0.63707019624478245,-0.10422606013120701,-0.44681397828640035,0.74463624429408293,-0.3449190601724153,-0.48579473546211505,-0.56603065218014581,-0.34393375274188653
0.026505973117027293,-0.061180777379436758,-0.78624999666376483,0.25268896753745224,0.50078933985181839,-0.76046504998366415,-0.61330451813815923,0.019623949540428825,-0.70883554673466609,-0.29475591187736055,0.41504408376525986,0.23031041982748637,-0.59206164961353014,-0.072740875134366514,-0.74905616543188758,0.20735212419323271,-0.0050809452167747812,0.53809939893301284,0.916668020784973,-0.56279014012389472,-0.93216257884677001,-0.44460684504817904,0.17941113436476558,-0.36594689821162363,-0.39552942154925347,0.25980134133768051,0.65016516537520719,0.65551638129884238,0.9138669013127797,0.74176784544314212,0.76942896056917442,-0.59953275844679332,0.71312680215708057,-0.62802406628136542,0.65620440939685509,-0.082522071484712273,0.89327627555386158,0.32100317858634569,-0.31405367591661104,-0.77296796069076834,0.84171817992062781,-0.46883840724749704,0.67248468703947861,0.84424077324526647,-0.71714108442268865,0.1432063400957132,-0.93204821833910889,0.045539660484395235,-0.88042342379205252,0.81104318896618299,-0.2542158860284639,0.48040876177729519,0.73661042024348711,0.88006215885932493,0.093752947730185499,0.89444572597037997,-0.57763354324559202,-0.93299810688545248,0.85436603810652245,0.27824832910911385,0.88302426421989089,0.18963149794430584,0.19685804242492103,-0.72526025464897881,0.48235685003392581,0.46225533677322084,-0.77876975538484794,-0.63638219580673461,-0.79394296320217828,-0.40700693341638772,-0.48751139153838091,0.11306398608884172,0.53164595311087748,0.64690835053217854,1.064224841807397,0.95330984646069883,0.49541240332946324,0.85474923739418718,0.98390788889663783,-0.88039226366032375,-0.71999686227133053
0.49135359420143776,0.58349179134924267,-0.74170493619590394,0.08070961598377463,0.41644492815937906,0.0060112699712954075,-0.6816442426676097,0.64428927478017539,0.38768548613687659,0.39540255147368136,1.0676815499700709,-0.17065534837349569,-0.22815880380648951,0.13664856921561921,-0.74789286155029333,-0.24557463438821336,0.16226215118515699,0.062548161399434338,0.046896930181456097,-0.85748711405918765,0.078748994310438733,1.1025037590390752,0.25497438884806406,0.12528320953632016,-0.6954780825354453,0.17043985637610168,-0.45452398965633317,0.28081830065386693,-0.37019530758713576,-0.77141214870979025,-0.13853514868424577,-0.30508675282700587,0.49577863269046818,0.72187434976114984,-0.096040031746146656,-0.18693210721188902,-0.50506311200277165,-0.49850734846284944,0.99062689353004829,-0.4677247542197987,0.62713380401543362,0.72764536282889991,0.11536503879985867,0.44402169294508176,-0.35335686277673722,0.86791474486344677,0.62124706702415711,0.77784178278077709,0.40582280803198056,-0.49274363571650032,0.51148794055456603,0.97398031679375796,-0.67576357811844256,0.62988630736106188,0.95201717908899686,0.08574482179902479,-0.50008466285896602,0.38496334276249966,0.43216305867451998,0.3986434080312623,1.0636509388933604,-0.19463224268900717,0.96813751931781844,-0.30648129699419552,-0.75610832322138,-0.62733657706272428,0.23463396300757333,-0.59082799064880698,0.83700817345020928,0.64076501247298989,0.14708116404684671,0.21641236230253935,0.43011031043063053,-0.14420874649978058,-0.15586188959663413,-0.1830157034812962,0.80672626076612519,-0.61181235416641155,-0.38778458497706247,0.59230338389128567,-0.62811885703337411
-0.18466628037465152,-0.22104821702951005,0.9559822740335977,0.7481185757747002,0.40063430721558613,-0.28562704360658181,0.17069382819770246,0.045429674702646063,0.12841412900098592,0.41662696363520418,0.84798571432978664,0.48028113135820866,-0.20282648971217493,-0.37667700132861776,-0.48957060646949085,0.70009646667114933,-0.736847676567701,-0.74446885888805647,-0.66361796469943812,0.29360119447760707,0.88833817641783563,0.53797512942578207,-0.31901736513394402,0.68330261029409023,1.0201600154236345,-0.47553120953966577,0.3216781541225599,-0.81295829257910235,-0.030540169129556021,0.19621607574595248,-0.6255100298439199,0.32393464493348384,-0.54692797340067756,0.048232456061005111,-0.053658190561629703,0.043401916722315782,-0.24359745051214948,0.41727591507865835,-0.14595643874173522,-0.84022685777925687,0.088249464314381909,-0.90623216288988573,0.49579462241675737,-0.37978142037190377,0.066733722539485466,-0.10312972521103789,-0.26058348751612781,0.15666976758318005,-0.92181224826425501,-0.46871629063237952,-0.70368899272747898,0.52921721664107269,-0.5573339408549931,-0.18303207678822542,-0.92611249478489577,0.97403528891451174,-0.38806643067464125,-0.42949835257154395,-0.90681277009837258,-0.0023055861119282823,-0.50522297670547356,0.096712835784200993,0.39284445959212455,0.94289219531804214,0.75202326802438801,0.80439468476048848,0.22914976056669609,-0.016755230591094624,0.93950939020927215,-0.85350161255725854,0.2429304920551151,-0.30375330509533577,-0.71336790865865018,0.50775459258443512,0.76052751899341053,0.79229344159299497,-0.13962496551467335,0.40160366186946483,0.55964496463749269,-0.20866321320982309,-0.54064874061595047
0.33374777219456087,-0.5709368525362174,-0.10169626494067974,-0.55747934093954132,0.56505789381623017,0.55180925277261361,0.073854816726735079,0.33505421427167281,0.60415410926975921,-0.54881719375946059,0.28423688815035542,0.059781568592096337,-0.23508707106573817,-0.71853381663337412,-0.017745296238942113,-0.34605852109313923,-0.072655776951615972,-0.64432685664988443,0.051007973050505903,0.89061737001410812,-0.67785223733900579,0.9657400245007175,-0.0055758664876865271,-0.060374061141903176,0.24314163586032858,-0.16610196266422067,0.4602773256221705,-0.57253834815672044,0.85860333456976023,0.3033362656426748,0.98270188129103353,0.46639882889147816,-0.49111171579021395,0.035938865199013452,-0.3494043197293531,-0.069062390367244958,0.82897299819215409,-0.210256867929319,0.43207455090280655,0.8873939983595136,0.53695516266711074,0.16266543490662089,-0.080231457865162142,-0.1753145305054504,0.81681347441502439,0.88492500141570229,-0.89858633877738514,-0.80831285396008568,1.0060246819806076,0.0057485963682163991,0.18186609925860164,-0.52732472745879866,0.44100363353645888,0.28626533409257493,0.45118166187518116,-0.81817970139923357,0.21920479951496541,-1.0061001472545537,0.25202199986007973,-0.55877493835036884,-0.20782208195510668,-0.37720213749382031,-0.69562206062465914,-0.890538101699201,0.85949618228925018,-1.0534827505688316,-0.53098395738603144,-0.99180739771523818,0.16108189336314416,0.52897046038548812,0.61731858224852765,-0.10144313088815093,-1.0686364303810338,-0.29810917305521062,0.12150847824034089,-0.53874823798182825,0.38126663977165842,-0.090848238509797674,-0.41310683684790889,0.57059810920143061,-0.50144995742872045
0.43416725964058139,-1.0448967349422613,-0.3459249038008253,-0.93759071437227148,0.43156459259440599,-0.84560442903802957,-0.78796128627811834,-0.80182165771468383,-1.0002947925252823,-0.74976317145913363,0.040500948128650419,-0.12595133741720069,-0.13624432183885776,0.28071480515614516,0.39037344489477654,-0.43627846257223174,-0.036791256167856203,-0.93559884532462678,-0.86916947104186504,0.15376793555479587,0.94894042593632211,0.30394271782337412,0.87132222461201414,-0.98587862194500808,0.83112018261286136,-0.32984876503974081,-0.80957467816553219,0.014339939430323179,0.74604553859839262,-0.46191093455082055,0.59582499710254744,-1.0514635474120368,-0.087279244773790066,-0.53319802910187453,0.43552413015002328,-0.38064506024582345,0.13407474830368499,0.3015461353898079,0.59681497868471922,0.7437648013992354,0.64631900793930608,0.16082690007640332,0.29946166363096899,-0.93873174093662248,-0.72803748410432723,-0.65800506701932215,-0.80412176899635301,-0.27542135160404063,0.36639974997290858,-0.14508107414574045,-0.46159714321012812,-0.25760569168673308,0.86074290846594526,-0.47588626715664573,0.97652963211558341,-0.11145689543793801,-0.033947309180152298,-0.80268220972603954,0.63290585788717812,0.34787586337866477,0.51003616539831109,-0.30017524737255574,0.52548048584823082,0.060438030647587043,-0.59349266982697879,0.17215320575621948,-0.5691338979378805,-0.50751008233439954,0.60081812098602161,-0.2709689322003711,0.55173874667401201,0.93527342874465202,0.73964277868687478,-0.43772039301605115,0.69323716746614839,-1.0920895293388253,0.80505482914736148,0.012769730340076611,0.75782584139264497,0.24727796592409065,0.52666992811110569
0.59974693369593846,0.92457803228813729,-0.82600885295427617,0.52695540950499242,0.25930798817052753,-0.31502043922415734,0.028668869483203466,-0.75753208004616801,-0.28233680507753245,0.81599399052268817,-0.086511723221830081,-0.76748564472448444,0.57975982885719901,-0.53718089506563593,0.047380676666197774,0.79418025053547137,0.87128260322714091,-0.46495249029062702,0.50932972754740935,0.28087972524296495,-0.71064166686383745,-0.52152408974949949,0.051034638976956474,-0.60615733897366497,0.5186333502349989,-0.561888981309694,-0.14985943149558692,0.71898390958296121,0.84318396161265197,0.34446865515359043,0.41627184417030999,0.85859862177492641,-0.32804432876255968,-0.27605100009063277,-0.2758183872022939,-0.605076757749345,0.27675261524894806,0.5839944450013721,-0.33629485385910601,-0.40906577668365779,-0.064526318778176009,0.82929344244201697,0.15704747291838742,-0.91938999998861337,0.36186309851427112,-0.47425493444404726,0.13220925147230178,0.84710649673070526,0.55135832116700545,0.95643949971957265,-0.56246232012888986,-0.024594486517439895,0.34206241109023816,0.052620954619926996,-0.24878287775016827,-0.50492299709106303,-0.10823781999319142,-0.7568973964892719,0.98243077384133881,-0.86573696717116055,0.15039641125562681,0.35774752183239222,0.60316272259018799,0.8243038264072744,-0.75612724267910358,0.7981741939231396,-0.10078184406016222,0.071987385607532123,0.0042466490508402659,-0.80759999484409783,0.22314322599686448,-0.47971088354433783,0.38224775192896465,0.77828191199618679,-0.42369715045683631,0.17167515342295003,0.47649088925776445,0.31506506059178491,0.95199130352087347,0.0039913970689510895,0.9124247181990397
0.16203167225595994,-0.21780424012596422,-0.55059177467989762,-0.069550409741334709,-0.062174693602951539,-0.15415363244183397,-0.40376975751245719,0.46799741659012301,-0.11673094164147434,-0.45515242930244482,0.46554017253664554,0.62925572508869254,0.37339434997918786,-0.43027754317756789,0.54899965221557256,-0.12942718062667596,-0.16243824761158707,-0.4214224653968982,-0.010010897715313057,0.35376135270402204,-0.77098343450480789,0.98127406580030618,0.13185572697837186,0.89808923126153195,-0.92979249799749863,0.76760592776068792,-0.98832010606683296,0.13736252579972341,0.025158238529384119,0.14378289797063298,0.84168904133591127,0.42171749951610865,-0.93266415256319024,-0.97332842357130789,0.21437552612332664,-0.50729684782567952,-0.63420372420765758,0.90560028494385425,0.49010642683015221,-0.15138296540357415,0.87950041404308077,0.60622946068416095,-0.32753800165284236,0.9888235982640925,0.75643212537190385,0.58067883556996747,0.6212764282752784,0.9794261865458499,-0.98924863868169954,-0.30015546176621333,0.052783151562371122,0.024844892165753141,-0.036393559444006351,-0.54160429449677727,-0.85592911484397749,0.30479780015275515,-0.67711046008872477,0.67268527012598256,-0.27294791951829905,0.72550274524905878,-0.19074579605095024,0.28737862172900835,0.10218099019171864,0.12019142967693232,-0.4984490016989821,0.079517804993552071,0.59340376276766804,0.58258709642810269,0.41248662993542318,0.77887285638439718,0.50171005990095296,0.84770159038659121,0.87085624680953566,-0.62832339806115811,-0.68101628730059272,0.49036695023720622,0.35275544292420441,0.74306066459819742,-0.44263308261148537,0.84488302392224213,0.92516235877437236
-0.86392629680517841,-0.67855012823817584,0.5015230359168974,-0.40062899796330054,-0.30721301977369686,0.029072439267501561,-0.25625171218762333,0.26038509121808823,0.59017715442651475,-0.30251460351096426,-0.89640117246588202,-0.10635927711852423,-0.58657740301003813,0.26990607849646014,0.46260447407107064,0.51570231516475573,0.57744393893538115,-0.26806647951649687,-0.29013118984261888,0.53425217029079142,-0.63893491549672321,1.004834519562561,0.17849996105291482,0.52965144339937686,0.13639401830914744,0.5789649453434752,0.27625062351267532,0.42109829785763098,0.76129351072737883,-0.1400131029140752,0.96836335893653447,0.75308799782826508,0.033547533740512885,0.20940726672612237,-0.17357483535596047,-0.77075903255615852,0.50020659949794544,0.5018009205964622,-0.11794940691707603,-0.53656075036402484,-0.80727049923682115,0.35973839871231095,0.79423641172465687,-0.33361246788847154,0.017592574599891459,-0.0076968381832576106,0.83554333511749679,-0.83483831884282966,0.63640173118595178,0.55238979822315237,-0.26886957126777744,-0.16813561838651037,-0.77138070024260186,0.71059006246850798,-0.42431771265317597,-0.72548489124146942,-0.0037610804396594928,-0.53324909260429076,0.18638100394120038,-0.39528171739141477,-0.58896635818988508,0.76444330832537799,0.61795445191225862,0.031733147641645421,0.18798647085604756,-0.14087957256851283,-0.059761770147268189,0.21832733509336608,-0.35514051344755948,0.11524475871378149,0.62677672952138186,0.61829211957458663,-0.77789086475809055,0.27087494964053249,0.022133490726490498,-0.9463651552571789,0.94624034300683857,-0.33336860602134938,0.17220591276608477,-0.90515078328133058,0.55696280787482122
-0.46161194860137905,-0.023125209552451041,0.60288259716252768,0.37442653916046859,0.21721226826944076,0.051455508144431492,-0.63628424368248138,0.21277129608155743,-0.18909822546432828,-0.50405432776246262,-0.79018890457319579,-0.50112567821335408,0.3048757343942658,-0.86837109421679193,-0.17479932269481896,-0.076224975029301673,-0.94554236725726348,-0.68078800327448086,-0.094726566696819697,-0.54390262307437054,0.51895145299952994,-0.5230295032038722,-0.35428597717496607,0.73027349912082451,0.32847901162837029,0.3432577489278813,-0.36237422919446449,-0.3307861042835325,0.38149929938247845,-0.80723707896821462,-0.64859124091427123,-0.27098666249133097,0.49440445072918465,0.32176115171802216,-0.45046495284557203,-0.60400424559311705,-0.3855419522402766,-0.15133899067241896,-0.38998226617583293,-0.68725413542258307,0.56710866253192327,0.88210880907071798,0.20472496725374431,-0.57435662807590149,-0.43031586755187734,-0.59957401729922255,0.43885825212997231,-0.94243641986314297,-0.47567885981098085,0.94691567469465776,-0.82135819173307667,-0.38344513955327764,-0.46998176010147086,0.46970668183299535,-0.45356237586229897,-0.0045261075206314743,-0.54889587375137339,-0.4522869678425544,-0.38043534625559783,-0.43073146275800933,0.68305289656872847,-0.78234274144795379,-0.88475220657102938,0.92094000332707393,0.55117992395960425,-0.70956194556396013,-0.66665645206812507,-0.80899367578175774,-0.74855814282361044,0.25910147033615216,-0.96589984336396106,-0.0068586907489340491,0.89338290565560796,0.66325468860861181,-0.36118753355562927,1.0028441176689815,-0.10607454842848169,-0.41947447306227004,0.58981217412867415,-0.25438750381752279,-0.30902032231168663
-0.67641572733612998,0.68323464794815947,0.55188895692845641,-0.46650411622802185,-0.01979220276405003,0.94216870061244029,0.63871702762583882,0.94227037133109282,-0.30822946212027036,0.68152047302896801,-0.63953561532231995,-0.54462906413451695,0.86980321468234922,-0.71276776689577725,0.56193839427371317,-0.91636841499477273,0.48718839183027474,-0.45798398179971622,-0.026342497118183809,0.20046623120166523,0.55503051808762249,0.83386803666481846,0.012818981263413826,0.20676590160910832,-0.6088736127331571,0.45099832416781649,-0.89798853639475495,-0.78274459009652131,-0.066134524305903331,0.16295503522507707,-0.61016272322924114,0.02606721235348158,0.6535019719007148,-0.24984796289284741,0.37888020536937644,0.31494182318666902,1.0782295208518542,1.0809931925205194,0.51780181507588896,-0.67178895707433461,-0.65052407592630523,1.0095269568351499,0.94923057089105922,-0.81774901406301681,0.64721231337778629,0.0085806092702123381,-0.32184349956625458,0.3219407206420648,-0.0021571933578328232,0.025969017677782195,0.11469490369572899,0.64729477683985692,0.28390534948272239,0.37052490848495068,0.97863413809268507,0.39127415373706687,0.89624096562359656,0.009624153291198187,-0.62689144187472401,0.97806315412558475,0.15537027621581667,-0.75053045508617999,-0.60398744480811428,-0.52295528711035288,0.44567801948357966,-0.92738297816485826,0.64344283042601214,0.59817387230289965,-0.93330048767110452,1.0054556446789884,-0.077621520393857918,0.67769019745848547,0.6148741396724402,-0.83781540917919939,-0.14295811043985407,-0.35466928625640959,-0.76125764455834544,-0.005040488752601973,-0.15513847517943194,-0.14967929767340468,-0.70559044541658611
-0.41544179113307028,0.45292669956462694,-0.27244347822378107,0.038155808882357471,-0.218093014238428,-0.33906165200083671,0.90083481477925831,0.52510612288085279,0.19873046169769484,0.10497706776544775,-0.38149464907635544,0.59474792873809534,0.63013314005274468,-0.39033016038449692,0.8147011963773646,-0.19264369617643379,-0.44607441204480525,-0.31380229290432587,-0.71939165624942747,-0.45838925800855868,0.5616570998020235,-0.0015752506412861494,0.87021179480869848,-0.78810350254173633,-0.34632423810962049,0.59778174571281073,-0.20335731533041099,-0.88778633839300047,-0.90442658158414557,0.49895344551250503,-0.90797034851940983,0.22593876001128399,0.97235268282958986,0.39802865745867116,0.39415341126120285,0.080060293260011975,-0.22875590572768284,0.56747911589407074,0.65611982861684759,0.51279815875861212,0.25521147131166566,-0.89807060348930745,-0.84273847951710323,-0.700730591837747,0.31118793223927249,-0.3048243886339651,-0.50925756298534974,0.82376401439170643,0.3236669473983767,-0.6184502117735502,-0.29384201088084627,0.43349234740613451,-0.059474875748463885,0.3716151125210696,-0.75313563845144493,0.44965494391738464,-0.86517001613921729,-0.24785906985615327,-0.98882565544821932,0.50073173244624736,-0.097929667652081526,0.8470512286614198,0.46298690654572155,0.31048947455325471,-0.76548831746749024,-1.1110491662737014,0.023457057073786057,0.67539453546167127,0.0090300129169752375,0.24136692541372384,-1.1667548748364349,-1.1121691021345568,-0.26060072390443623,0.42296660707413586,-0.30109409769125633,0.33335738079674954,0.48608805359931712,-0.85769512263794556,0.072280799700774112,0.76010844441729042,-0.84177965593841642
-0.47146925314242294,-0.34668041267085131,0.22131357974515758,0.13264243854957164,-0.57160423620760281,-0.77354020361831188,-0.56688305370515157,0.56026299796372836,-0.38865029361293152,-0.59407013647442486,0.90676914738726955,-0.67622511793105244,0.68049733488901443,-0.91602314637907145,-0.69685207801730242,-0.17745003232241899,0.35609993211159463,-0.15272251656078856,0.47095416059632028,0.044475861672341223,-0.0048814854028590045,0.37185533425954326,-0.11556283900369922,0.7163830101774904,-0.2578444936699385,0.052962431006748731,-0.50401169342354812,0.58402272091938967,-0.2356104063462279,-0.75938601124018001,-0.98747943871211141,-0.71014935091055309,0.36343324758660889,0.67788951899194749,0.33590905611665439,0.38357226096679187,-0.74663478986152543,-1.0293587602593457,0.06469985221602198,-0.10414503694953568,0.730120137815647,-0.61006581104008761,-0.76688534196275526,0.62704224544381038,0.41895219817074791,0.58497790232684943,-0.58849564780506836,0.49682233260517028,-0.34516164256127202,0.71537634723770027,0.83680764283310394,-0.78156859444465465,0.03859201306215887,-0.061619013129560751,-0.78609400039750343,-0.84919765983925311,0.80724717280528768,-0.081173127165418885,0.3797058708914412,0.5132156404074264,0.62552599952762267,-0.31321495726473392,0.82830123056452531,-0.47818865575547187,0.16722325917123004,-0.18742554560634017,-0.58768075927374974,-0.62998714287157098,-0.92093798159368501,0.03158858321995868,0.94419697654445389,0.79293012403453278,-0.89071594418498878,0.66326963784525672,-0.51002910903738274,-0.80701800179234706,-0.16665913785530112,-0.0055779318940177777,0.35052857317160035,-0.33991998827427239,-1.0010863179229648
0.31921760999933418,0.57372799554267939,-0.90081655421877915,-0.58623732982931898,-0.53912525586927851,1.2872176164956957,0.31472587612285108,-0.29316243288107691,0.46136988975308929,1.0419094969986968,-0.67737404938024137,0.17985564864699741,0.72751364083966064,-0.10363633944295092,0.67124811755245839,0.19347895756263592,0.53164326697437236,0.42290503018371184,0.093866163246585754,-0.10224181115343454,0.73369816785228059,-0.892615430548794,-0.62577746794785061,0.41540943654430601,-0.29054836578834298,-0.71633469648036829,-0.024056580966941892,0.3486417439386949,0.6368536709759095,-0.19486714528385929,0.97593432028343352,-0.6624645472994064,-0.32575288779108713,0.2765299339193556,0.49039736775931075,1.0891887077403488,-0.51058640581027415,0.079845143440607766,0.28936638743975507,0.48027490904098313,-0.13303745068178591,0.045213608320569663,0.13690803980740437,0.58822393429684672,0.67587946618831762,0.31870064284127908,0.031067628228350314,-0.1891833646777131,-0.012535209477587695,0.033612958354655394,-0.82680574553603303,-0.51212103517625263,-0.24319426799150068,0.13677464092155578,0.48425419703382633,-0.90209305005568174,-0.35365256187238003,0.12149146559600815,0.22061349054940119,0.088272866504044006,-0.087715397061712497,-0.059872902542452755,-0.10138160764337828,-0.43011174536800206,0.0062946912961317934,0.10239640651875491,-1.2022291061850057,-0.44305889145739574,0.21932321533528015,-0.24957038952672042,0.33764523277666414,-0.99922830461517276,-1.1123990502027286,-0.74843074339227389,0.27923340337302832,-0.53368576459229522,-0.81324534003911508,0.58663183674111197,-0.41154858291634355,0.54600188310819109,-0.51743261019669295
-0.077930049812410584,-0.12302508995907553,0.64814653361275598,-0.49956169213885421,-0.31151658215056782,-0.31474244387850964,0.31770052199014798,-0.23255457883263353,-0.15351830757914181,0.73761132583945344,0.61946780510806154,0.38466978743898611,-0.086833406956764378,0.61964580752244058,-0.64266157806269841,0.1943023603003575,0.046339845079551321,-0.27812296029134592,0.1312556721442317,0.93518786191897041,-0.56433035925738584,0.0030316850302776282,0.46152174195223916,0.62958928018965277,0.2760424945983258,-0.27951803418841686,0.037209795141858792,-0.80662310783570601,-0.91436796804206633,-0.74235774582049641,-0.6268197962380172,0.87208478815667945,-0.97146175188044881,0.16714569921114258,-0.34850336770397844,0.73689122774782645,0.75059965076619684,0.73484172565190964,0.098399711640332135,0.35005064456722479,0.43308443226267213,0.33304841651250539,0.43664948205945731,-0.77190775705620296,0.82817223805259288,0.33745804363655874,-0.56080112334268351,0.53400911301344811,-0.50321662540338541,0.97352894675271584,0.67831000577537615,0.015575258182175089,-0.77963266747641069,0.09709884475729269,0.49329398431838123,-0.87565029483138856,0.13355312997909402,-0.54141893014959153,0.79907585889610055,-0.12050130172638339,0.54651194483547882,0.71877790232539451,-0.93723167404125962,0.77672334675158783,0.53659844965676629,-0.53680228192589485,-0.54563703003654229,-0.76668939658475554,0.54027323573474773,0.18422500611170731,0.8659504600182818,-0.54027499048119232,0.57657452727438185,0.71411667843050575,0.7656180283010986,-0.68399147808798855,-0.071073213518539985,0.8985478646190439,0.94360364856274614,-0.4953685036311582,0.25205632251268278
0.52560924813502585,-0.40926460173590196,0.9289850064022942,0.095599956958287935,0.94909334150780156,0.8869422330363016,0.079601027584419809,0.5724726478506128,0.77270862976313592,-0.37723832360739795,0.25533052785708538,0.96550996482020002,-0.74313351849137321,-0.29009054761084846,-0.27259144672982466,0.0032358970905545363,-0.39235063621149613,0.80893303976509601,0.015842370722926914,0.7025188230909194,0.088565389731079025,0.28441063686801432,-0.86614266148084817,0.79750398797109878,-0.7134134670675939,-0.81676046740528752,-0.83645680690528756,0.49378742637889139,0.24892971344173181,-0.72145259990704713,-0.12102189388025848,0.51868635131744267,-0.49525397593459852,-0.78052605783125684,0.86559204258746425,-0.5548064297036891,-0.58470885741303147,0.8098722156169873,-0.58868494890944378,-0.68194825758197575,0.48888097147494064,0.74375383248765381,0.78248393803232685,0.92591515160583959,-0.49616687824459582,-0.95702405608822372,0.77251636537173529,-0.18515318191083133,-0.19913040276396679,-0.3496417123091724,0.33696214741277997,0.13814062768913726,-0.63209095224592882,0.41388818163190444,-0.76084003342100504,0.34564146121388578,-0.51436938159553058,0.85807349793253773,0.67162157042373871,-0.91139545434259739,-0.29123541636091183,0.19926875173508968,0.41774471713832589,0.85596442705598075,0.23165479039983339,0.56085525301066241,-0.66656134846876769,-0.26374126111446905,0.7522134673936135,0.38327162861827285,0.84853918689889329,-0.30593649431376713,0.40831686548867219,0.88529912737808447,0.49295405021984273,0.8658734163239189,0.25507607590483083,0.60030311666114511,-0.36626853402297943,0.15383262528748243,-0.92382644259921709
-0.67842284081583804,0.21169170101489754,0.4827640700220942,-0.47933729129869551,-0.92135131089591671,0.4988901540138902,-0.21491013412351237,-0.70604337637198944,-0.29447108956071688,0.29494685982583302,-0.053137091807282127,0.78640826234122985,0.44820519042733026,0.4015241648526493,0.37663354083568862,-0.59839797427545138,0.92770293376722535,0.96851474299241602,0.47773304434321917,0.54408846010520151,-0.87705062379307042,-0.10165581298184388,-0.90569268077559062,-1.0011327500974543,0.36484871768215821,0.074790230505879227,-0.32534605529591687,-0.11974656465182977,0.10173685128662234,0.88559271691937158,0.069594398773821203,-0.268128288321065,-0.14847885926704396,-0.97827001369059197,-0.080611820686357874,0.53868650929108419,0.91395775430543047,-0.60334088639224603,0.43728907418183705,0.43375245380431204,-0.46701852323597948,-0.68592744260500915,-0.42397721061582044,-0.97520479850529684,0.076071980874620374,0.28707943018596577,-1.0208690263563416,-0.30077379257239628,0.61110024396704843,0.82445677632130077,-0.26993132973630152,-0.25432241406712364,-0.678985590319511,-0.87835166517565688,-0.026279010223103416,-0.758465603350305,-0.60249111382761134,-0.73978063089439161,-0.97098068927763415,0.13943425535205611,0.2658898852240959,-0.43179094049542782,-0.22755057687132726,0.55946018545989806,0.80922310248504337,0.5840126435165367,0.20135834121992549,0.90618985757578729,-0.54294557163917911,-0.67638216954178254,0.74615353470038026,0.22133319495305626,-0.116020759826008,0.23896856928821353,0.72583807135910228,0.50207829269221627,0.60146438453870454,0.7971633679161283,-0.56498277539360564,0.87545624156783619,-0.57808162295298227
-0.92628366630060754,0.73346394117973213,0.18390613793948424,0.93054830175237913,-0.71670346030260756,0.026970108985492174,-0.021377923697691072,0.066570061328697042,-0.70099011341584805,0.29032806954386464,0.10198799864307942,0.29181197662858521,-0.42163253375916471,-0.64379992444404499,-0.70698906737928879,-0.01187647254612541,0.716539851604026,-0.43435715425379673,0.66881324479669813,-0.2958479465508988,0.055116194565815714,-0.56173897546991558,0.77384914163172924,-0.7185088641032048,0.62220823426713789,0.90061259457452381,0.083416225637639438,0.19545386563150532,0.15380967795112413,0.37672306616531182,0.06469382736230421,0.15911184734325878,-0.80893145010446843,0.027519598620666011,0.3516323167054366,0.61464173346771533,0.46400569865689389,-0.45353484468454358,0.74990473455353213,-0.39788032838249021,-0.84763577465744322,0.94991645203184216,0.48462483457451144,0.76515954039033951,-0.032945133277089214,1.028575281435463,-0.51667023377419419,1.0147542215579319,0.93247417184149006,0.49110330713767425,-0.070697103531145333,-0.012962865284411818,0.050395706317227118,-0.21921005000723859,0.095670348285228135,-0.5951540891255801,0.89411899137811368,-0.47605898130612351,-0.16136369594351865,-0.43008802307237365,-0.64137716956084145,-0.6964413988863436,-0.13216980598878364,-0.52213063016484085,0.80541922905846197,-0.62710904802438638,-0.48626777369207214,-0.20157685505672487,0.36578771795919929,-0.85162198271587641,-0.6164446410196649,-0.85785071992759698,-0.80009829462605386,-0.29531664635233768,0.31934098272056849,0.42599099512826633,-0.56045519348371242,0.095392692129735779,0.44515846664720604,-0.08035528658968509,0.40147559406279487
0.89013243960309918,0.55514313418883998,-0.5261946863404815,0.91267594528796525,-0.045623508791168312,-1.2355938692401101,-1.098384163549869,-0.54042831479535736,-0.85176895183354662,-0.90318447237354771,0.89554363954204208,-0.26792500356583099,0.90696092743815826,-0.82180288165131465,-0.92201317265978266,-0.82073717347931818,0.15956373049230985,0.7958569246485816,0.68605349697102669,-0.58795741680849278,0.29463785303940565,0.25948766072767554,0.80184928377159581,-0.16359026747987482,-0.74386130398647521,0.049185420081918688,-0.55945943993272718,-0.8804214889182137,0.22380402507832226,0.11492402542121012,0.1569149567542584,-0.74349686859829234,0.14326110988199048,0.86849116291286277,-0.18148314461066234,0.11634741686854233,-0.68139982300425561,-0.70834783464214079,0.4795287210122916,-0.28456013666393515,0.25014667505019034,0.7776698851418844,-0.84300104254513508,-0.68219776584997305,0.37383503816369812,0.33358473955702622,0.60134245538687825,0.74115086173842759,-1.0631267515026785,0.21076433946684425,0.9399473225172732,-0.21264589917434762,0.28245306912141355,0.8878000962043795,0.74807976966408751,-0.4702251637568276,1.0418926006406524,-0.62388806418897536,0.24840161930937316,-0.41113850339006619,0.54891525879391279,-0.95384100052129661,0.025075292083021526,-0.88392686285940147,0.92669086473878648,1.1154785255488842,0.27365590218564873,-0.15538003367128075,1.0639753366326452,0.35961981811473687,1.1994736648716735,0.67803362090466812,-0.68150252368770026,-0.23025188139800493,0.81284605638185625,0.27979184889579001,0.91193987301364232,-0.91471283971158324,0.44493955921993661,0.17292589858629615,0.73627851712001802
0.98135070811193104,-0.009116189759941799,0.59505678016180219,0.47727226845799031,0.22013360016334693,-0.90203740325506498,-0.74778045580605124,0.47112616420334358,0.78421827871666638,0.48591319494558688,0.4351053530543203,-0.45001597533998122,0.39472958293512833,0.95355230747363284,-0.60472982725054136,0.64968837748091246,0.026728010074860808,-0.10126880813187727,-0.64662689871029855,-0.023099567032455835,-0.34064635237968788,-0.53879534928107842,-0.17789518275285679,0.25716392318263898,-0.93088305084219847,0.70034653538763303,0.42981609963006584,0.73634921677980003,0.71493596127410264,-0.21138505696233834,0.80198077187682637,-0.61137855637319694,1.0299635986752604,-0.59827253164341754,0.77799469912279395,-0.43106553145821941,-0.77324587377344889,0.30541569350053205,0.45962203455986461,0.29742208636720779,-0.4046998827323412,0.65139483917293206,0.3545708248876322,0.35707222791346044,-0.41228587918177367,-0.93341305127776308,0.37229083080544484,-0.60067489486575854,-0.24134738639565542,-0.38978153531545201,-0.98210889392554312,-0.24392674151499572,-0.029098151759698876,0.10345441186836846,0.2954582884392476,0.65699988337948545,-0.28034124569704705,-0.85536579057553874,-0.33699350896966385,0.67808361103890757,-0.65753061487404507,0.64463701076992641,-0.62562769081346215,-0.50829039163383483,-0.50304532122433965,-0.43756389337577073,-0.21535688205323794,0.61476616010880869,0.37547756385331588,-0.17807448977579779,0.92372550298630396,0.47908417470205233,-0.68100733857538509,0.28318327600335014,-0.15199557500065486,0.90396863145590256,0.30383671422690017,-0.30204382839899796,0.45148520300424066,0.68065236520749173,-0.25680291494945334
0.5971934106004787,0.070241456623537604,0.92539482953246921,0.30053410783859591,0.96844436744298912,0.7787377484652015,-0.45252087601470398,-0.22175999268405727,0.43544048311183942,-0.61696879422742612,-0.23602061446706543,0.8488276581539258,0.47720574908982721,0.50923547015153525,0.59234602642532486,0.71196934766587716,-0.8035732894827563,-0.095853105164605518,0.23678842741715259,0.44326302837330522,0.5316250437047132,-0.47813270989848256,-0.87675243274178338,0.69760970387240573,-0.65550634852762857,-0.59788773647664439,0.89708498381723922,-0.14285675419179009,-0.42508802584507716,0.76292258324320306,-0.31472315378098309,-0.68754210425881734,-0.94696046727546201,-0.35679898435250534,-0.12294456147142954,0.32384503327750158,0.25329797377168245,0.032424580971131052,0.83640956640757536,0.91111265127167973,-0.53432641446568585,-0.66797585005557203,0.1441031552123424,0.72686120205206284,-0.72812646208952791,-0.44884778699318689,-0.34508908112420689,0.5623239555977888,-0.65064623677132494,-0.97851124796124656,-0.17508442470900032,-0.59937047352245887,-0.55243049014090462,-0.871154285333815,0.50154063694882756,0.55280145884318954,-0.60256900819545933,-0.97206771620474797,0.003485243794573037,-0.00073103685508966705,0.63992522140214936,0.11754950487261172,0.17473723534106139,-0.88173487040862142,0.19389290172344414,0.6343484692044189,0.91169592202547767,-0.49500863704230424,-0.48392501700483875,0.35182659214777851,0.60756937072832684,0.81829516690321946,-0.25536521885762997,0.74191740330450906,0.59136999446570426,-0.34323829848369486,-0.57129992191949364,0.42427017424203506,0.33565036792199138,-0.086055333436838619,-0.58189002899035092
0.26301007658926295,-0.47350770710783724,-0.24850194007226301,-0.80853691952534512,0.10210964074182814,-0.97190541711738465,0.97661839073611811,-0.75994753987352992,0.55263301841144252,-0.63725159823545097,0.53587599226363458,-0.55740065196765631,0.12054923943815338,0.88568466397055512,-0.054410780459696391,0.15554431156535317,-0.34261153167448799,-0.21560051238908248,-0.14062521544712842,0.45723468490501884,0.1082200261296979,-0.81833923240074347,-0.14658393060641042,-0.75542193144026482,0.29259662648030993,-0.55607166472523983,0.89705391500579268,-0.046097880214241653,0.56859016419013975,-0.43576606862176737,0.070312115406105963,-0.65792115459428024,-0.93371934037883741,0.32398790996734428,0.14486484208836414,0.52174559304368306,0.451616256430729,0.69759523324490014,0.8861037076101963,-0.0035033883879078552,-0.91307222094232954,0.19181001718814977,0.24731068497373762,0.26494324490125909,0.33925585101776734,-0.51726676171163088,-0.27438503481093651,0.77113906321914005,0.057088057643049347,-0.036269975131544001,-0.62355967375539323,0.33483282284116411,0.16887540652135313,0.49674347519759476,0.43181590279305415,0.59700064442655709,-0.53080682073753227,-0.22780302488660154,-0.89460860069652548,0.63259854282993266,0.95256307825044395,-0.46844224550093694,0.97350235590707113,0.72652836459590708,-0.79367327017510392,-0.50615287412271937,0.55220543181862647,-0.58514484954520363,-0.19558363019891947,0.617485221239917,0.63987130760590893,-0.6846232900015643,-0.018411209273976162,0.64704286784195131,0.27817988535726251,-0.32310490253897844,0.79624833565008912,0.53219075562365425,0.56666609843249216,0.57794717243307114,0.68601232944476187
0.79343976000472283,-0.84181759810991841,-0.1587178491833264,0.33238576003920278,-0.87633549594820459,0.020403967962736372,0.15739922345512952,-0.56168541663729588,0.53223293362447754,0.29451129405129067,-0.99229046805497623,-0.24236820742456885,-0.81222250028173404,-0.30399043767719891,-0.56399016969330851,-0.026973117410521066,-0.0044561660941405071,-0.81975628384144716,0.37814633333719821,0.64923516913359081,-0.49653885065193082,0.33587385142562221,0.15404819493832603,-0.19958530810868558,0.19798147768128407,0.24223832064168571,0.56737988275623708,-0.84009231339724089,-0.93207105254906897,-0.1397281780941538,0.43894109499766348,0.50037646340271991,-0.64347279811666458,-0.72411291641701947,-0.54425798804613945,-0.053191054769580727,0.4729494251597478,-0.45108045670299823,-0.30360646593576457,0.71903726158045245,-0.42151889804050674,-0.92655307969499479,0.88279503732656495,-0.69725887067367953,0.35469365327564617,-0.7443108963399534,-0.40064828325450125,-0.26087551082137783,-0.87438371341361687,0.061058967509268341,-0.64962467413102443,-0.5879458012572536,-0.70962364215772467,-0.14190830878109706,-0.53008587909750404,-0.75103191157932858,0.82087162332126984,-0.17502669067159651,-0.62655108020882455,0.91825834489819658,0.10629505279958115,0.95435771498867505,0.35265224236631337,0.54379937661957423,0.40503390915401066,0.11988462598846875,0.014171553429309288,0.97994846599748309,0.22966345021393891,-0.81975016573224413,0.55182247063871837,-0.84035343676673968,0.22981633992475353,-0.03172773078781916,0.70207159182705958,-0.72305841073541288,-0.079528752399006072,-0.96651734420612179,-0.045795205009738486,-0.30556641590565131,0.60157835218009381
0.043276077023632509,-0.21111485068959218,-0.060526854006118298,0.32729886386763318,-0.020788582545882641,-0.6374760585905016,0.95787928781697163,-0.67252808855237722,-0.5857771704412309,-0.15588122692130241,-0.1912480842083818,-0.13381579963717333,-0.11725177134146555,0.89634921549056912,-0.28152405949778125,0.38685497631940624,0.1438758528926635,0.10605974856820491,0.57837469248679263,0.3438601983237991,0.61238526390947323,0.77115461659843831,0.63049402480915617,-0.091944557545018901,-0.72871305680673071,0.43019628337362903,-0.61712042359327324,0.12037621417939416,-0.4672099347428873,0.83709846558054468,0.39221511343806992,0.054423093119172497,0.80489332021766824,-0.051701476571785962,0.59076924734933056,0.15205111419794093,0.038311609006161797,-0.24253371130430904,0.58996895106692537,0.43458706765004029,0.82080570375427264,0.071468711322421066,0.3133119320697163,0.82636778248233811,0.5286096165673384,0.42596764032271683,0.52202492693016733,0.33469749862250808,0.24461996204598319,0.35481041789548357,0.53646889017469901,-0.41160656787947025,-0.5313781314645325,-0.35445388123845634,-0.20780840758572094,-0.53292248791765384,-0.2333066815858178,-0.028311772193516011,0.41484764928194989,1.0015377475292377,-0.25226080111017096,-0.79877286958293092,-0.26686956690687963,0.19452490955902443,-0.6702218135683311,-0.57201756373872947,-0.85019742309852242,0.36834457399336612,0.86317972153517142,0.067756370938400881,0.38453749215876776,-0.2809464734339478,0.5309144631568119,-0.022508384340891183,0.78504081930917258,0.91236361149263534,0.092321247796617795,0.53099137206158054,-0.96663394796544799,-0.6125329090914402,-0.62397015787872323
0.48161943412100977,-0.3338084775754695,0.026071427019177359,0.39301587086156881,-0.48963877052140342,-0.13027902392357862,0.77483144327144238,0.11242088811517917,-0.2416100705637598,0.32616603679884654,-0.0098878965519522497,0.11087221104489126,-0.10712719627022488,-0.52532859147372157,0.87848140536288144,-0.6271329168104619,-0.69998820293948427,-0.022311423341955457,-0.85873660388276774,0.048279663734213836,0.84405737081853704,-0.1569719259694965,0.5983984091338348,-0.53413107278424821,0.71716327607450348,-0.53027748948422215,0.64158390761811868,-0.57874684206481075,-0.72468645455605207,0.41181172052188492,0.64234430444360691,-0.73875227346474615,0.98620248942093347,0.97712021461644305,0.34690546091434532,-0.57552213624294268,0.10918669001768937,-0.12101818546557983,0.94414760161395672,-0.069541143785122467,-0.67400601241669245,-0.31015786753975005,1.0392379306599773,-0.8924443878832059,-0.34967520403669744,-0.92256402694386119,0.31754559321370535,-0.56576921765260968,-0.52161360423372594,0.51821267530050186,0.93650135317821315,0.73349005602211581,-0.65597243831886476,0.59300417426324681,-0.98397542929620829,0.35952114589265333,0.95675945447772093,-0.38964687095240758,-0.75007981111870925,0.94739033156948427,0.78823154289829189,-0.57851492584190289,-0.59008013428876971,0.65420320065740423,0.1780936256951956,-0.92720534699327017,-0.47619569536024736,0.63986256213573667,0.39866312877853033,0.56877106849770498,0.4371426210723085,0.10870378789513513,-0.93062561532741994,0.74800047709542417,0.33252680408113922,-0.61421537488926148,0.76892665419680328,0.74175386416214084,-0.84406475326956421,0.6160924423393831,-0.70710296470502676
0.77897340705127993,0.70761608709133605,-0.33470353760633992,-0.85436828918477803,-0.82012154906155921,-0.56944698897421631,0.26568091673192801,0.14439171346495383,-0.54280837987802422,-0.59684244673172637,0.043963567811838002,-0.80772915740645679,0.61015466217219028,0.64934565768423047,-0.1522049622096176,-0.094606285143193428,-0.65202693817622237,0.36234790813178364,0.67480553398944709,0.25666412599201699,0.68783931348576721,0.36177888160431643,0.76458693450842874,-0.020569865222109743,-0.43207703619432153,-0.050486805266372059,0.28449135905006012,0.95511269456496739,-0.67511977679692037,-0.58231169793067239,0.71764544233689531,0.29247864136151241,-0.32145536746865655,-0.81444429743684921,0.38567431480195902,-0.39738989098060756,-0.68562895755231434,-0.61977413622122901,0.89931104334238132,0.56734359018208191,-0.084190566025763719,0.31720426249162437,0.47372769747849836,0.34234691453618749,0.71782087269104067,0.7248563257134415,0.7948515575590912,-0.93196420039555838,-0.11408310638809137,-0.049886220754927359,0.34104690842082008,0.51505086815665546,-0.82930325658584025,-0.61627096696923189,-0.87616315767753539,0.54204163031626129,-0.8043801259166149,0.888061028428343,-0.0027536685388623982,0.25873912144183642,0.69316640959611742,-0.26555631192766077,0.76406154370947921,0.98559831732210146,0.4043889386953331,-0.14755941346469217,0.43306550160681168,-0.81231480915609755,0.17851757798051612,-0.48104683661095377,0.63423005132585608,0.89772741308994752,-0.51560241173721166,-0.37842426854452715,-0.60200756363576613,-0.14721814907511727,-0.64544119808476907,0.69923685197475938,0.82128491940238157,0.20897282571518686,-0.89957003424639514
-0.84487502209462606,-0.77277875824301734,-0.24454836761400198,-0.27325531012992149,0.81307427895432427,0.72506291184070248,-0.44761632475007812,0.094462363861836776,-0.95925916544831225,0.078342271105042299,0.06853434388120179,0.88556252236531197,-0.99538896564087687,0.33552059318873179,-0.68055106737831172,0.89585624952867171,-0.67751696852215892,0.27625864852763354,0.45233922477454186,0.24236227616266579,-0.32089632464881634,-0.38832041516455279,0.013990260938374275,-0.22727785842783388,-0.24021825071028718,-0.20547793379505988,0.2525519806931153,-0.86162044253434145,-0.45198713013963959,0.44004285055615661,-0.72503456209443062,-0.45451093421396183,-0.36832965418403318,-0.45459902940612812,0.66651123898833364,-0.11486845077295442,0.4649853967062102,-0.0067521069929261631,-0.46808515035376247,-0.37679059114208713,-0.3757231010061553,-0.041364697676494339,0.82362641160270889,-0.39506208038130625,-0.49256812859956867,-0.87025304826531569,0.38850371837600572,-0.21364833820022736,0.43101637487397743,0.1490235790908673,-0.53773238528465317,-0.2792803714036356,-0.67964051114459378,0.20505181880399914,-0.49117335517669436,-0.55501823498841796,0.14884806661723776,-0.99354751789663709,-0.45625264931474152,-0.12330485610103008,-0.84274314481895674,0.85042859112305236,-0.60991467651115372,-0.69282874345462897,0.74025861085927425,0.50690626154262985,0.74380865905378712,0.43408557933304859,0.64252589016919615,0.11028986978138487,-0.86402621378646793,-0.56903248269583084,0.23140176694033252,-0.76546069178688991,-0.35428784724721701,0.027868112426382631,-0.14082275006313996,0.089033402304588047,0.53352264982238451,-0.46033103346245052,-0.32810006346963594
0.18282490435914062,-0.27747297160177836,0.75698129460792285,0.0088049485592523822,-0.16232362459493047,-0.11617040709553977,0.92954834453813495,0.035723925493961875,0.53466686114503537,0.33178858405437955,0.13012738888190689,-0.95932390331708162,-0.63911335118936519,-0.33872109979524712,-0.14229979221172834,0.51417748243069661,0.8221363244679476,-0.74266733922660877,0.070480881405957665,0.36178528310847285,0.56837897161540374,-0.74207084776195609,-0.59613649380391243,0.38158175957429236,-0.61552577299348721,-0.24022074148809486,0.58099632746103702,1.0065706098348333,-0.52888536382725881,0.59548368432070831,-0.43095348318163973,-0.76057567364624945,-0.30347189612006081,-0.35536424664320715,0.54597537827433851,-0.40753713472356629,-0.31821418210003938,0.91933203562948451,-0.54001990126246846,0.32148533886991065,0.092276219785527913,-0.27977193323189559,-0.27919047469880176,0.88220686709217011,0.59397258148977194,0.27885067552099696,0.29360231246964047,0.70247639324647093,-0.50310608766475384,0.43491154648910341,0.28605293439515367,0.91648173604062277,-0.26097844417014138,0.92273348753377871,0.8777598208450037,-0.73622372412644943,0.44998781777138969,-0.53720134170945688,-0.83645935799651683,0.71851144482365292,-0.70794423412560359,0.50425853905275886,-0.58238093110405609,-0.095942238856841985,0.73075491080759369,0.4717214468483158,0.62240358521280037,0.69863035383175898,-0.13853935319269048,0.017537529630136991,-0.035484100032719824,0.17416352352205622,0.10155487904395326,-0.82805986983157254,0.93515609696743474,0.81428017819594312,0.43978764048431468,0.88041770906251138,0.75442378479156835,0.8858711455420325,-0.68568329760121738
0.93679776575893081,0.12455664460521865,-0.57499766303394273,0.14260886661923727,0.59631450724824597,0.61410290351230323,0.43814663108072799,-0.018062226227000981,0.74294436699091082,0.71405537360295468,0.6542761740082832,-0.043526164690765284,0.23983789179205964,-0.62471252853564962,0.40265331035174051,-0.26596539601904118,-0.28806874894337814,0.17281240016856322,-0.13430919134411584,0.38672960949030316,0.071871983243122731,-0.26337741170626272,-0.23615660675026942,-0.56583774104109075,0.23204848961798208,-0.87401345618110804,0.59775402847263437,-0.71019037375852911,0.79995174011845949,-0.37291255216843716,-0.7919450891492279,-0.89687604029922008,1.0065369214137361,-0.76503085473587129,-0.58647203715613649,0.83101834117496298,-0.51336066519191581,-0.45521010195157841,0.049291333390758731,-0.97816583049079397,-0.17759075139682498,0.39410398121156737,0.69822700661408499,0.5189357195730423,-0.79290812933432608,0.0527746163188339,0.46243763627328149,0.58814401708955322,0.72127732616428641,-0.59804835753797903,0.28280556344728658,-0.59685220688419804,-0.03747670303620565,-0.9556739488888577,0.028420544023574967,0.59000507931226132,0.58804092733796687,0.91540794330768749,0.99723588977175481,-0.28353477940810917,0.39314114988938675,0.71666934201277066,0.64674257016219439,0.67607358198593703,-0.43225609788148522,-0.3318296450430156,-0.44087575476124147,0.03350276620266969,-0.64590409282783789,0.77059025056649399,-0.86681014105122645,0.52527534661711905,-0.69972322363075901,0.84606775050665317,0.22054768159250321,0.66347620084661596,-0.81978165485004673,0.0012906058194908524,0.50701132284303563,0.34298756998505753,0.57416575758896449
0.76210977301057559,0.0045629629449384706,-0.93941727777740569,0.20529027065105751,0.16850887660445094,0.293617572827156,-0.90961683606844224,-0.76694263742745239,-0.76616087447046255,-0.081764707094722278,0.60056855607995152,0.17905178071302719,-0.46927472609281357,-0.12327511596210855,0.26743204260956599,0.09074366941306708,0.85468159188773785,0.55611604343659937,0.54178105919992392,-0.47090674533533888,-0.071581110073091619,-0.66853888883314638,0.46828355728262216,0.71824363669083469,0.89353858212213177,-0.13869893691040913,0.65225037941369512,-0.75400871390112523,-0.7208668026613213,-0.75869293164472784,0.10951140998787944,-0.39764359400729243,0.98374026891401656,-0.79043738615817172,-0.74528725109672944,0.69206958044980704,0.54841827952044742,0.55355809174394222,0.34347803976716718,0.56349897812072935,0.6520458903360884,0.25489618204605763,0.19829990574945414,-0.079023467425512847,-0.246511422003204,0.91899653897055722,0.15116168783741213,-0.10146586856444521,-0.033813687372135803,0.61518407162680955,0.76875712321105794,-0.28803588267624414,0.23284370340757521,-0.60736588677307868,0.71845993236879191,-0.4966305351127267,0.69025336109182012,0.071672716669966482,0.38523803823684938,-0.78055065582317662,0.14013954406328502,-0.08066505589542057,0.80149475698710582,0.63858916491062978,0.015958800817767446,0.43525691039880487,0.31222870193980351,0.42317662585538146,0.054275862332694658,-0.65367231162477668,0.80214597525051345,0.44518227731637805,0.63034266819872309,0.0064614355948037919,-0.56120960759369887,0.88793374067887265,-0.0056961241158323423,0.093038142024136794,-0.66931649165927631,-0.64232838268930226,0.96068026546971796
-0.78380927159905689,-0.88907548456054608,-0.34745643563140272,-1.0150676276444752,-0.83850651612909077,-0.33597990911405828,0.041409679266809232,-0.10978524658081125,0.21307784058065785,0.2756195928108327,-0.30137310672168094,-0.21805961333471399,-0.11788308897185826,-0.35260829327857102,0.42414125784948736,0.068093857774928532,0.14793690050119199,-0.72028046636616827,-0.8153755081565669,-0.1588035181391213,0.80262277582891539,0.72482615196869427,0.90153912643733991,0.57980451704980751,0.59328228821529949,0.80160030870503685,-0.71249705114840489,0.49064040180559509,-0.032489187346725006,-0.85158471686886184,0.8753115562240581,0.031308023063817719,-0.0055742874069564102,0.87932600743919465,-0.95997808419607655,-0.39539208365682649,-0.74745608882162529,-0.42056191502127382,-0.17752561162261721,-0.92186020321104856,0.071763194003807929,-0.40650453253199292,0.31542756926875254,0.29334601564394958,0.63595620957220889,0.30023381584791026,0.029007980524027178,-0.58105380172556631,-0.56682251526391725,0.074663686025314202,0.6104121828244784,0.19791875003883286,0.63157733080794998,-0.70464697998953096,0.39295351161901948,0.003982439512215781,-0.61009761276671004,0.65693298263708444,-0.93331834307890704,0.93863292817529864,0.44179655749505747,0.42978392577534585,0.48849948887863115,0.63925552121098883,0.59966121697171793,0.37242253465728686,-0.054080133034114193,-0.6257694897747853,-0.2017656147271083,0.36726604157505632,0.5201207940987308,0.1255792767028962,0.48548083214686838,-0.36085952392203791,0.5472905995459254,0.54610759510050588,-0.34037190897421099,0.63082865656392417,-0.76650637606156979,-0.70312361753657671,0.26806774506406222
0.448266701249802,-0.88068272314567775,0.28046132155912684,-0.28373605245069905,0.7958208026362813,-0.75077540639726259,-0.35116795301653192,-0.66423675827455742,0.12643379172814898,0.90046663137940308,0.0075080797486197937,0.0050803741921939434,0.42471420491205836,0.86697240902100259,-0.18550444759200213,0.18319369646642475,-0.40569633184655562,-0.9075990214850711,-0.17308344710196616,0.52766551262215089,0.67386601926145606,0.63712884812089998,-0.80732120647068728,-0.65225893704298454,0.6636907118435893,0.12159065896414553,-0.83252757264763699,-0.025556910552871022,-0.54810566446160847,0.2379624879033779,0.57479527285091359,0.13432605961395572,-0.10998056604923942,0.10513447364512793,-0.23855896446439354,-0.13666845955098503,0.17127115676783325,0.35091089121944813,0.93309325959930089,-1.0337272148538961,0.52673648342333124,-0.66903817265281929,-0.18519025537377481,-0.54674658664261555,0.066891859792858027,-0.67712703811611497,-0.8707635652118576,0.95163608152892276,-0.8855129178566653,0.23629229052034659,-0.61131827978335362,0.55153952866155431,0.99281930170185073,0.17011800157563717,0.7140096499637103,0.89637644964399654,-0.77100452486598259,0.47017271725530663,-0.32637873041896243,0.071994289783864671,0.025783364111442338,-0.30619216287935247,0.24136986960138104,-0.28286541282906702,0.47048201349737528,-0.20369910761844592,-0.74613153285758149,0.096925318028763585,0.054875323798500568,-0.67016480732706829,-0.3304016909908869,-0.67641640235919431,-0.51979328813741721,-0.21066554760984504,0.42152762796048837,-0.79158831199615354,-0.64977490786368164,-0.5772662922758689,0.43811585792708646,-0.49491051449113649,-0.92528995240265388
0.82529364830984653,0.60047057470705312,-0.029834199142300562,0.38791130053585671,-0.10066857073859803,-0.28061374403116107,-0.55312919209575517,0.11545266056479066,-0.83612457287584163,0.769729085202015,0.31630360987146816,0.35133843077811205,-0.9030829903668629,0.20451817102968761,-0.077403993824067208,0.36491626428883184,-0.59547470858364848,-0.86159176819473782,0.6688429418164199,-0.56790901946606864,0.74597658500413422,0.50124887573540966,-0.74066567263030658,-0.19173127402907159,0.12789857411272473,0.38984412666688018,0.03603275167150196,-0.062019900350658144,-0.57703894983479087,-0.66116575782224607,0.7127619429575045,0.35005170593471191,0.6351095607674182,0.86642807862124438,-0.67381023384382299,0.76275891593782441,0.75920948659369725,0.60880229509481376,1.0001313414549202,-0.79842660209757976,-0.11627706157858385,0.043196433699917679,-0.39375081521590077,0.99632436757034692,0.076346286956518031,0.24922742873205764,0.57237772224772054,-0.65084810077807786,-0.77109513454311229,1.0165026309264653,0.478881565169887,-0.64513863751315315,0.16783972435431793,0.78812434874919091,-0.6996559671562137,0.6951470581552649,0.99302176645909224,-0.75127321005348802,-0.84036109875061638,-0.57162588456881314,0.94394118572931607,0.65022498393547024,-0.55623667314897141,0.55825897687989878,-0.54504249857547238,-0.12010703610214216,-0.031024577873344065,0.61526332034999576,0.52371551324919297,-0.21873087037192734,0.58923366361119001,0.40944618475375882,-0.425830399091918,0.85186185697441652,-0.31977940386373649,0.04299372360055697,-0.6875350938079936,0.78003971843659714,-0.36991571029873566,-0.48157786669217306,0.20735215043991095
0.87816623954658024,0.79830327366060116,0.98339102002003342,0.58794685443683192,0.99803361289038095,0.79257829707295369,-0.88921817874789788,0.56933780894290731,0.77676208179942963,0.95762710302594167,-0.95454546185147837,-0.60301536540131373,-0.38297455629336002,0.43963686055233031,-0.26372735160131372,-0.19806345106237452,0.25774081483442668,0.27091074618245797,0.2204859384030122,-0.31973447868400823,0.29043093930055947,0.86643337448014557,-0.48047461154873566,0.55701012396715321,0.72785580349392709,-0.8663632205085815,0.47565992060038509,-0.45285762093925824,-0.72576653797961654,0.86868828459313019,-0.79769103831601562,-0.41516868275183805,-0.17704832602224016,0.48510791902080797,0.81896680049046233,0.33942677947162642,-0.23653833405507485,0.78273581811613446,-0.95637056286117272,0.10224868929327249,-0.7380664505480985,0.050071993672652491,0.11667342225641536,-0.55208347257841217,0.13814062723958043,0.71499230954859494,-0.19591035627949291,-0.24026685182384119,-0.87166802414095168,-0.74240945626570998,0.89514409225597058,0.17152556899452565,-0.29587312338725424,0.079489228817506863,-0.51458916053903403,1.0046609584063932,0.73303396366153561,0.044385579229923422,0.62453236118070843,-0.52205855813768398,0.1313199624973842,-0.079729960518250709,-0.60008235552906275,0.00094164956944500029,0.9273170807731167,0.089468352862017111,-0.68539145758110331,0.70166386903006994,0.73422163976163901,-0.2254067540018703,0.099651406983727236,0.2399655836337749,0.85009470420011823,0.77732909473155998,-0.13846393009507643,-0.63323821491405186,0.1306782588982503,-0.31056546408868796,0.0077113425651438817,-0.86364981454522927,-0.4948880999509776
-0.22596379236609651,0.52061953348074785,-1.0110567313657446,-0.90648012463718219,-0.63790389209014364,0.061322448288337258,0.63298683112481435,-0.38438287805554006,-0.34901738443774205,0.095423550420164371,0.052193182284247616,0.48192480807735222,0.7473936650320987,-0.13795958083580262,0.73422902148833513,0.63021503769988418,-0.21381685365153119,0.47697079161430783,-0.26224545569655444,-0.72388780479018333,0.83606237480900158,-0.55455096175025842,0.67753038475545546,0.098855858525508933,-0.27351960477072651,-0.53383730156945708,-0.1105349267770383,-0.22757235682457527,0.14870844227362826,0.086553419292840605,-0.35532836500587084,0.3086890496498636,-0.7698020953690462,0.28097875425741575,-0.14517038980168456,0.89158362284123038,-0.98359692389668407,-0.22062128372818851,0.39399869989392711,-0.69179976614219452,0.1784959786602783,-0.49197631606361092,-0.41891802121016264,0.55480971656053402,-0.16699029678304103,0.27886142986105455,-0.029230272979327055,-0.688309507743881,0.2703836252826361,0.4429269260232705,-0.30455003402358116,-0.082317021890901287,0.10240966853366418,0.84186020390194072,-0.87219149433269361,0.23645275023767784,-0.57579230040302454,0.45102468493617004,-0.58453035426861721,0.36566018964514396,0.38347039287259382,-0.40313033145480864,-0.2153207334929142,-0.60943705091588596,0.71855545198745607,-0.65230487778534707,0.56325589908610674,-0.077125557407287951,0.19997635385715345,-0.71125632422769669,-0.86234589679613693,0.18838843016287815,0.60044299502353593,-0.076836106756761169,-0.68653719187597095,-0.16068291715522726,-0.36427653825876455,-1.0101999358269953,0.13339313037226136,-0.44491635119321654,0.36154371363493404
0.23388164288974284,0.20571698087907461,0.094108506657099078,-0.62510740280038057,-0.73215763145369883,-0.87176287053184798,0.82681989274079337,-0.39178579338623903,0.79350010381841063,-0.03377164851352886,0.72995645742922077,-0.12778103262483928,-0.7455454215823506,0.75545199830391629,0.18880657349143623,0.83919332318266815,0.84995157299520074,-0.82725994059459584,-0.50646257462309685,0.3035505545108419,0.02796464917104538,-0.1217635341245504,0.65485128026941131,0.19976117699009302,1.0224516228862603,0.2284249365100347,1.0632721983326703,0.34646393100454476,-0.68368324404411485,-0.64524527022080647,0.23285987090818477,0.75182348346000738,0.24457739224526023,0.19267896232778631,-0.86602197316647411,-0.46059603891375717,0.38328783513655384,-0.81133171414661109,-0.073801881701785935,0.26584271762945133,0.70982588386618228,-0.82432731027722206,0.28521665342020203,0.68653898927310153,-0.070394380372420531,0.95684504723837827,-0.48808503441944295,0.074849469118095313,0.51696396646699649,0.15054088328758466,0.37428229548140379,0.5778262101537841,0.43494580775360192,-0.12084147721897565,0.70119576561846375,0.99981121262027439,0.37149399608780287,-0.23698570799966143,0.94914151552039594,-0.12860812263451832,0.13602715854180039,-0.23074363817719465,0.31751878299724878,0.35827767776605651,1.0816028203162829,0.25408307045006467,-0.45795517659287299,-0.40828593844622657,-0.71758374389172852,0.32749359087679197,-0.41593811662735342,-0.37523109119135245,1.0589562690576504,-0.45965011095526481,0.22671703571118607,0.032695795162646361,-0.41808042759181152,0.81811111032531481,0.06369157851772092,-0.73816916281091582,-0.52439565376442587
-0.13266390822618476,-0.50858423781248363,-0.87007151452083054,0.43088942255976403,-0.89010220598130096,0.34571316605934183,0.036934638738598397,0.99925457823376007,1.0596243565257146,-0.60899445089523596,0.16042772082105342,-0.13756124826451968,-0.18208191515329461,0.35005293925304631,-0.88103365714265736,0.95692330017293126,-0.69053398515683373,0.32492834412035893,-0.94669452919825259,-0.083279792701277902,-0.052103859794171196,0.71858481852926015,-0.41065747019185345,0.077466502468832271,0.17477815899301727,-0.89782866010760565,0.70457320481637797,0.86503741082890628,-0.71553098146313621,-0.5557679872411424,0.52787863280741454,0.092649024387595383,-0.66093789211402654,0.27899300234787844,0.082909434992018846,0.25558946491635698,0.45911452283881177,-0.74207255565052543,1.077134219629357,0.98993833304795198,-0.67478861112615107,-0.2723898968797277,-0.83366657885492679,-0.37352815307255011,1.1011930565016725,-0.80632007649444792,0.63646998653679665,-0.098531219908564172,-0.096951152566394222,0.058151388195507199,0.5025974269125717,0.81741824248487416,-0.79112212630898771,0.78261390263767239,0.28154987424149924,0.66342066003320455,-0.33027380746567175,0.82715907322281901,-0.30774584693228707,0.52471552546544098,-0.2740054662207837,-0.38618091502889951,0.14601936897113713,-0.15759351815401657,0.81319280379841452,0.3632548932412612,1.0372783532643675,0.49219981395802448,0.26967716594488839,0.30668253755113517,0.024533153801392038,0.44587497098900414,0.91734501445203565,-0.10135342884093719,0.54054794311304155,-0.65227312667301929,0.33755127851950895,0.60301788493240904,-0.017018342688939519,0.29427132112570076,-0.2759229641245432
-0.93567523159390242,0.35123194770934918,-0.60073627232188498,-0.77336364449899619,-0.37437580020708905,-0.4398493668556534,0.10438150755185339,-0.06295623287634175,-0.26508759523487585,0.26058091560474028,-0.96486539571141716,-0.42613552059546245,-0.38537655661501957,-0.54100252169402607,0.067687773889427733,0.56646261620786575,-0.018033022410749784,-0.51993375866961611,-0.46376785700543,-0.23245605269463604,-0.62300916203287593,-0.56381409841065455,0.1115093400589109,0.26174698373552896,-0.34241511053547596,0.88417717456307077,0.050522039516245724,-0.71920185419236404,-0.37696017712543783,0.87588423022082784,0.41783788992976106,-0.6968236756714129,0.67098645420976166,0.4597759211620191,0.27215650670547631,0.70346629179726727,0.18414458597291208,0.19756303029192204,-0.83944488100932979,-0.0029180935760729798,0.38490222897504106,0.86405682899791802,0.48453128957512537,0.24062280352495705,0.86917026754820936,0.40923266643710104,0.9706953249026844,-0.82241979146860489,-0.071476734071561923,-0.32023448793812265,-0.15320176413968323,-0.39122545824828403,0.23627438025910696,-0.53496258578395439,-0.84354563053378329,0.25782565694347981,-0.12120340951244955,0.44053856755349408,-0.1358022466750545,-0.4543511626253654,-0.40363812569096141,-0.37800100959563238,-0.35029618933139245,-0.17260495098376194,0.54791009237516441,-0.58287400284527335,-0.04654133399116929,-0.98991114866837437,-0.61382775286813895,-0.69024965315725084,0.12864161087195886,0.8406847723003753,-0.61260937889282896,-0.70084259146022554,0.74565136299334389,-0.51619675920370689,0.80144120925058515,1.0047908926280182,0.45111688119589188,0.97390418292759928,-0.92573631571323822
-0.09161696310332014,0.55924154378938207,-0.078715368808887839,0.24704302303621378,0.98781962265596557,-0.80388864715646779,0.1601021576675041,-0.14790712581788099,0.77804664284471181,-0.71340960855206625,0.95827084881401914,-0.08689470921207304,0.71506987448075332,-0.48361457505340766,0.50131285917954438,-0.10862146616090759,-0.093792860052168844,-0.6838353694077185,-0.99376977052291837,0.86470291983994263,0.12470919567881239,0.20023815790783264,0.068606030691372458,0.32179858526515043,-0.043844261966766218,0.068784068277110283,-0.89129670058234489,-0.7351926445435909,-0.21574892005481747,0.53798661805358661,-0.33227979735248364,-0.70916529951838703,0.87266186976974369,-0.19277165426793391,-0.84917457346594571,0.26484470829364476,-0.57279799741513981,0.92982029704234892,-0.5738220203629163,0.24517051513733237,0.72520517932465367,0.47932835422231318,-0.36057852662730577,-0.40935425734114539,-0.094589168956841746,0.16384789731657848,0.94060396229996357,-0.3972355997819611,0.11804913679143331,0.11875437932014746,-0.98506827350539661,0.1208654134857472,0.1583014331782806,0.90397167246738985,-0.33168549929260571,0.9829119356920083,-0.15960343299905874,0.57030953584048927,0.52029028924622656,0.23287711284214346,0.020213364922818115,0.84388787394434506,0.16849040772783194,-0.66447728448408561,-0.81712833081901226,-0.065827522819359927,-0.15597011683502607,-0.13799801738107204,-0.60399025016213292,-0.32853352800384583,-0.047407135847966686,0.16471711109467979,-0.35196449889030118,-0.18603412170078354,-0.51233892592562547,-0.87310907588237852,0.95277593343611222,0.33404212758102919,0.66929736601826184,-0.55305566109079896,-0.82299074992134647
0.23326571623563411,0.56298205782771316,0.090229430302789737,0.75400929113049153,0.15525975525814528,0.21803651848275385,0.23480408624312435,-0.9532751677561907,-0.49645010941036449,0.20321757590350512,0.53030906973730541,0.74148408204260186,0.60559759438694982,0.40416066402736023,0.91355937080774496,0.39162869580176068,0.72108473863262756,-0.86483473001750555,-0.14309582014634861,-0.67852254074907037,0.76620786062078783,0.77553114754602515,0.026666378418708708,0.99005289975228628,0.91956691298008808,-0.030683064664758713,-0.59652336148653451,-0.3303302701074684,-0.01535734834313358,0.5752934927472656,-0.28160049599749765,-0.67881845301673027,1.0136103684689812,-0.9303018421485747,-0.32507413163195631,-0.027159289784186302,0.038661231243707385,0.35386662991146856,0.54852671908353534,-0.028278573245283694,-0.82147746497667573,-0.15396258767398244,-0.11347150558343974,0.65977506431692268,0.70499249546705078,-0.68936296732857438,-0.98603365179405733,0.99581716067883497,0.78080758667645445,-0.79737217330096222,0.26767986441773095,-0.62358430167750023,0.45649579687257025,-0.52895255697132049,0.81230527807078934,-0.094939045335538277,0.060530848503636443,-0.39650248738698729,0.57766936579553141,0.99292341666216988,0.69182068735674251,-0.7228040571958404,-0.47497169801986217,-0.62943079231211807,-0.8467935889145034,-0.62454855642993379,-0.83496173058169232,-0.13008110132039319,0.075904172083972432,0.84781185210378962,0.80186311365436003,-0.87515261415064094,0.840639554623408,-0.44669257800697315,-0.71501497404669223,-0.36929921087082723,-0.39737321107514495,0.58890534881160272,-0.19473271812680543,0.06465915444733504,-0.25848475679354599
0.78811456891143683,0.77951747049763309,-0.37103797658843868,-0.17574272123394241,-0.51432407777514444,-0.6419993360485402,-0.67827905771394315,0.96405424744343859,-0.33711677842347543,0.55101040500522458,0.35551878895051514,0.28041993512195729,0.022613025030904423,-0.64932973563435659,-0.49799358343256178,-0.53189100816744994,0.78656466077720344,-0.68011718605722782,0.38966425382047248,0.60096286852038672,-0.37729535756014088,0.052064552366518219,0.36224656737404715,-0.43227679891761894,-0.59794561445202421,-0.83999074349072855,-0.50816775336064435,-0.9317592570332256,-0.69749623715079556,-0.25661511036939388,-0.78115726674637498,-0.17911527723906251,-0.030114296113576092,0.75021476241510698,0.45942147936842104,-0.86168088040016377,0.53426436923616627,-0.33110670100129269,-0.24583502168045074,-0.17659967565725815,0.6526003157593453,0.86607537935997303,-0.95850243667618573,0.23832168277870217,0.23496023940307023,-0.8386396151323533,0.2589719296843514,0.7719081650552162,0.46279794831780435,0.75998176747509449,-0.34232172562426522,-0.36100663021816215,0.80419825595703043,0.08131488648681362,-0.033211366983087465,0.18909240829223539,0.84106843063799364,-0.48266405536303447,0.79295867928588237,0.37560675764840856,-0.92023472807774842,0.92227871152444929,-0.1622244658137226,0.27863298746949178,-0.52002974528857793,0.43053682939066462,0.084837166681982421,-0.96732982134168322,0.26355165720131707,0.21768169034546278,0.80154280863589622,0.77853608855394862,0.17597453290526746,0.61866731475925785,-0.60966227310465637,0.42777932076367559,0.22648046523045826,-0.2712970095152295,0.81643583213087101,0.99695631387826911,0.46073641468446663
