-0.57912820212970384,0.12506723661097971,0.20004976792183152,0.078848384503484414,0.50323483374144562,-0.32098431913249942,-0.57179539776230615,-0.84877502488394641,0.25608376303038277,0.73978216615641224,-0.53948974747346479,0.68652837685829315,0.18675555741498637,-0.097098087662746163,-0.36955130479852472,-0.63830477323578683,0.16223865278855293,0.34475569134685868,0.64350938978832561,-0.85084586278322227,-0.20496530222676718,0.80630588860356389,0.81184099303454726,0.032121094760153138,0.048189873243658816,0.83059515599197786,-0.5097283490552349,-0.91430973807301441,-0.33912468077190827,-0.29300432917136177,0.21972502663844956,-0.027713160627201232,0.61673778346823593,1.0294452669469412,0.11372060291615541,-0.97204720819457058,0.1740132517143578,-0.87492694609004018,-0.6103380984732355,-0.81587988184616222,0.57174853224900724,0.52355118100471887,-0.5823317556525448,-0.53556007870227262,-0.048698285822869024,-0.19868241551864843,-0.075849495499219308,-0.77620596066239567,0.27549210378587519,-0.23076573406471035,0.55149840795206373,-0.890319541153479,0.56928269177006396,-0.74159983555025311,-0.57434956878626475,1.006509763678219,0.035300971818927024,-0.026364739837024691,0.70413883891249929,-0.6710435913804419,1.0004484619086274,-0.80190865486682295,0.40893958764311111,-0.22496548135162836,0.8674522783164561,0.73084117510016378,-0.79268808546419578,-0.93317589960547243,0.10166084376009077,-0.88513289885739466,-0.15843218191821401,0.0065518179067553372,1.0048340743027242,0.35333438943890338,1.0151699749652021,0.49664417277606515,-0.39758123533561962,0.21933046511029392,-0.69709861890373126,-0.16735553460389643,-0.80562218232427962
-0.48650651392163541,-0.73040224480698546,-0.12518175008663457,0.30720321797734335,0.53186760999803151,0.0038847863813026066,0.69523102287297689,0.56292906628714479,-0.66539680846777938,0.99280439887076743,-0.90998993565359088,0.69642104558350526,0.67538256005698616,0.43461216668552494,0.25985141650538951,-0.064871857117361015,-0.024631699868065765,-0.2163871370563569,0.40541831311907317,0.92138894232371338,-0.9298693990581075,0.42321430715754593,-0.47312618647919552,-0.4189955203582903,-0.36944400599521593,-0.90892498025047919,-0.37984323630467581,0.79026110261060101,0.55071213959460485,-0.20129575907423763,0.84464949130165923,-0.32985715630234225,-0.6553563192539662,0.85828826700036198,0.27203020005711731,-0.82439562882552253,0.19578262147310305,0.4282636607555747,-0.39806417868755073,0.79124814976725422,0.97621104556692673,0.59741359240576786,0.67795429142297903,0.18018692594686936,0.47738709744494556,-0.81120938979994561,0.77272658863606425,0.74215794430247639,-0.88231662699589675,-0.62406886965877317,-0.4521220575149878,0.63076647231652028,-0.042616055564772881,0.98452269012940197,-0.70480461301351238,0.48826848220032559,0.090047711448940693,-0.97370679900457613,0.68762839674777843,-0.59502152497875649,0.26443155060629953,0.37733978630814913,-0.1888474670071672,-0.95073196006550642,0.80889276041953118,-0.54051318897406841,0.21181187421718059,0.52744830141097365,0.3357940339747722,-0.31178008638507398,0.96339042720433921,0.3320441851252528,-0.47898924794392683,-0.10716712373375915,-0.59009040166079207,0.20130124503496466,0.48192205725615955,-0.31543996088575016,0.19027470988598119,0.67298644317076428,-0.62151590583859684
-0.93429497182214227,-0.14315096773041114,-0.39432521135900583,-0.15163907121039708,0.17257035124114056,0.89460116867249462,0.34489973747920477,-0.92570878448625959,0.050839789291796215,-0.092833514175101828,0.90680005105648154,0.092230589268985169,-0.025225272541716158,0.82443372264365289,0.7679240530929512,0.33166959924129946,0.66455053765059846,-0.51408767507978193,-0.65779677424713834,0.53737332222073475,-0.082941287904341188,-0.13397303146966402,0.63622637378292879,-0.85938955055802213,-0.11908032777849893,0.28871879682611562,0.57167957613779652,-0.51812479412546064,0.60931927067186187,-0.4377667994182235,0.31764289648943272,0.43405189025486024,0.13114687119925014,0.4811273143209493,-0.39787255033198943,0.69709672009371737,-0.060816495552626908,0.2679246673741919,-0.32804170620534606,-0.65695304945411725,-0.024752690565956473,-0.80754480402009132,0.071725273141937482,-0.50384824028940223,0.82795533270749055,0.15769760370334762,0.82998508743139676,0.940685891633816,-0.74785222570861809,0.53136368909737985,0.32543171635358004,-0.77660948151055265,-0.75320745863787542,0.81440422069384732,-0.47008510677415982,0.41409150518243559,-0.73616712698567999,-0.039468955979389368,-0.70553196240414617,-0.37408872575324742,-0.90448030671593815,0.58911961631681875,0.025830122726253794,0.93714550017762188,-0.43973860336241677,0.048978478763255492,0.16198822692064019,0.6392621485200447,0.61427720607343683,-0.50788545952098196,0.057051619032119562,-0.81846520526498479,0.25351974465932797,-0.48562090501119309,0.85028654966735084,0.74813644312308369,-0.23846385390117508,0.28534472795314458,0.39752980644027541,-0.84469906999744149,0.019147402518021508
-0.82483190493275804,-0.70275165006835183,-0.92738754760045483,-0.23584096376742497,0.82665899005289745,-0.57912665139759967,-0.52149044134195277,-0.40072858002229506,0.56276647583865069,-0.37704023414192067,0.35102451246143906,0.7162914292228435,0.0755235106747177,0.64448881601586316,0.82976498480646266,0.13049168820557205,0.95501517279269132,0.80625144446499353,0.015220292748478269,0.29784449361905269,0.21458247082602852,0.27610300236301705,-0.089812910971632409,0.42321075244460693,0.93592438213197249,0.047723429406452009,0.12166051971229208,-0.13059775791020314,0.26643969193587819,-0.58673008925189829,0.35709491067925636,-0.19995365998104189,-0.78072453510812589,-0.98213538972220704,0.20587343284536572,0.19111378685048558,-0.56274490940277666,0.022198187125007669,0.77649215963173601,-0.60142521439942354,0.27064827906641636,-0.9116133609936814,-0.033490011026561614,0.74558234182543726,-0.82737256920832691,-0.081511058245832643,-0.46048477784040603,0.61391443065259865,-0.62466655177740471,0.44997476987315105,0.1172793126809577,-0.13820758000144107,-0.75914324247205345,-0.76069106690562927,0.72599534451048187,-0.65008565049508515,0.67860802335654502,-0.74125594177327359,-0.18839574815913177,0.46750200985039003,-0.054898767503145089,-0.66784238470591273,-0.67805460454216693,-0.60919981546096835,-0.0009314282523202015,-0.13523784283136558,0.96026380895001295,1.0234140207563438,0.77282352085349038,-0.52824664618655959,0.050216302445894909,0.96640974492997,0.96483582028288684,0.59251264280146643,-0.91942015000694499,0.26757193099516247,0.3118598782063251,0.12114118060211224,0.37434138053825805,-0.7298238822115819,-0.62779562699496838
0.43946561706137471,-0.72289529203045155,-0.46025981020861001,0.47429642222387952,0.063180121278074861,0.29899450047383375,-0.069921948411057505,-0.31660096569046758,-0.5298922500674319,-0.19429540071495616,0.35838260666910443,-0.62989212919167148,-0.82808451880558365,-0.38648947648998566,-0.53601029608184048,-0.20999627843654617,-0.60648229996996084,0.2980271185131495,-0.89492027007079156,-0.51949941134019328,0.488923371298564,-0.92567992705502278,0.41888896742793047,-0.13356975641592009,1.0631510605326646,0.33599907080969815,-0.33914321106901313,0.17132800359204042,-0.58613020996255394,0.18053983406872198,0.099563568726814128,0.55039437064364705,-0.68092938687007942,-0.35544445892038767,0.61323090035340189,0.64477844065331691,-0.52249802693539926,0.74029415724514158,0.70695071515976426,0.18768033384331867,-0.67478609110126553,-0.57676814676021182,0.45845882635757285,0.56433139685467093,0.63121207776138577,-0.7201633362077875,-0.0069476502756755142,-0.6556434212585831,0.04582630583289958,-0.61818972630593827,-0.68853661120470588,-0.46902516184447562,-0.57067968031366167,0.6438794835910262,0.67082717972733552,-0.21660946280386356,0.81520319417684772,0.2191879170990397,0.020265309250507259,0.32750139229734526,0.92778099344261555,-0.55042675670785823,0.72321332888062762,-0.35945089863714497,-0.78933494295778506,0.17920416517448981,-0.91354601412054803,0.44395999822658033,-0.54400077270193747,-0.77166425121501858,-0.35391581972085939,-0.8466344304692861,-0.99846319511320747,0.21015574872501469,0.82968785494812125,-0.11025284376708155,-0.48723798236006371,1.0248822030015121,0.86805424804343012,0.83886794189185943,0.21535477904479575
0.052183278150540094,-0.097599120085494637,-0.69201442821493986,0.97132958260082258,0.8293911684172407,0.31403233608959752,-0.80410946114537585,-0.4446135157751957,0.44237341087340321,-0.9359492869581959,-0.97080501676607378,0.35345807503409477,-0.94196180752348257,0.70152240908317764,0.1408259250673779,0.36071204239810156,-0.62850138968146751,0.39923712652378862,-0.95736616190561019,0.87197674752158061,-0.23459243895368789,0.52520585050615276,0.75260665330160292,0.30311764167101723,-0.54025497577091386,-0.54983859304627147,0.82996334773261249,0.16990862404269716,0.76196966163697832,0.355551109835127,-0.72339608682497347,0.24971046720565135,0.65766512481207751,0.013676116291244284,0.66652168696821212,-0.69534450658128155,-0.76204838898423377,-0.70072101961443112,0.96800247083640223,-0.24781107617862291,-0.64248497243582881,0.28892074576122323,0.74609289413344282,0.3939677931953417,0.94605994074214639,-0.76529489732719458,0.52433659248335041,-0.83376685175946319,0.5665254233844309,-0.39196534322959931,0.60227890233709935,-0.227996333324616,-0.79297448945428373,-0.020992289648250617,-0.97133471826613549,0.46275533137182984,0.82236579055000925,-0.48572443688563233,-0.32299596069810271,0.88669421735869736,-0.95206256910928755,0.5058378780094821,-0.70588481626541988,-0.56785802243587757,-0.80180512286348393,-0.53079996066571589,0.23318684856672425,-0.90093701152617967,-0.85439296574470258,-0.377938916160866,0.40152125632806202,-0.78871825258233619,-0.62350103031627402,0.53084268330144668,0.054905424757320589,-0.48300064524948239,0.6516795586776063,-0.18020081220147025,-0.83771457601127408,0.70269071451455911,-0.17523147903831632
-0.63759287529226749,-0.31328778569432036,-0.12277064363134881,0.28067044998446095,-0.80497491051229131,0.0090072266846580908,0.6728418640398921,-0.60392658188960402,-0.33469622623164325,-0.098814696860750548,-0.52638012924686151,0.87505783771075429,0.70421773203690374,-0.93946294277553588,-0.32523155089282862,0.59139471180373937,0.33951309940349234,-0.22510315547145088,-0.64242638687580744,-0.19921000100107056,0.80107116748118279,-0.27437054193568061,0.49986014954418817,-0.67693955000621209,0.90727871909240587,0.16007745328532522,0.72350261384052805,-0.62945851246399398,-0.86816743078732628,-0.91196464707025182,-0.0080910090730969917,0.1340478359702035,-0.67498427579602904,-0.79554076882375202,-0.7293349058095201,-0.7029020403707027,0.4619641871935759,-0.15074311067364859,-0.63268735436106316,-0.27522604687668462,-0.10635041149428881,0.068294761435897092,-0.18638810147446344,0.89197668265019558,-0.53875853380645677,0.66978460200243484,0.34336929406652483,-0.010033714856721027,-0.73383563335275859,-0.63391542253336053,-0.87712372173126019,0.16380963877423582,0.59934585752727298,0.42781541555516256,-0.1603448087403111,0.71227355225083389,0.92517791323138321,-0.016555882340472235,0.33415748487997443,-0.86793097128718222,-0.57789546595418861,0.12219745930322244,-0.20534284400401542,0.86597035024021507,0.86342972914063232,-0.6803684874804844,-0.10833703218454642,0.75722303265530999,-0.23119559003261669,-0.97609490629608109,0.43196233912938514,-0.032360300907873084,0.0018554249649849789,-0.12524898460079012,0.12927977650485217,0.19741841600790638,0.62334972074862383,0.58602307957387145,0.072473264360937206,-0.79291323400771296,-0.45735313686586232
-0.70142099314383766,-0.6842138257854361,0.052048881122306011,0.22391179635391012,0.23979486870403111,-0.4585742788541094,-0.65178106030269145,-0.22510297013435795,-0.20419679639081914,-0.052012645301154334,0.50176314800312993,0.96785991533977755,-0.72831103775232675,0.14427090151820782,0.07786453524986589,0.24236723072569269,-0.66101809523714372,0.57237917071576139,-0.67946532758326661,-0.0086802351773758012,0.89826801008703883,0.78829022166059315,0.25838851370860172,0.66750230873568739,-0.21172646684187102,-0.18862539247527002,0.71086266418680766,0.045654194759429702,-0.68729337421214243,-0.026287202905042939,-0.59948821402108843,0.63479500599778704,-0.15250560330706045,-0.10398147664345093,0.51811489133048805,-0.5263835923656236,-0.5591303537147928,0.11663444304915044,-0.74236890726310034,-0.8114943410767923,-0.3184267466310805,-0.031035564694424474,0.052175848224057568,-0.22753119212918779,-0.4695904597987916,-0.89925152001905395,0.62054461556822682,-0.75739360628889785,0.27493008621374654,0.55153540240228227,-0.63265868185142105,-0.80721600765332335,-0.066674098915032953,-0.70803473366168812,-0.72738105727468683,0.6138324463712107,-0.6802348729277804,0.7877514219298154,0.39852937844424391,0.54419609641402111,0.13488165636008617,0.93636461012981986,-0.37270187254171466,-0.56425591710589718,-0.39151050556880373,0.3594044270316113,0.22381763488719666,0.61269436203495053,0.50844100753113941,0.38471605976588613,0.27449886942892793,-0.11748653771328614,0.90784304646766589,-0.2011692952553234,0.51718929840847538,-0.23375823629037387,-0.84166508254415895,0.84604241207656827,0.9783603063018953,0.93733107465800169,-0.44135949893440091
0.94423331884213846,-0.98904773097621523,0.71951922138897761,-0.75021899521294289,-0.57891404693185899,-0.34744941863936785,0.34692558466037432,0.78109170526147709,0.42356073550291662,-0.50661100668974213,0.74874212880665347,-0.48755898832590389,0.044701857186179535,-0.5347797595301842,-0.24688757573670531,0.67523336855057225,-0.74930831642165918,0.28267078404933749,-0.49094514826570618,-0.24898995496705578,0.40955351448672472,-0.94070254756922222,-0.18235310291358903,-0.75827273929421268,0.66047299039225904,-0.81174821834193867,0.20512413616694908,0.16188355208534635,-0.43023666500991115,-0.71031049925069256,-0.10780403117586225,0.19826634382040262,-0.25476398922300159,-0.17005361386375842,-0.64149455372527564,0.63406524850663359,-0.68611857374804641,-0.03767458911120336,-0.66853195469770088,-0.088873362938138648,0.25651634048402078,-0.28428776895967472,-0.012924516544445692,0.90009183584188623,0.12100648593399796,0.70027703084272641,-0.20910769036750934,0.83897101423888698,0.55252831289807269,0.033165432336128634,-0.74310298439040912,0.87023267537366533,0.04212363036875244,0.077884522733357109,-0.51251469729800492,0.53407474859036497,-0.80905066779753831,0.44814401533413922,0.50069717526365809,0.24154267489040254,0.24895228943002934,0.43056446946236288,0.40205857463590239,0.46561798075367611,0.18258596295397897,0.0076234485006262016,-0.99631023149814679,-0.797783976909194,-0.30514916748389015,-0.71098378758893321,0.34723966873482298,-0.27723471294035684,-0.9090375532711944,0.063295747073639649,-0.30909113881745415,-0.75442453161651879,-0.37008294993427021,0.13348985248578593,-0.51473598127669606,0.27324986221809094,-0.80144572065237407
-0.046852637750002354,-0.91703825907638459,-0.043539664860938534,0.62802375869173832,-0.20086816709073099,0.094794351879842129,-0.038186132488789958,0.83184612011012316,0.010822848100349995,-0.58673540640400745,0.90138564998195103,0.043415994779663451,-0.62753426395384271,0.0042006954328343594,-0.066696049184534825,-0.3321549826188791,-0.5706241463800078,-0.11336293988285794,0.56354015551146297,-0.54313141750623384,-0.9575978546721382,-0.37140638669079923,0.27072451076095788,0.99577105273977595,-0.64404380194344013,0.74278823228662927,-0.45151550925704298,0.63412524894892652,0.74990929924648098,0.24700426282151877,0.084425924079312459,0.37145700169408441,-0.42993409616068834,-0.24764777223476495,0.12870173735665397,0.11949178138479651,-0.74236905352053717,0.14604445595675328,-0.56511327240440279,-0.076401320558003069,-0.72441570550447509,0.88055864825632191,-0.47803357245532063,-0.69713917753825527,-0.94449021478577877,-0.18128208258414627,-0.71896261304654341,0.65351298271025882,-0.60781963156195806,-0.95343665796419674,0.41691813835575697,-0.61386814150895797,-0.45327727941309848,0.88987994343727905,0.063521443243487408,0.59463280167934074,-0.30477106888764322,-0.66485438113869844,0.94589406065315917,0.46021302248847279,-0.30151673180517302,0.93501380124776823,-0.3501224226424493,0.80416908423807909,-0.56893667186133912,0.27351670800259775,-0.44438891669408093,0.56876640325913597,0.70326398157065861,-0.53360360173409827,-0.71767333679354472,-0.33472883775512269,-0.71954863573663286,-0.21347788949992827,-0.52374202020977756,-0.77091370072647736,-0.62890023128867167,-0.3398534636313138,-0.38018123977283347,-0.26052583169129151,-0.70772020054974361
0.82952313662654897,-0.12375586574836074,0.43561809806047735,0.73935503813348113,0.59685206771277732,-0.83002892750817348,-0.47326610117469609,0.33207845978564954,-0.19929311982294515,-0.27637077204134686,-0.72661117310942802,0.1870961212263364,-0.60529183910242834,-0.71752844011364814,0.55858664019497861,0.83306624395496254,0.8569869128070865,-0.74705793263214859,-0.55865244950279136,-0.50571785037759498,-0.6964909661026889,-0.70517897322834644,0.26030098588153144,0.81997304103092805,0.18476102241320885,0.036858136001249792,-0.41997663059643625,-0.61701736712865185,-0.51776792513137637,-0.95110344694435789,-0.080144562628372176,-0.79382904945363419,0.22903314667114211,0.17732513708245379,0.35538444859031548,0.47909230101596484,0.77589624812834002,0.43817174955726651,-0.06679170302350218,-0.24755943808145453,-0.55905495828325036,-0.13893905640373369,-0.21459821987152986,0.44236385277990459,0.39538065769361991,0.25250878972647028,0.21375856009268848,-0.18704419485698462,0.14258567094031183,-1.0404096331993202,-0.73953036542969175,-0.91019548485898927,0.73250655429819678,0.40352480673058233,-0.0097087998861790092,-0.70271357310814586,-0.78842290250975533,-1.0175555806529011,-0.36009176732863762,0.89455978932819302,0.31288195723847473,-0.14879209227125673,-0.78456400620712585,0.29485385976621575,0.53728486186249835,0.27025078324883861,0.60188730708348748,0.89684507709460526,-0.84067905859360947,-0.12974556661015552,-0.1398240585300024,-0.23794987350311314,0.58134366692171935,0.37002757038542083,0.81581229494734353,0.11298335170972612,-0.28560415505495079,-0.15389777139121072,0.26116542313321878,-0.16464463802786078,-0.53077250325603242
-0.96151583763865567,0.24686140921829353,0.20216231553991723,0.79362247121688301,-0.7922815591841057,0.80121545724384191,-0.92253631436280403,-0.31882379296310664,-0.10225229242423939,-0.7816662919571945,0.17609826762288822,0.41024407202554058,-0.40356818235876057,-0.8402152845801123,-0.36950714772639209,0.87602967317326741,0.10228578576051357,0.28782003828465508,-0.27274939559981082,-0.6439871044975809,0.030469452683237707,-1.028685772560729,-0.25069369026536809,-0.22765046661948579,0.6133468823457624,-0.25735536481555465,-0.8598027968492804,-0.086708146083901205,-0.035015158342275074,-0.3555604689135084,-0.62825758059159253,0.76192758771572355,0.62805229206337598,-0.97869109567218426,-0.087417645585421838,-0.31945018643326695,-0.46131507172035274,0.87150521277125781,0.46579539367739642,0.48458374624705541,-0.55916750342089983,-0.14208366585178928,0.37436975776339859,0.8985709680211954,0.89115772269995841,-0.87164131162947645,-0.16776717406598621,0.018418789620084829,0.15780536909679857,0.79297111409138987,-0.0010715403953088787,0.81066736643060544,-0.20251837908448722,-0.67658451449561463,0.90003963012964028,-0.067789337046429726,0.12037041336877437,0.56455339378577374,0.26795374132644056,0.017257241836359665,-0.21757070159741876,-0.80555028289107355,0.035792691746247551,0.15735817140359779,-0.97309840846706142,0.41480717319605698,0.80042682850400537,0.012243080851965443,0.4841869477906614,0.64047299737837149,-0.83794370929961126,-0.028468459247785294,0.5650058072195373,0.84224478594960239,-0.75615717766869228,0.86738713254542577,-0.49949698140606419,-0.80170122522917753,0.56432148157058715,-0.12784184484265107,-0.73068052193293176
0.063327372608777341,0.46143694734808616,0.24321960548655122,0.65069210051914983,0.87867622253513233,-0.11832466226252375,0.72307094876762357,0.16166957336206883,0.23817711515858192,0.12904867236268794,-0.08785555584334917,-0.770789839460299,0.95703766198497031,0.10591564498531338,0.89695361452798328,0.47456704853542458,0.87619658656031174,0.7487808018562887,-0.99057926750791481,0.14484493296965911,-0.83442241172502174,-0.44703936942120159,0.091235278323450894,0.2321836936836309,-0.5504815781119986,-0.039069018164127507,0.38920381754129846,0.25387521015914916,-0.42311473502676428,-0.27646173176755878,-0.21248239587773127,-0.18525885375286305,-0.96785505099327729,-0.39989639147348083,-0.042267800901842741,0.29696210419418023,0.45039049210243509,0.95607641656832554,-0.58290173806263723,-0.060702916022494606,0.30918291514933061,-0.24134040858073003,0.60015842275405196,-0.94250565101813077,0.90456652255829151,0.11613551723118871,-0.74879907138137825,-0.44043061426188401,-0.63981993170394802,0.023369364000597321,-0.98401176747749286,-0.36965593396564123,0.31404087449904639,-0.29970839613607037,0.24439283504756948,-0.99385869246253944,0.57928650372633061,0.62214914015263179,-0.61159392528543166,-0.75009943879166163,-0.32439395059726567,0.22040982084473604,0.86173094304635089,-0.13901432030450062,0.019583116021832988,-0.52823682119102833,0.18319893456959882,0.29446698535206228,-0.38601644788021944,-0.57899921010991628,0.6721613491770565,-0.61119828239491103,-0.56820900548870323,-0.49367422100880221,-0.25821724919754863,-0.84157537812170369,0.70827005045839142,-0.86281621373021622,0.31515894327169014,-0.19029542739516961,0.008125775476719296
0.079367163863345136,-0.49820161269090907,-0.96798913125140651,-0.81779940981827659,-0.59367119513657207,-0.37871982007485755,0.40243134041029877,0.61792382641291133,0.37254351252016588,0.87862165407737425,-0.16749894410813004,-0.036231777574602178,-0.35323139664059722,0.70350897886831687,-0.47126162558755702,0.14825597773044516,0.10584767142405271,0.86124045469586252,-0.15483775232256614,0.20883716798689364,0.0037018885475896589,0.14923009154978908,-0.98332895937710829,-0.72161443391333635,0.83856221425644317,-0.39148744655926632,-0.46146846946186204,-0.6602870969730702,0.049226780838256982,-0.7901865511705759,0.15158634897228684,-0.872266392043068,-0.55017999017511232,0.94084841552433784,0.89980721532121444,0.085555089271447185,-0.19296451861683808,0.95235180470249214,-0.11378412902630462,-0.69131001267849657,-0.20267724474041901,-0.25691089688432528,-0.54165006935273596,-0.1255953244826718,-0.76571546380801547,0.81417641310528799,0.40429146528198906,-0.78434406090879583,-0.11203705218259309,-0.24691584802189703,-0.38520335794864924,-0.23802767132271496,-0.19599812769927771,0.63940581343460301,-0.96046653470360532,0.47381273778391508,0.015312654202117507,-0.58481842439697296,-0.50395360005701495,-0.34953905285642922,-0.21733629059191717,0.23486069643725693,0.48776468993487498,-0.82818556827775391,0.50625388169405261,0.82549891025989808,-0.85882290657169846,-0.39856599815558647,-0.75739147121070105,-0.39650425923353871,0.99097053256893575,0.73204252465828357,-0.78431639344120629,0.59717776403505662,-0.49567399016315306,-0.53419338732189403,0.88452235546137681,-0.21774171112001439,0.12456739404631886,0.91734051874131994,0.13591689011179361
-0.36334726344678608,0.40376589667526619,0.78967664110419067,-0.19389578445884675,0.76542594357334226,0.15074699017555562,0.65066460077776433,0.37484545999609675,0.053544673519232241,0.70455774761827661,0.72049561749631719,-0.5958220109011555,0.69713143384341869,-0.011674944735871169,0.19162292368976097,-0.93750670979822237,0.080757515192695833,-0.20334362668619022,-0.45017986844793823,-0.82959487864817072,-0.31552631777757778,-0.88701324374843626,0.44590605166721192,0.62897113089624146,-0.62679151285760182,-0.61516703226949088,0.97266640311285935,0.047486642981745389,0.79747504367858735,0.29894350395098807,0.57225393891622167,0.75382607816355696,0.068481742096472981,0.45026269665367646,-0.029120976864213992,-0.2418944634844119,-0.83514358512797104,0.88699451296555765,-0.75596433262710905,0.24030304590950366,0.70943815367052054,-0.72262274848830277,-0.81322330877941129,0.47074343135775437,-0.7582716527464336,0.73274881121723556,-0.3616546591963587,0.51493239388723355,-0.92176121200286187,0.24943956654374327,-0.32923283096365363,-0.88887691666135993,0.75682881450900008,-0.57140470075438654,-0.086434156832552844,0.51655668996365722,0.066976592856361997,0.67250414671678271,-0.56093306872038207,-0.30186208015022037,-0.85005972040429056,0.50381834719940188,0.0020965135275829404,0.579243185170352,0.5545714189248997,0.40872379190420116,-0.62909326935689514,-0.054042090390755755,0.52184144516146092,-0.64086883763259495,0.52173661957357587,-0.12689950017513826,-0.48190519437509777,-0.47911931091293097,0.010790191955182675,0.98688177607747951,-0.72260161682095181,0.021605628557895506,0.45781973622372707,-0.42612339649887765,-0.45187978568898962
0.042272052830132599,0.87026407919276916,0.65193224048375253,0.078898435238054843,-0.71134676500089611,-0.29500438451836541,-0.43582422111137276,-0.76598031883935669,0.29772453474996147,-0.57635160174233679,0.053450694175520001,-0.34311655038273459,-0.62352635079070762,0.16290648398631488,0.38067244107603643,-0.78152851577031524,-0.47085381535309617,-0.93653026239652559,-0.12085293188143861,-0.30021538172318524,-0.47693207128814064,0.0374434042943892,0.74282817691229197,-0.76649060424690674,0.23442037526128101,0.94207244057916961,-0.56120918526485031,0.4251665889905753,-0.65914967277641889,0.30661982431461227,-0.49130258651002401,-0.77534178628600858,-0.59843780050600126,0.43164356760857303,0.70286176364902408,-0.0056875048327754583,0.24531477620255604,-0.41919913278582138,0.41152402808741545,0.66428948022522361,0.75848299391322693,0.19138140396988754,0.72238392598024659,0.30413917846023658,-0.29420641757195581,0.21714946420017586,-0.1211810604405122,0.5270315278685872,0.61980424043888338,0.62427020451477255,-0.62056726476362756,0.49315910867738277,-0.8697159957733086,0.8479558005601493,0.085320430456294893,0.58335492523216592,-0.51770323745818669,0.42422552769855426,0.048264643352721556,1.005097120889588,-0.79986124682098103,-0.79107398315371746,-0.63465769807407379,-0.36990989023851184,-0.31292059925535159,0.81128392463393384,-0.88083138073894096,-0.045962632634591986,0.92915999724299303,0.93470744374035031,0.89416027602689485,-0.35116284468052256,0.9008519990267001,-0.827798627295533,-0.92004285392029961,-0.89180968048750475,-0.30701053564375064,0.49396507717838761,-0.65068585038279192,-0.62202206304859509,-0.091907103192995568
0.37396188875072506,-0.33761135989361557,-0.78627845425163967,0.25564794537749419,0.3899114919167565,-0.007586827562870096,-0.43325985726740673,-0.75963843337948112,0.88657793828386999,0.30479079596128966,-0.243361822592018,-0.9408227912916356,0.14692474250587406,-0.53027482729182218,0.53718718576640723,-0.71364959656847604,-0.79103849163104556,0.9643735235309433,0.87788091152909797,0.7462440879550104,0.47888400983098994,-0.072595874600170709,-0.95195369944345332,0.76497024286451465,0.46246256454461349,0.42522689473937703,-0.31607884169035133,-0.77340266082715026,-0.3938508729698626,0.82807944200943462,-0.56228990211253294,0.56815126326053256,-0.23515736085980896,0.076164028845311441,-0.49687173350432035,0.55836991221355947,-0.32512247289017354,-0.90382258287738493,-0.13033375175573392,-0.28230528930786369,0.25325984644308169,0.99415398539128297,0.84144655162946846,0.12318592666707084,-0.62107386540047005,0.23181377362108188,0.45484291760077328,-0.63964667747909021,0.49755367563992253,0.24338840444366514,-0.23955262701067392,0.49629148437781079,0.081478569423027114,0.32675520996227569,0.42106249606564328,-0.25198778695977075,-0.47857189074501205,-0.66571419570287238,0.75850430789772905,0.60062523155359326,0.10572986077588985,-0.31648973820269677,-0.56669615451617406,0.94713269761154417,-0.67694230816405199,-0.52971979361833299,0.46680775877961056,0.48769775529410314,-0.53415167354157012,0.1401546066746511,0.41989594442608746,0.77833821390159041,0.66055047131400368,0.78647186643056255,0.98363267427237733,0.95653472120265859,-0.46145674703224504,0.36591586154986033,0.061890653479788317,0.25832579856006371,-0.14637335543456245
-0.33968244760402955,-0.36700570847678826,-0.36293169441996787,0.49809670005064555,-0.70523558877544212,-0.89255616605520727,-0.84730993018366063,0.16537660118483644,0.84146676349353389,0.029183320966744027,-0.15360470586152497,0.96129644087809218,-0.5546622324583268,0.14566166113523912,0.021405745161062056,-0.75667241897288462,0.76057565969396645,-0.85073424828809308,-0.64108234888140747,0.9205072955066953,-0.88640873755126726,0.28126138005775758,0.86784205931263547,-0.43047836870112721,0.91152508235344787,0.17439848298613034,0.21838321159631968,-0.13172423949228754,-0.55996899158973656,0.8323717450308491,0.72256704652912396,0.85436541533386534,0.1292299127925528,0.50133360050442599,0.22583517935714373,-1.0362656488548438,0.91202480669800501,-0.3646774761264715,-0.30370272645171081,-0.47414542843277957,-0.56976450204119522,-0.93410889563695421,-0.91324399880182705,0.025901364197065305,-0.3630278001927032,-0.88296619544481203,0.41460079073272499,0.68252508380463095,0.68980910959184694,-0.73900687046561597,0.25816908578260289,0.53879103012102214,0.076004372261152753,-0.33358321136570579,-0.75621929070209415,-0.10508571196766248,0.88207274349894949,0.44147448656279892,-0.1016584566446828,0.73551292285669445,0.077854397725818966,0.43829775552579175,-0.13963982548259221,-0.05299420183429808,0.93582017059507872,0.52064052960214091,-0.61733186801637707,1.0737068258061093,0.48535721955355066,0.57288504826067033,0.88447657838531824,0.631933884598603,-0.78383554666598243,0.59510393201879319,-0.48316022708494921,-0.22768847557542174,-0.36258654956796865,-0.80067657562992511,-0.79997817753973466,-0.42363999526906299,-0.63746564795804073
-0.41932169686348614,0.2275170858215913,-0.031841565487472696,0.62985124375115842,0.29792973268787259,-0.17892966498431909,-0.37080210332162228,-0.028788115500213315,0.94449532602681141,1.0043548365898674,-0.0045647155080856365,-0.38375936746273437,0.13989716864047666,-0.22307185111149977,0.99987485084384886,0.67752477794730759,0.41954178314812968,0.21192195753570933,-0.45274355005917094,-0.033325383898946667,-0.4290487869310492,0.7802858649276071,1.0300257960430481,0.62818763961862922,-0.5935285779752798,-0.090848272080012213,0.28715804174844661,0.18120409696986409,0.32084738052081235,-0.42823644179475417,-0.53373404354570175,0.01256601712801636,-0.91942896853161193,0.73265496532440089,0.64275798415182861,-0.32057637917056464,0.71066745935043496,-0.64450362496508362,0.87040984374220642,0.031509172270248138,-0.22082979105701636,0.77995754138222206,-0.307910274445095,0.44240753790830062,0.3668281526284623,-0.10535825561330177,-0.52881046331234638,0.85504691775540975,0.99672796383968154,-0.32987349578951036,0.66019570686902185,-0.14121803814788036,-0.45077641818306446,-0.80630785720641929,0.39694534397135595,-0.28509039342185827,0.017635901589868344,-0.84304258298653834,-0.90480397256740919,-0.82095261321400126,-0.3081709255872464,0.12722630170304963,0.083973359034573411,-0.53870786270363402,0.36948719145338393,0.58300781701655136,0.66933261142632339,0.7812700628415028,0.36979611041558114,0.73040038859298839,0.13200298727339346,-0.54482394146900137,0.53251798792939087,-0.66453965188034325,-0.72780649473855041,-0.088448550858595959,-0.93986876148042353,-0.055958107950953725,-0.71535879319895901,0.17015207844407121,0.021634292889960917
0.8341514367218934,-0.23508174865759821,0.57958635392238655,-0.93369765243638614,0.39371792270938205,0.34562340848074014,0.61818633129779432,0.79898050487344363,0.7949230022956254,0.47444230348350408,0.56558879276002882,-0.24213564947755276,-0.90839386640077147,-0.75390316364489574,-0.13048226467885629,-0.19183682601232405,0.90065359057181027,0.241455036628205,0.9171537191027368,-0.36026828964860813,-0.089484062144650295,0.56846965250085768,0.46879743644065491,-0.76308595709626081,-0.20775914709664386,-1.0195316781936126,-0.93319525222748567,0.64517303753252886,0.0049101397608168479,-0.20844705720289533,-0.68734752765591101,-0.24777906295597177,-0.87076397523077564,0.25517014961271761,-1.0248709394234901,-0.94554160489967576,0.5500118903379797,-0.35792033911324339,-0.42889410271566153,-0.76968872543406663,0.68701518997853694,0.3052294371856088,-0.023277522357383913,-0.44814936082565876,-0.68067096672333571,0.95122180922331634,0.050928017146204999,0.10004614863754618,-0.075345594749334721,0.14171974486183381,-0.051949017154350852,0.63431399998714055,0.90430194089985982,-0.54869500017432493,-0.15336860932379004,-0.83698504102838578,-0.62313706292214321,-0.89801416460045891,-0.029150452676303062,-0.048625121957148167,0.47822448979473758,-0.46000447644982018,-0.94708967084394402,-0.059900182915345684,0.67867591110410452,-0.027969941275958289,-0.92374929411800766,0.63490311835855551,0.47347137155493174,-0.52170679821114541,0.34968695267530786,0.22454255985808472,-0.64939677642675075,0.73062624639500739,-0.48597859363641249,-0.39914616393163721,0.46193777905208616,0.19054363921774076,0.8333122504396212,-0.6182787172760339,-0.34904314469330294
0.018791749183738365,0.93775765099740604,0.34563135240680742,0.54668314278224206,1.0322210462036894,0.66344974153555547,-0.034801212483035499,-0.13664956393726946,-0.77789684836366824,0.67082125410870752,-0.14190041015291679,0.23723469453977428,-0.017583443212953943,-0.92766413556404348,0.034169571545729159,0.50263833223527399,0.85599965409013523,0.001397273182134947,-0.43241641189196856,0.12415015979236653,0.20117509868491931,-0.50153660191309435,-0.67630260472434389,0.53997489263204046,-0.11980292476403119,-0.3058450543474312,0.65084889897379883,-0.11557248486743442,0.37236166773840429,0.59005914168636076,-0.18802032057832699,0.64810360072274653,-0.23366873678379019,-0.36233195045242672,0.87490866515388688,-0.035298503316379341,-0.57307567020007377,-0.18793086712739518,0.90763376673326157,-0.64630713506314152,-0.1869392826537023,0.39234870058384186,-0.11977991030005193,0.35188392355360165,0.71349829877835624,0.44687013794075575,-0.6778170373569995,0.85126774051590315,-0.86282482032487096,-0.81733089244950674,0.75392479334193352,0.80613749145973213,0.090697569448925153,-0.76981215406442005,0.63090682402234122,-0.83548165937234065,-0.6160313053912656,-0.49009666231175181,0.63644724383825868,-0.56115906837836982,0.72157403214675042,-0.0060450974693445122,0.51371850835491384,0.39947839011598618,-0.15853478799875881,0.007503763668512119,0.25059272824030959,-0.74479307244574622,0.99861742787352659,-0.7173916389934416,-0.93221744151089625,-0.0033750462457412074,0.39830486978663898,-0.026251952065351105,0.30873883307714256,0.56827399229395636,-0.93639096996323412,0.63296858858197258,-0.56949796808361353,-0.0034885610547195581,0.37068725474765712
0.92020747517031753,-0.78044036404929096,-0.23655379874426746,0.52176873557938197,0.46895329177025452,0.50719263736478337,-0.59975278309394331,0.25203077517950201,-1.0662701027297892,0.94452582895254444,0.12444394107243258,-0.47349688190646022,-0.018729447364203407,-0.39396024418246273,-0.11947601413006187,0.39138921260675752,-0.82891205005849056,0.076024034013378608,-0.66331156070166641,0.80418908503509356,0.93372935255563394,0.79148215710494974,-0.33896165002463879,-0.85006532694702186,0.99801870828196171,-0.018678216246943092,0.1331189519416231,-0.62871088513256879,0.12674863883884627,0.47386303076693354,-0.57719763290353621,0.4367014677402441,-0.37307575232820822,-0.820834129538204,-0.54664179529776258,-0.82161065659248567,0.54965551113049427,0.30725281304234187,-0.53768582408859911,-0.43057932941350657,-0.27624171129448721,-0.63556822164030513,-0.34482359766558918,0.49337417699684122,-0.88620609421108165,-0.65576200934465656,0.59782474150611031,-0.34976081126146757,0.93227440088463731,-0.62630586973437008,-0.75956831115438594,-0.70761172950071094,0.84510359886379161,-0.58947488273522308,-0.99975149683979048,0.38041008124588216,-0.52389492742267496,0.11450621112121283,0.30485856192746763,0.46115887690613522,0.50061085790320159,0.88772982699350689,0.41748074401835777,-0.25352450289181033,0.34120433151903212,-0.027796292365730474,0.63916757602646845,1.1364926228833494,0.19140042078395558,-0.31130346038012796,0.95763760069278236,0.91497399220607911,-0.075846930998378068,0.68860610004491918,-0.70689779691281884,0.040632093890690203,0.51800951745910873,0.0443597647502822,0.052497844890384976,-0.4301226915453184,-0.7148755878652242
-0.68180209405371239,0.25365637570267557,0.56509599228715124,-0.066279478937020214,-0.6561535994562826,0.050825858073485546,0.46177643807003871,0.16738492023403395,-0.83108335238393716,0.94073715160063887,-0.04074579055928565,0.92567586624195275,-0.88985030721863878,0.32672333524564628,-0.20961601827420076,0.31492461570302233,0.22882313199300033,-0.41460419554986799,0.82695061715479978,0.92508601398310653,-0.31497974155265468,-0.39365386907129246,-0.11159774498573853,0.23844690913697883,-0.62586190758459781,0.075952402870460609,-0.73594306448406321,-0.51679861235643387,0.21298313778929087,-0.99081299133954204,-0.70605853566999921,0.81727016362390925,0.69014289605665191,0.51020391363739204,-0.21339322306386618,-0.041447744137668864,-0.42133614250690465,-0.037161561390957387,-0.68641156079378973,0.059474451624700185,0.80777402792055164,-0.98354028083986011,-0.60970236798788036,-0.01315722163202287,0.87047605033717224,0.75048300606263607,-0.61354963264973694,0.17652310666290066,-0.86527604579545692,0.19833302707203579,0.81839036893072747,0.21721312371401735,-0.30216235666910174,-0.042032581985533501,0.83139381392918943,0.41899299514613431,-0.85422909147308279,0.35623297342214832,-0.19080579154927285,-0.5848320774032314,-0.7970175043815948,-0.29829254420439943,-0.30876075110925683,-0.10385820743328941,0.18932229344032078,-0.96385647858996215,0.35255322690063806,-0.46844817720206805,-0.86302770430354725,-0.46940836518866819,-0.60478504957933421,-0.93862694549368597,-0.17236878696044883,0.82773224804694912,0.81266498602991222,-0.94894553395890457,-0.5664680190846777,0.54174702586706314,0.1953792322011921,-0.47624124850541155,-0.32819353730731043
-0.74848413419358495,1.0478369886205543,0.033802131220037633,0.061391924037473448,-0.83058682100125891,-0.55293967419292667,-0.20966295150727807,-0.49324481248194346,-0.79080268348458793,-0.67512477614735789,-0.27285958377444469,-0.19137269569386384,0.6082729414539273,-0.015759446707633941,0.30867306503686703,0.76083896096075576,-0.23299594787676248,0.33799883552391263,0.28798807698358253,-0.29884965905503325,0.82722802494274816,-0.48548222214594677,-0.85544506946668297,-0.73239782919363405,0.2197897453729297,-0.60228986322996825,0.91223796112484168,0.88945039007130833,-0.015661238087456886,-0.6899008493396428,0.16901529833367418,0.45034009723641688,-0.80966579306896824,0.22277604058525671,0.99577759540736088,1.0129606733185295,0.88048899880936216,0.89397546253354987,0.074707212263600151,-0.14346282637005303,-0.021661868456431796,-0.38857047128166622,0.10549895207281249,0.059378305538327694,1.0320287140882036,0.10275941497743915,0.70662785281231,-0.5917255292179987,0.98946023522404292,0.69334948784829653,0.42794303266271405,-0.14866590763939735,0.75970987588882699,-0.63736483215971651,0.80571020111634639,-0.12026878751511685,0.72845391258076886,-0.14724210468994067,0.12670621200941981,0.83289894223808603,0.99150321216336068,-0.75566657668223935,0.036327431286358625,0.81734043547785995,-0.78234902977392595,-0.21221002898898406,-0.10176386756588296,-0.17788296502733927,-0.41290911883288695,0.27118038842098269,0.95879765449960219,-0.61100838492913079,-0.5404018961838446,-0.75382926433061748,1.0525859749473003,0.42281643580888001,0.92928196389773043,0.99608747532653641,-0.59463892948586949,0.11450351262142555,-0.39937413337336175
-0.38400471825869786,-0.0069545014800381708,0.59846867605834198,0.4458253787087611,-0.30251479260816999,-0.019448525023401875,0.12808988613835515,-0.22210014995139968,0.050701661528161392,-0.24687063051490832,0.4548561855660917,0.22906274769721702,0.38998237695321158,0.91116445007686564,-0.89090988203744181,-0.8933662934394877,0.14649096372606077,0.98902891651415614,-0.73893374906186371,-0.64881169931050475,-0.74787206242475501,0.68425535819543726,-0.7238214212011197,0.86686559681179465,0.38141445377233529,0.12468457565815617,0.73823677341781746,0.3747580080247786,-0.18595908903151406,-0.8349664531698251,0.0059514185971781958,-0.99839123019563736,0.44367233037664061,-0.79202967319390993,-0.77306361895999665,0.11493788293180755,0.20212170869359911,0.5846405028255085,0.19420111209977786,0.56403421288425659,-0.70468495058327452,0.18101718179159229,-0.62248094842635571,-0.79772947834070129,0.19814845843132217,0.22977239290489887,-0.14364328635322798,-0.89373263680938608,-0.90821834871996787,-0.90684428573957543,-0.12713654084305082,0.96000596804175586,0.14505926404770952,0.80306680939263697,-0.18547489713933119,-0.57897538219658073,0.8120413026911476,0.067616870214664171,-0.58053114104094516,-0.4588120562835637,-0.94525201706639561,-0.094848282853091645,0.61663833176464333,-0.21984600053751527,0.65141899572976691,-0.58015650635264937,-0.46543316645038074,-0.0066454998921833151,-0.67160086661454932,0.57152972116375567,-0.75077109963628186,-0.91536575840833756,-0.044481243657386538,0.92007349184676057,-0.33621280370827805,-0.025429705032433275,-0.56073349255006966,-0.70484556231117179,0.19532212520340789,-0.14062717663263663,0.55218404357077056
-0.79159392565531561,-0.73400593252422686,0.17737789675816959,0.92959476707257138,0.019522353442950308,-0.022444662120720237,-0.19356063217865041,0.95176327354944623,-0.56659692726348054,0.39125293449230414,-0.49763950007990382,0.18593928963636189,-0.36184401768211077,-0.78713457765450356,0.87886510530084372,-0.95915330208225913,-0.51126432490761631,0.211805845735548,0.12422358143472181,-0.46429077709854377,-0.012634725161658632,-0.92452090873449688,-0.88134416907748869,-0.64113339838468153,0.1231739282475279,-0.58892386087724979,0.18818122929238701,0.40114218288213427,0.10129747575622045,0.90665355622349753,0.11444930722874647,0.16656343683379854,-0.60128219544188677,-0.47016249408329425,0.41492843690161885,-0.42631209977313195,-0.96518557269107064,-0.88066650466469443,-0.26279059477668615,-0.62821031012112138,-0.72291890574572193,-0.94374160674965391,-0.85296952939668069,-0.69793357478543572,-0.30589107583937386,0.71498959590341471,0.24198587660416304,0.84338723586364306,0.32589307048332061,-0.92491095907422549,0.74532467105901756,0.57194735186673706,0.033479356173437003,-0.82303038363820624,-0.67863234345648271,-0.76883069003439641,-0.71428853088506428,0.69962775330330473,0.56813117526891421,-0.76238539688785889,-0.6465531294176573,0.70625646195053227,0.47629330041995593,-0.80210470844802673,-0.45753232400065419,-0.45986546969403502,-0.29402265939657141,-0.64030060733617578,-0.99095289925356778,0.10171872277381319,0.083340195506922649,0.73281165530227177,-0.48259621400301306,0.08403499821055517,-0.85137282486435828,0.18021261638304981,0.72830926576450539,0.21949827285394657,0.236247211927542,-0.59388878956157909,-0.080689752933982534
-0.91988406098960651,-0.55164374563563301,-1.0078412624054651,0.42319598076545328,0.55343847487082087,-0.53320675871564027,-0.078015516202533275,0.098472822192482337,0.9659800174033174,-0.019910942510436524,-0.56392733265714845,-0.91386933927012537,-0.70566289434250462,0.35127324343177357,-0.39374122413440438,0.3406426845710766,-0.64433166500957328,-0.65955611225487509,-0.43745293725325668,0.92083532373839794,-0.90346335044390158,0.52034223465923513,-0.40779422623532041,-0.95481759561282709,-0.64058666102932349,-0.49453759390683316,-0.14553032642433653,-0.74384265511847969,0.46997910322832709,-0.21798164326438418,0.51059734370593779,0.92233633061107467,-0.095768379509657456,-0.73054669994166155,0.27309026479829196,0.78730830471989433,0.69018750055043943,-0.48643595530906447,0.301725321177501,0.25621045007884574,-0.8980099787757756,-0.58012296393388552,0.66635849462619989,0.75944240529764162,0.042737234231196436,0.80294607545536456,-0.54906853346967666,-0.81148109924090617,-0.68647484739260467,0.71943036277790351,-0.78524333690332737,-0.99808358030602606,-0.41798887529341511,0.33995589905545476,-0.50631736082702017,0.1006238010203047,0.50561811090240072,-0.48241507749736973,-0.9228748702245031,0.61101815949167337,-0.5341349361898633,-0.088986191460776215,-0.7169586425429243,0.86202996561150258,-0.83038964466961462,0.57019055156889187,0.019658908261552928,0.53629394396942087,0.096781837335487245,-0.029193922044676471,0.037056917934757079,0.19808137523376831,-0.22374040913958027,-0.57590692190761306,0.19413122891587406,-0.37656117204100986,-0.99729037697774658,0.30115695102922202,0.30515118751902015,0.36229859956521249,0.94131472225353596
-0.53415684788142881,-0.45037069661135448,-0.89712410164229017,0.53681246511301073,-0.5327234389802411,-0.66048653924659562,0.34003621590421446,-0.60447641920894724,-0.85540461884437002,0.54025537225279774,0.88001175381546215,-0.90697310188073943,-0.92415985979660309,0.54400065921783736,-0.51472804518775639,0.44740122727415804,0.22178200984542859,-0.32715940538876664,-0.17550313032642648,-0.5474089329592422,0.33758200156004986,1.0177295529250012,0.020013293522928712,0.40640585031320875,-0.27730816127966895,0.68962652353832943,-0.38218084226238319,0.1165992964726392,0.5292657531430891,-0.56952165703956437,0.0044432984322318484,-0.89091014642915278,0.41853053757605219,-0.65037025813294069,0.033479406575417973,0.75355142305839895,-0.60978274003534838,-0.96064507495080331,0.27904538257377448,0.56364959031142114,0.4371241523130846,-0.9216022975506214,-0.26933663009228453,1.0259627047717625,0.37790869958923984,0.37405081952538138,0.25499364223224535,-0.35322324313754438,0.34138478760768382,0.68756704275278058,0.84028177638961066,-0.33721039461194724,-0.49478170872063676,0.77210964427565121,-0.74162564823058252,0.69523854791751694,-0.47611037581094462,0.54534970401351801,-0.022998057983725135,0.87894827340919124,0.24792531438441334,-0.68374321602202881,-0.72819394579444563,-0.567214953778854,-0.61153137524042367,-0.29372221746789179,-0.89609703237263438,0.98740113252047268,-0.1983473328099272,-0.87298602190973129,0.65059074282808926,0.23519345927645158,-0.095359264357202725,0.38805195512241919,0.1674919562888075,0.13413894367502072,-0.75671868608599224,0.58954817106572843,0.30341894498049188,-0.12696928009352473,0.72621612847595596
-0.39137640772864002,0.24286488874703574,-0.44300798826151544,0.5230846659508116,0.0095740786053955598,-0.2755249762277806,0.1564877726419526,0.13708658587640093,0.37504970057945308,-0.88181099471907243,-0.14382300575825666,0.89338223810283379,-0.26014514335137473,-0.065842384650290561,0.4592200226648922,-0.48799287790176316,0.86733923924964018,0.82996841903684582,0.42195258372106226,-0.080154275555007662,0.95867147644022621,-0.2754933277805327,-0.44433898644909325,0.53122562863751688,0.13785750765997087,0.53061112170089875,-0.30314619330141357,0.66397851491688609,0.62229326541013286,1.0086992204477796,0.63752796632006625,0.061520097753106968,-0.082396177507349178,0.57143374309462658,-0.28123657959613624,-0.92597968915788398,-0.58608010130027444,-0.33518908812178017,-0.065742736615297517,0.19694963389349174,0.039401242679232083,-0.68050123699163867,0.68267992758286944,-0.65291149665871406,-0.37393040685016377,0.4066018564324978,0.68151480441849099,-0.41714106693467667,0.23237080902778054,-0.08301530896223637,0.21181484754002944,-0.31763183724241051,0.67689212004868948,-0.28650925029390628,0.5452885201337303,0.64683619180218199,-0.88040216152548278,0.83093798345821579,-0.11061148809402774,-0.51297965352155428,0.83445506989700258,0.54692308248916888,0.083375356609637907,-0.73018101827439019,0.97462294268827221,-0.018521948882574617,0.78157543732984236,-0.67106445852201024,0.72823454160072876,-0.22546267093779543,-0.046429411113553747,0.43563295826189846,-0.21592642569618575,-0.40965294250072487,-0.83530654500896429,0.95018452845504087,-0.27650014285435781,0.52022792682435104,-0.43828678604750398,0.17302177110211439,-0.77149382384135123
-0.50542798912860276,-0.57166206717683199,0.65124427480263269,-0.63266538087497881,-0.43970905775865887,-0.76525187549617579,0.83337712893430083,0.86448511593598243,-0.99688130418658183,-0.25113859416885531,-0.91369924543320302,-0.65854794371400038,0.56961979557381004,0.8026776616818605,0.52460840758906846,-0.24618585605218762,-0.99309144301510177,-0.42212510911019596,-0.47579487979303065,0.26230408141662021,0.90551257650315398,-0.65316783794215505,0.73047030544345537,0.43859404191083551,0.71410000912758254,0.71369844937238902,0.79046262955560564,0.2491300433028964,-0.62695230517370315,-0.38638109996876607,0.57655631925825235,0.93518923502920792,-0.92195648596608082,-0.33366855028149633,-0.31426774156509002,-0.15708179586304899,0.91639435369646638,0.17069465200277736,-0.081923335057040719,0.80652332443316743,-0.88557508306993038,0.21020201124309604,0.21666076808979989,0.84473803785729207,-0.87154789693461265,0.62401040616701609,0.58521306117293359,-0.91546628844135591,0.68052417248687858,0.44265994539040715,0.69316155982384053,-0.77972371610627556,0.632378297789429,0.39890793420444681,0.14910268938481308,0.47029864929191378,0.77065130584387098,-0.5322581929633099,0.4930940105375432,0.67559003479162683,0.96944086809193608,-0.80575392797645162,0.044656547361609608,-0.1721426227182925,-0.98167014115205831,0.36635540666758598,0.8027362279043242,-0.43812824867993533,-0.58391874947708178,0.88271207161912923,0.85220447512576925,-0.45678465116591133,0.65389557305848489,0.039709294046632551,0.88604928373638714,0.20293742406231224,-0.97719032629539471,-0.29140637619462401,0.69433148689287172,0.71707790908266789,-0.14765263157851816
-0.72095679559045756,0.60877479467978945,-0.37146169703365872,-0.38421283030964204,-0.36545120874732151,0.60406133086961267,-0.36661731966626876,-0.01296075170502344,0.99023990422279928,0.64956797603450156,-0.0016802752129397342,-0.13530116736874054,0.75521111132701046,-0.17423069880880981,0.98633929917294205,0.79615738063114105,0.4249004003294356,-0.7978667695022631,-0.19334544483418858,0.51509286257188414,-0.52120295580846165,-0.14755332676871732,0.13573414320058444,0.37485639818765137,0.45175330436473693,-0.208299116706993,0.72931195315580921,0.87065163077643637,-0.86067538303998192,0.021196850334732648,0.28795404644112471,0.41770317718710909,0.93956167847054961,0.23727263611678293,-0.96496519031850947,0.42957596129012093,-0.066945061288287408,0.0092272157648601374,0.2512480044784724,0.06585218116268185,0.96802583742731108,-0.7601249607252436,-0.42770606309614029,-0.10052841702787335,0.080311259291252809,-0.1558084058657086,-0.022769338835594913,-0.082986615371089492,-0.80851119835803109,-0.82073381757426167,0.06250475593191962,-0.83181925332899831,-0.70083375775077306,-0.022243793498828657,0.24573011574142822,-0.10654976311261613,-0.68580978211623134,-0.78854434212314584,-0.25684036015526257,0.33909419181827377,-0.45565126008901391,-0.54993542266939943,-0.13398876686035668,0.65741682538585455,-0.066491139303952826,0.52447528318711711,0.51543622163408354,0.52244650789819524,0.40307194968603105,0.35619843651432442,0.37902407084619227,-0.83479764266152801,-0.51529514459815617,0.31659379845052721,-0.55305466133741987,0.98163376994722662,0.44909902245124594,0.32420516690776252,-0.13733152468044765,0.96313921388596602,0.86270864813228876
0.50831327865104192,0.051688337164879521,0.53562220107594227,-0.028206405487475075,0.12644958464270808,0.87914213082546544,0.37246692945628918,-0.27781509249432246,0.92346559924455451,0.31936753513440364,0.34580077656863739,-0.15560496750574596,0.13949277570451576,0.078630548883138307,-0.87622583731627213,0.70064774876808644,0.96156540505570587,0.63881577058167693,-0.15101743174154728,0.65176623196628414,-0.60660523038939906,-0.19351362587739673,-0.89086067925590462,-0.13254514987090429,0.25258210708053191,0.28832382011530705,-0.040900730285782873,0.069433409466741258,0.29132140152307695,-0.0054760090360176494,0.14864636065795719,-0.63557131376947384,0.57850258817631084,-0.36811018282808122,-0.0068703484782828873,0.87647071320788994,0.73201989562146674,0.80448329295020959,-0.45252625789315404,1.026330052019397,1.0196069830326819,-0.52450669487299684,-0.3162858576704653,0.25588011020526791,-0.58420105799607802,-0.50666701703039674,-0.46431486355344842,0.61325588824874211,0.16566553216047167,-0.40980355224885889,0.97793875230606653,-0.50415601354253858,0.022936777115670104,0.91380970973132092,0.49562399869266871,0.02953454483972057,-0.05365086811933812,-0.034634971245444131,0.086039202905311696,-0.77791212680790944,1.0299145150901259,-0.59106507908639472,0.96563130536610775,-0.71808028557052128,-0.057888607769540877,0.10807659538277702,0.35503734824943878,0.75397472988895253,0.36238891464722522,-0.92116651168093588,-0.75215522806664681,-0.22624720905924031,0.23416769221668346,-0.71357344435132675,-0.88068244578595922,-0.47329856716569202,-0.11705252086468268,-0.29850609122528277,-0.6685367815608233,0.68822260999341889,-0.74982009258095594
-0.63464688351471388,-0.33917247319496641,-0.60752668395325915,0.6375512381783297,0.13336548774733795,-0.14833443836332708,-0.92194494133530114,-0.60043989436745249,-0.78525221476939389,0.74869498748768004,-0.94276142738779234,-0.39606888105910354,-0.27015087770708213,0.19285203792473612,-0.79385527754915364,0.92790386980205164,-0.015070431029698851,0.89191047555915837,-0.099654743643760993,0.29188489560425618,-0.79156207988452221,-0.81634523047994234,0.41966814110943701,0.0065854859911401806,-0.67890651238617439,-0.63888921367182483,-0.13112972375200513,-0.94150801580207089,-0.37405464953170658,-0.71331053366703634,0.92271432539960063,0.93480774682690004,0.031020953692068941,0.88543071631190906,-0.037210115150205635,-0.17703157441295456,-0.016873251099779173,0.10605573367920508,-0.18398773813046154,0.48194392110176704,0.56112199057686929,-0.19721317587941484,-0.6472757071869244,-0.90805542273378415,0.9115444287388158,-0.81281395028432579,-0.54524094993080829,0.18210811093002255,0.86460402187464402,0.61481596239400416,0.12433199177552856,-0.096621829912321266,0.7530623437382904,-0.38969009679710698,-0.49635203446499565,-0.29088987409020706,-0.60335113774713012,0.10561878214667067,-0.71674848555488146,0.85630332401307108,0.16958265867554984,-0.066444682910469108,0.83022493663962127,-0.16428425740072258,-0.098707375902859787,-0.75977426267616655,-0.12069157484534633,-0.23045199305744979,-0.21278534982252742,0.4736946413511231,-0.64242171636954382,0.085417053503708207,-0.19970759140207991,-0.24162170287551682,0.34490900427127746,0.21653864533430317,-0.69267227740956872,-0.84195919508989248,0.73489343431116905,0.85372893927197457,-0.39933750719819538
-0.74088882114240318,0.95411409973894945,0.19444413322995679,-0.50091090010656636,-0.23742497746079716,0.54495099255737522,0.19325987105909143,-0.64859362939552601,-0.20852424410828393,-0.90697181077134859,-0.95600443678464619,-0.98986603676289597,-0.32278609050786483,-0.41209924551121224,0.049767069028378935,-0.083283635215407742,-0.38641551394075696,-0.26519629923052684,0.28967816885451125,-0.37325177704574242,-0.46355784880251255,-0.75342077858662659,-0.36431916081333954,0.064438719302622988,-0.43298244925964946,-0.076410284436397732,-0.82002606615871843,0.041823947185015073,0.53274254947882416,-0.30755276214932087,0.60668384537148801,0.18601633618721572,-0.52631421829498926,-0.087384116539128268,0.046828843997338457,-0.077321522052237537,-0.35791793017369045,-0.79504126361721583,-0.35786751114261534,-0.60337190229245863,0.77988642552324772,0.41566551859147721,-0.62754678046547763,-0.92846815420412165,0.053122461242794052,0.23522576690054031,0.57828007921322711,-0.082174734211583972,-0.47239516808462412,-0.79760804392668638,-0.33667507693909859,-0.60814508604347162,0.76889236088260149,-0.10030905234974175,-0.3256011569427425,0.548129131810978,-0.96063254113159358,-0.08146755608718903,-0.7042971590835192,-0.74402704637171357,0.39782058292262951,-0.39034517496690746,0.61323524574506294,0.48231962768037573,0.23553016598905849,0.27234769501757594,0.19121652130747641,0.43151033096618852,-0.016538493281318761,0.68161525913916821,-0.42309442036612582,0.93320943155286618,0.82048097954778976,-0.9203327663930907,0.48675145693634819,0.46377257260066562,0.097887662534220821,0.42374991953186808,-0.91522075392557423,-0.37418032697265252,-0.44245526935008511
-0.29475137932745032,0.081996937265132838,-0.59560294818395765,-0.43819165119990494,0.1186839591636305,0.093827703386719336,0.5726289431400825,0.28464276655885817,-0.4455451306204381,-0.021451267125874657,0.20455465873458881,0.12934802140396345,-0.53712646617939197,0.49330841523345814,-0.35589079040020194,0.76715471733938834,0.67242723223785383,0.077498686171173448,-0.28429256198728592,0.052893750335420577,0.80997365052619674,-0.86220889497530173,0.15951211062768059,0.84967172133603253,-0.030653460417874492,-0.78745170976663748,0.79850974854576307,0.60025933683025878,-0.53430886764263263,-0.19063840727531464,0.1331665520903963,-0.19771840118456627,-0.8700210963749182,-0.69362173140959449,-0.66481272848403872,-0.31498118499821709,0.13436288166525659,-0.98744857352247306,-0.11542027288190121,0.1971972786314404,-0.77266195610342014,-0.57986300226902365,0.19520243632935988,-0.21015018798037163,-0.10616927446768791,-0.5206881806087329,0.20308244932755148,-0.75655978073480101,0.55643602681015747,-0.82705145567712934,0.27621572502837211,0.27804221020387332,0.84573804437733946,0.46542448250523516,-0.028780614091659329,-0.92852224120044768,-0.12938602592535184,0.96040492291663848,-0.4721393325867792,0.69194404032811385,0.18980421947021242,-0.89595590673920045,0.3713407378803657,-0.57782883348127623,-0.33620064028387325,-0.27219141374147093,0.45598426448375218,-0.33589266795498396,-0.20921064927098795,-0.67450701175390015,-0.18288448110914954,-0.64564999718979288,-0.37927409730434453,0.24443300016354397,-0.74551896121193784,-0.21895345452270881,0.26476541684458998,-0.26400806198281246,0.35419144392762947,-0.86441630311898832,0.6563084033509522
-0.63755059446032825,0.97507838231127064,-0.3070180689676727,-0.60668920243350288,0.569829648091837,-0.42225053981359967,0.66630466463743443,1.0324033322663055,1.1108188166363242,-0.62547488814980357,0.73894792841861712,-0.27298243812532286,-0.8192865370993947,0.7878561896468147,-0.10833495825475353,-0.64767132291261609,-1.0046353582547303,-0.96322377931990555,-0.86720297703787974,0.81486428769027708,0.78884361669382863,-0.54200571532937614,0.030606532735258242,-0.89070356908253767,-0.30529593197846489,-0.29176922286101742,-0.57434718122154049,0.26202262513100305,0.42906532950234316,-0.39446663109964725,0.48816472005582884,0.82086072419551337,0.45384495294051419,-0.30093310296597597,-0.33759346895703374,-0.17199397180408801,-0.20155407197542108,0.36913720842189229,-0.82450367822672088,0.85527831386932329,-0.13518548465899261,-0.33914655555387291,-0.69279752238447312,-0.286356340571566,-0.49364330406539236,0.53232619980369911,0.33089233241873006,0.43849941110889751,0.74471745073170204,0.49302817489244355,0.85864522020679579,-0.14161770274079954,0.76922394529217297,0.11365302517204379,-0.57499693979138855,0.48970932638504117,0.55315571998116508,0.76430487338497266,0.40111385892146167,-0.87345154358397248,-0.69787786070038171,-0.1215696877451235,0.3684826237628287,0.31000596137676206,-0.14470286407492355,-0.036932181540036503,-0.3118130427865799,-1.0944118627798554,-1.0471667185379576,-0.79184573184798079,-0.82296255604294022,0.25717685022797793,-0.36509329124693002,0.22103697792179883,0.61200672171274606,0.20618387571710461,0.51001747674563569,-0.19296218615103539,0.36541232974671689,0.99353685939163261,-0.012163120240063795
-0.36599280873951556,0.77421492419156346,0.026065983029924349,-0.3065286199873769,-0.70720605123230207,-0.11984071264719205,-0.73764131597056914,-0.32796584742456036,-0.84947641145800057,0.49773732846272123,0.43625486126894258,-0.18613539012011587,-0.32968343319242066,0.23301120304870099,0.46835716242342301,0.2864823572021355,0.80318949486403157,0.27341016755973779,-0.38290105445370226,-0.17912377965682919,-0.74485380524817324,-0.21532424763070937,-0.92974419187860791,-0.095850294685256091,0.57732741256412101,-0.10138269153132357,0.68180933954251777,-0.24852135794257932,0.83035429313999087,-0.22053492653878673,0.651555878452866,-0.89963460380004356,-0.14299586564703107,0.65216296990190759,-0.8513020226041057,0.51490477269017143,-0.26314519679262677,0.96258927912855086,-0.87239430364035142,0.98879465581070736,0.10889439863786489,0.83493421592587169,-0.50654662212352242,0.2615977275872936,-0.0082926376921704271,-0.079298690208255029,0.59626294977477523,0.42702493699850047,-0.34926597574333063,-0.86460748222527262,0.39150654272466712,0.11364662130336622,-0.29230364946651921,-0.36177461707026082,-0.44589460719315988,0.73776974767196357,0.76566163500609119,-0.50220837883902414,-0.84529419272726303,0.88090730844949894,0.77890867341075698,-0.33855798848287089,-0.1446891385749712,0.68648879708826349,0.79588741777799799,-0.20537853801994499,0.6494352631094964,0.7783220765268879,-0.31483771078050238,0.32758279767336462,-0.2448385925590385,0.756701361275121,-0.57618505723362967,0.52268705568771023,0.77895211383330465,0.24868384814039721,-0.85254823914408995,0.40798310802433663,0.82240993706581911,-0.59473705346460559,0.82617070945348381
-0.71462966615448775,-0.13059229540078723,0.28570171450358151,-0.89856376090478907,0.33301194061252765,-0.047819196653409932,-0.44395295087888897,0.72638865873377623,-0.041695907194546376,-0.18540381083511004,-0.76331149347100613,-0.35438966664248539,0.48483708084544908,0.48255153670649947,-0.88528424970210584,0.33370072505920156,0.41673601844560687,0.096403757990821876,0.33310527773861875,0.4359949169175063,-0.87093799597360733,-0.27688286358447756,-0.82089220150642628,-0.9477072180372037,-0.87067211723513438,-0.32815052972288616,0.94388895706984155,0.056903283827163885,-0.84648714934598135,-0.020458713616014885,-0.92931707104065786,0.12692826015229483,-0.13262533903158644,0.95121031626902708,0.53361280532336386,0.37019571421918718,0.18725339613920819,0.46135286386510466,-0.37180115507365086,0.37369545009700239,0.82904336673952139,-0.22987992691026041,-0.24365550176830675,0.095332339776911856,-0.88635717212037612,0.76277091332049451,-0.83693987474254605,0.38259869877839364,0.15013335226211405,0.77208280738175328,0.88287445981506352,0.47348569492104864,-0.63559612340255078,0.11658376724671737,0.5888046580843056,-0.061005003827620828,0.4147125501804147,-0.83425076028167866,-0.84303279697489497,0.80145156717180843,-0.91367124582351322,-0.60674457080272504,0.66692495250060679,0.12979185726030382,-0.76778978149112354,0.22198745841500531,-0.90617404320167483,-0.32642071060078082,-0.97084111061867195,-0.79119430537884206,0.4567925490130631,0.43082871685392199,-0.21802672077033017,-0.1271337524435408,-0.36474271318854384,0.6875277954011717,0.44302107833294407,-0.1417425199673483,-0.5360737525740118,-0.83884397850746351,0.58510891334025095
0.40438736374057466,-0.3360123081590688,-0.26300125676246827,-0.14084944035131561,0.83520450683742509,-0.2088844816114562,0.49158547931713092,0.51649378329406925,-0.417544717823013,0.60529483341789403,-0.29552863956997255,-0.38875122094696379,-0.29147984025392304,0.81572065697331964,0.79597646439478309,-0.17258288742864819,0.77286730269128512,0.12683645017526837,-0.10444680107670204,0.30779780798330325,-0.52991073356443952,0.078091598657818062,0.36658836207476353,-0.88135351680190022,0.79809537301543199,0.38299206267840397,-0.33709813676672462,-0.23337980372805278,-0.021892424678887131,0.68719957077966709,0.62423932990146114,0.73043674782269441,0.47595323692988534,-0.09519460192675383,0.54595756582466159,-0.49905372978246398,-0.27863753539539615,-0.28777104190933084,-0.7543487866110794,0.59015889199417282,0.13821704146658811,-0.11362664910409,0.038493802349363483,-0.68250817643895434,0.4960644256257753,0.75855863270354262,-0.98526661987047326,0.50082614173345363,-0.25752257865675127,-0.68297024032078435,0.44594898349295575,-0.27199281207241921,0.38441328498270266,0.69535162610054457,0.78123573178580141,-0.92303626037597841,0.96814130439618151,-0.052579817658194632,-0.19761230204831096,0.22822435077013267,0.87262228495285155,0.71400259478461114,0.91443710191644556,-0.39093015939457837,-0.1916385839804163,-0.75055005234744376,-0.51258762558201709,-0.40697895757270186,0.11351494870043217,0.56181697189431556,0.56431021067378107,-0.38145814685682305,0.34008632594487587,-0.52772674444389178,-0.89696266941002489,0.37002406041284785,0.83300426166199149,0.71824876649248171,0.40955349754117504,-0.93848849404688106,-0.66989976001356
-0.77196574917297367,-0.86035128056992016,0.56536882140895595,1.0412686024403843,0.939122840141001,-0.11650745919441426,0.37961786997170799,0.70945772932815354,0.96837948145166541,-0.47030585740971759,-0.32382344465610929,-0.48973188023450004,-0.21161730105972609,-0.85336641555868975,-0.024439360119310492,-0.93049363333923063,-0.32564243259358583,0.8879664197873991,-0.40667549071748899,-0.78014334488447068,-0.6413287256009168,0.75930422961925181,0.51830442439723268,-0.26728017548453381,0.0035689788147417315,-0.93346315428103499,-0.17566661039515777,0.28260746099503881,-0.52591546645156484,-0.571994156800395,-0.35233970515547197,-0.62109269172434733,-0.87814471456326271,0.73349526501324713,-0.89356065187327238,0.062372879616237643,-0.16305571144095707,0.70325102373540926,0.27708184481057996,-0.36681834052239487,0.75648638591407213,-0.79283025201200241,-0.75348083558278423,1.0667957119315192,0.75192526415599259,0.89349375678714438,0.63154304998284605,-0.46452883476722012,0.67144682148844959,-0.83778291184480747,0.49174879822486939,0.26775976871516338,0.97803945730257347,-0.96869816541697373,-0.47600833569932999,-0.044882424049745948,0.95928126351116982,-0.42411136203363314,0.044094505259908406,0.94457143815060651,-0.37256800886514174,0.64170854255006637,-0.73684272066269496,0.47163899982204055,0.2045300053899077,0.85998843816696313,-0.69907774288952906,0.32998997916315609,0.24048819431405741,-0.18895230642402952,0.76880035197957508,-0.041703163233491602,-0.74360901610620467,0.29216423021904803,0.64346535664368509,-0.28426533026732681,-0.58352946522977489,0.38760091982369665,0.72004715003570707,1.0055122270084309,1.0032482439674721
0.8190366832193674,0.64101969561693772,0.56212307135700146,-0.89305292425498306,0.9769173407659314,0.59191033326175202,0.44496405341954548,-0.59686047890739569,-0.91110390722220125,-0.26584756418575162,0.33864866877607808,0.78043069225086503,0.50866554228650118,0.47423643798460574,-0.27379283313176556,-0.30877025818230303,0.027970997832132246,0.71226179513585164,-0.12722556421302911,0.073654857650438624,-0.29865281663141208,-0.33029423247392908,-0.3954397759876766,1.0104087910868595,-0.41293111359260942,0.050346827612422852,-0.67321633243227974,-0.32974019538141186,-0.70310656873309885,-0.75490515556796478,0.94341197362825524,-0.48940609549390957,-0.71778836747864883,0.73064968933239949,0.23578128951131797,0.69141263595409796,-0.88536861987352367,-0.02182920814614718,0.87826920455078383,0.6324205047551158,0.3907498169597215,0.078314330875314045,1.0119196159055439,-0.34758412253283349,0.90768024188814267,0.37230416287549467,0.47821436169679865,0.45697332406347807,-0.62765555067824719,0.74559360544130238,0.97391617432013566,-0.39536755422282654,0.18178140046906699,0.82727520277122202,-0.22732568097172112,-0.14676023519778419,0.62300680408901832,-0.83660482055458152,-0.86651551428488871,0.040549267606283391,0.48337233213188691,-0.27635708271696624,-0.2182106007615551,0.62209509205064828,-0.92824780703879806,0.69581104350243927,0.17513235858506188,-0.66216463776739753,-0.77152637147242342,0.24825907523871213,0.14431941916249999,0.40786533701611266,0.94974285387963098,0.72084503505375175,-0.088690319859221406,-0.41497675815748797,-0.25963052258748515,0.52809051661960893,-0.0061994939058564423,-0.92556520340899517,0.013715985811900313
0.204801700445886,0.25953981076120142,-0.061467261987616262,0.55452128927063249,-0.4318676902237038,0.019348670153274728,0.30731051164357692,0.73534387814020807,0.15725064179853715,0.7278406737822507,0.17364988389772909,-0.15003483586689789,-0.28511414228109255,-0.2064816049406637,-0.21042448147456619,0.56659316735406662,-0.31933609409885183,-0.63882855757687074,-0.69458246989196493,-0.18000832081990847,-0.15855001303360808,-0.92647102904514622,-0.090175997561267721,0.27588283773882705,0.83862628683882567,0.16268368108577805,-0.84933298365597654,-0.65692479805113801,-0.50375238867889227,0.90673450134389566,-0.61990468920176356,-0.10978898078334641,-0.54702384423543038,0.97816474873319703,0.38930285249584495,-0.74304989807465027,0.29332003549076685,0.52750689145978868,-0.90495485368105677,-0.61638246530399021,-0.78266948540352055,-0.13935480375326531,0.74820507461186703,-0.0043956036569608543,0.52902583024786953,-0.32922842770381988,0.21100302671929658,-0.60671199666805031,-0.7160354587733474,0.22913873301891804,0.63181123669706629,-0.080654272616279776,-0.31927722570027695,0.91379332024141036,-0.26351596663516785,-0.68819265166024979,-1.052717901927682,-0.091694824981529963,-0.64748331342263465,0.89785478835609001,0.10930188520089042,-0.60346222315406917,-0.49972886627895818,0.64531690357844762,-0.097907162979361889,-0.90929603502132128,0.32162069853526098,-0.64076839412168263,-0.18639978446755631,0.11161756526957869,0.35960942575654908,0.7870023369061846,0.5055543869536695,-0.79468957196155354,0.14889170417676065,0.80867076714814734,-0.55954995804601204,0.93284482797130441,0.1978534091879155,0.077114251735975581,-0.3246074727338894
-0.50642454271193027,0.0047263094522632344,0.83355324676924702,-0.10588905104658967,0.72810840301958646,0.65513935534397882,0.91430713475224712,0.40134628063866684,0.82673890870221711,-0.59306461153504531,-0.76274489139503854,0.042332175067149577,-0.58001691430681979,-0.72972984089890314,0.57143866133806354,-0.062360672482874205,0.56067002639740893,0.93586625545985014,-0.67185070480620501,-0.5388974560153561,0.88199478302681189,-0.26245185496855677,-0.21248736690348918,-0.54243336404803366,-0.54615722784807896,0.65135171904895672,0.040064056407879849,-0.33056131581165038,-0.2005490778954917,0.61001197335219215,0.27762867358426985,0.62926557955655105,0.98680280527978115,0.1696487630262023,0.47719997837413675,-0.2848724051140919,0.56354573378701334,-0.958898859652073,0.72224840816918057,0.79848837019781527,-0.79835067221526557,-0.68154186684659124,0.38332540236882934,0.95260593666455928,0.68601804211801676,-0.96129583733723434,-0.30692951037220112,0.80825018766618828,0.21202600862109361,0.69529752886498342,-0.8195006228778885,0.50295346503679883,0.45227208166446675,0.87387627975955851,-0.52769086819923683,0.080620801285162316,0.59023636369962529,-0.64401309213888935,-0.17698083086138464,0.9088520012110497,-0.81236451995627479,0.89030767386113108,0.82490631115457047,-0.82416678592727999,-0.26178447547550843,-0.068403898468235441,-0.93981649998567507,-0.85171287052224387,-0.2028495157002371,0.73766717450062513,-0.68079827144284388,-0.81675526451204961,0.5505082770756573,-0.14984287618340811,0.47521230634614153,-0.64001012782566091,0.73033829417325202,0.19225498673876165,-0.18265885087804085,-0.76634869857003507,-0.99221239101809455
-0.65174204967973448,-0.69065156737405586,-0.230015696125211,0.87557296174244681,0.79376012734765378,0.17646325302405685,0.54481653173296618,-0.93865443708882046,-0.90617420197066589,-0.66748394582901249,-0.33802674226119461,0.58729810104127145,-0.6097897629569099,-0.27222035565655833,-0.66844037970550418,0.82749503607918673,0.29571967933079563,-0.6467316472579957,0.10695664313525824,-0.77786973144815497,-0.96491268152591747,-0.37724398284014032,-0.71856280144085038,-0.3042757248778149,0.823850813622232,-0.82099529532981474,0.49792481016194079,-0.040817458644132248,-0.92594132954173403,-0.49395170348026735,0.97316909199044843,0.091029221996035026,-0.96609460753465981,-0.11719679232360372,0.42625256366045333,-0.4353372809119046,-0.76923827588065363,0.70841517385339736,-0.47626307475844704,0.76702321931152806,0.32339823481300395,0.12823172850939404,0.73600559868186743,0.56528553571351159,-0.85282982044889855,0.074091102328226632,-0.54979993198774346,0.37344574548128556,0.94490188211835424,-0.5162484049164241,0.51173013558379443,0.64445349932898521,0.45596009369612189,0.4726234391434958,0.24419359490371972,-0.33419704090780167,-0.95879586790619742,0.69451365372456619,0.68709382799416596,-0.37106718683726869,-0.85428085435055467,-0.87801762337760403,-0.85324671076998526,0.95312027712192715,0.60379432768435204,0.19122248824216817,0.57847971982382174,-0.89586985829918842,0.38981004657187579,0.39845133415806594,0.42267670690963882,-0.78845004735477231,-0.60531987528001863,-0.4061658833806302,0.87452176351201827,0.82154823596099924,-0.097610430942654383,-0.060162864795795398,0.48752045129537097,-0.68615049360213587,0.13028670416781579
-0.8834838864724156,-0.37563496179304018,-0.093304319209957645,0.11588249839372972,0.57152022762306831,1.0897322326258825,0.97856435662326313,-0.45356226981030551,0.89588582174081721,-0.45091216703040732,0.55758508956859132,0.48137437908673647,0.098155155186439191,0.22368144890058222,-0.75180961903357513,0.57430089352245639,0.79949973287358367,-0.49565653786553632,-0.44615120681485965,0.55262866510660202,-0.22436385619927779,-0.94854254622037615,0.80250206556219739,-0.040392504871589213,-0.79358209976184402,0.35288873870900012,-0.79333104880834959,0.10196653955516714,-0.54015553009338324,0.47855441427401119,-0.49195514379215827,0.39833164379363523,0.22307608884565666,-0.15955095015604145,0.65159864553549995,0.73566458374287802,1.0169119184941844,-0.77858663085538538,-0.89056188962508742,0.45014572665782887,-0.57088934974312577,0.90170842895513459,0.77384948047128288,-0.48046784081892058,0.60051785488347009,-0.20424176501500335,-0.14704819429680144,0.85004948931564051,-0.72277738370968159,-0.60018895522352012,0.95442572115266144,-0.86500178374329761,-0.39331545304849214,0.11298727611140991,0.28978092614776219,-0.22005989481060459,0.2409850094047685,-0.75358772438794808,0.71629470935245854,-0.7551212427245747,0.41508018314758993,0.33584710661462508,-0.57798406633738486,-0.38223928956168424,-0.50853272141118011,-0.14050883371001519,-0.12304686043424981,-0.4942720672011936,-0.53754663922294277,-0.2045899990797467,0.27142325540032963,0.86643906008574045,-0.065303736596607737,-0.71087259936743874,1.0206905470274041,-0.55382304530721205,-0.73786574642128311,1.0375844474305516,-0.63851329401673196,0.45974752965981625,-0.065685043640592494
0.71425474425668001,0.51689792715349792,0.53737996940137167,0.51082547372410692,0.75665632144598305,0.7000330639687129,0.60741029535889779,0.41014771264210725,0.95842504147446461,-0.65630189967030916,0.48142415600154309,0.079904314131574852,0.18598165135312758,0.41314266959547924,-0.73179272014387997,0.68468133949534915,-0.14302438149810007,0.21931108526120277,0.41713178538637813,-0.27463357683977074,-0.028476257130398579,-0.95923382098328802,0.30423038557186244,-0.018077701914827153,-0.4549253471223425,0.95471579357441017,-0.72823419685975177,-0.72118423338727722,0.69738756058640528,0.4444998753858781,-0.40701551331959013,-0.90788942438303932,0.011551534451275377,0.68113962904791414,-0.93313492255187613,-0.20256910639007009,0.42931547915778484,-0.3235380722606529,0.13497600324793438,0.16069185293811256,0.87075934325394044,0.11087713003844593,-0.7682329245934737,0.046614687343152966,-0.72324825009567162,-0.72817885248830794,-0.88493649436165167,-0.94378507695419622,-0.40880302265847163,0.20024694223550157,-0.75612577977673334,0.72762964960617738,-0.3404460255802656,0.77560912324472997,-0.28462531607512498,0.7258863592354543,0.28361904387092529,0.04424775095506317,0.56586744495407371,0.12108209817484898,0.48534679487156018,-0.48760601546923515,-0.14654652636730661,-0.35236231281234565,-0.50148067554331399,-0.49780522219440931,0.3929942058869777,-0.77815414731358179,0.48767847331145192,0.051132447353077495,0.72857000522692295,-0.79742913300429141,-0.23257754560990121,0.9242106291700547,-0.53216982437810834,0.41658459762065458,-0.58390797460075117,0.66078998826951718,0.76495816854080045,0.18410567875345579,0.52429245439130467
0.40643508432006903,0.55367748862584742,-0.59060929582615584,-0.65312982644802076,-0.96974652440658815,-0.189792201142859,0.042622755769275801,0.064322899731589805,0.87688160596370324,-0.070034883397322362,-0.3529280304343641,0.18166635514076335,0.080219095771276949,-0.17878144268024471,0.35023184412770242,0.64349041589017197,0.15967936806582822,0.98064218754290067,0.1487597541105585,0.27900306619030507,0.38123713358859507,0.59820828316303076,0.2774367968156371,-0.33204005201388909,-0.55300224278164889,0.024373757430744308,0.1084220019208625,0.18473446282816708,0.24704324518560961,-0.68904519982196855,-0.47265597861975212,0.41587359903815468,0.48537610329282932,-0.64335590344183113,0.96707838798845713,0.17549418049415377,0.61896817381803437,-0.033852575338116045,0.52430627866729151,-0.56260511361371868,-0.41134015898976933,0.55656501994530527,-0.17220280355707909,0.22777325337904217,0.66018415713666745,0.98580766507690931,0.77303633777606606,-0.96787959620080044,-0.59502013511495888,0.72213574247617984,0.3210860612180817,0.70446063161361261,0.49000246125922886,-0.48360836463825663,0.23329667759138095,0.72162300484341724,-0.67153446356787283,0.23506718594389059,0.50160331103055911,-0.6786313415748555,-0.71458397390499306,-0.99205189961991969,0.83091405437905752,-0.19876751312288526,0.23228554197970674,-0.52099741116189213,-0.83806499193110351,0.68437189422024713,0.38040538730472789,0.83512059396354354,0.87730947545097537,0.62877265453680364,0.81428659339463483,0.90715946567124106,0.50568226490694346,-0.53131900882698102,0.017062918140313566,-0.11556630262042547,0.10164621611402287,0.053636824570490814,0.88566748759436376
-0.21384588307497568,-0.22153438831149139,-0.11663467467793209,-0.16108787324742746,0.80733703862063477,-0.37035817433006157,-0.33100366409566051,0.56744344871343644,0.46837172637956931,0.9682997141485068,0.5374761549848196,-0.17970185748454437,0.49719429133697779,0.099992720127458565,-0.43605539555706013,0.29453936584096752,-1.0518591126573431,0.42322936927686977,-0.87679308000707024,0.058070770159101941,0.34663813010027622,-0.58141664882163513,0.18417081966160603,0.43330932263563687,0.46644484504871986,0.64152016660662059,-0.033231916014241483,0.098016771982358003,-0.016103341000208778,-0.38170721855456424,-0.2479707381209677,-0.37057135760570459,-0.58049059478422937,-0.99522574051675206,-0.95040856529664142,0.71832655433177783,0.20785354611006349,-0.52219251771280661,-0.45506922944335843,-0.25141919322967582,0.5108072796850196,0.48814346554515065,0.26529531083490787,-0.47782567829760597,0.40489200756172877,0.017379902503727604,-0.38045602098691378,0.5010842902068906,0.32129818176026242,0.59298222301272352,-0.93880171143168045,-0.58457187512755837,-0.26712602147158993,-0.49884272557459475,-0.93393234107612055,-0.0055759967158755998,-0.64169606249716971,-0.054016750763998957,0.083587731080203578,0.8109342118109677,-0.45903532148607723,-0.36625237906862174,0.79138012199302032,0.78040584432199556,-0.14675615591721344,-0.21843190491969341,-0.51463165039036751,0.27243368227516401,-0.38704927587219795,-0.68964693685453693,0.6509143067391121,-0.39883159007278962,-0.43087553793150557,-0.84138503713028001,-0.78200144642374669,0.12321047904124324,-0.71997568235035136,-0.74083935766864828,-0.017505811435325123,0.63623777947331217,0.79846969141747892
0.70872472159111422,0.79132756932842274,0.8638645738010422,0.66791044455153481,-0.28187143133151582,-0.93100532780892453,0.99378467132210957,0.69261168243069071,0.70515738000488204,0.75468366242681906,0.3846574797379918,0.50581378936976928,0.29608053946488694,0.017109476423341492,-0.21706027228412975,-0.41405218555858886,0.93606595027376238,0.98287312564352436,-0.096342112280613304,-0.30653910746562124,0.13543207825072753,0.50249393160236422,-0.77903989990673495,0.10953117451682515,0.063574786022996987,0.20622106718510438,0.32149581865486759,0.1251927801247292,0.10109766276161067,0.95249229044687811,0.61519540152937302,-0.46160435693722457,0.97546126293957414,0.72904027652830139,0.7523936587079143,0.14184843391333027,-0.25342771735640912,-0.5059164056529335,-0.60313043936490429,0.94468657213745799,0.3078599109193671,0.37897970700681582,0.50587846307980577,0.14339584487164253,0.34068354137242624,-0.61334868377750507,0.36067279504307459,-0.39641298830438421,0.99979500213329076,-0.37387503308740405,-0.10258127060155298,0.80878380342108036,-0.28763217424343135,-0.83231480977219419,-0.30578184863081193,0.54129203520839986,0.76768942408709318,0.9961905692375379,0.12641966436861227,-0.08627450434628893,-0.42382137060259861,-0.70471081876122998,-0.76392423463530779,-0.23883673284618318,-0.28243302988551949,-0.68073753993568908,0.10108821190247992,-0.55195738727684429,0.36811406323368029,0.51777642526436862,-0.22966775502497239,-0.90946564275695141,0.54347529215457924,-0.66536828129979708,0.33317411515467071,0.86560791065616705,-0.21869994922549141,0.21686642572059256,0.44185574136402461,-0.3027468596391879,0.1042025711715433
0.85627687189908719,-0.38376280220225983,0.057014338662023649,0.80290934380536472,0.16559630450674753,-0.36306091971085958,-0.87565917335011578,0.38135185269795835,-0.37356399128247242,-0.41357558732386568,-0.68240116706261522,-0.1948068328857864,-0.30171297775746442,-0.32733063353009889,0.83291172983196682,-0.55511294777915599,0.68713514568144229,0.2468212026501426,0.68466494237429409,-0.73458761052221677,-0.43624021158698134,0.86111845782845364,-0.97708465276614476,0.85865154106690744,-0.28475268210278853,0.0053136223158232179,-0.98332088257627026,0.82251214356406932,0.73325489805906907,0.2248036150075762,0.10020808576676365,0.69965670877408215,0.55016753256722462,0.60027366240554503,0.25434966459078989,-0.49833924151312464,-0.43498727506959206,0.42344478177856348,0.064403752692983804,-0.73395099180679269,0.9376945567186501,0.57304849396663282,-0.49977046807457759,0.66730832493799908,-0.5779187309113033,0.88420716635877561,-0.022482047202144646,0.67604430334073218,0.52957418915186305,0.92017319393670549,0.95113339281443876,0.26676049383190281,0.82108051895339518,0.32095311671438864,-0.88144709113784958,-0.47191206451251771,-0.42002217997030811,-0.070728164288190731,-0.99849706136742489,-0.50006112657928825,-0.35445895835195568,-0.25144973092228989,-0.52422323471380339,-0.3593446178873681,-0.25157409076898968,0.89529221110790291,-0.32419026380386246,0.021116464058550166,-0.25464067838102755,-0.35040514105492909,0.76625443174330687,-0.61662177442439614,0.49283768299966368,-0.53999389239241258,0.20536893964847289,0.26245372221375868,0.53359896309584887,0.93772869211237109,-0.2414295803183194,0.32884493218199867,0.16608732381871275
-0.5956508600200795,-0.38231690567533189,-0.45419349709342599,0.62694971749456807,-0.7573208218813503,-0.077689716384231999,0.34403508258411136,0.66663252184340716,-0.51366193666371818,0.17607201466403918,0.23593767175875061,0.28040008085517604,0.75854026749915127,-0.80941499871503142,0.49916791168485075,-0.24899723087825648,0.8977583196988469,-0.70605254642986226,0.79530320222635653,-0.4233738614116061,-0.63035142515209253,-0.48276103517949909,-0.89456592297524684,-0.67418636636881424,0.31394012488408113,0.44248499196389918,0.53897712090803307,0.0050532485313438194,-0.084543419357320126,0.18065762372748193,0.41737234221553554,-0.95108732019843534,-0.39512806702708453,-0.035367360515967158,0.33620820046053917,0.14191776615694229,-0.79345055275273635,-0.43049201727038877,-0.2344620356501976,-0.66398821141810094,0.97210779591430108,0.70363430137791572,-0.85424623454995119,0.52549957338629194,-0.66138937092558392,-0.77901637318008143,0.41143064491810494,0.67873616903188827,-0.80399943061443679,-0.60151835834306211,-0.32810939753781609,-0.94415895019556284,0.026600533634338008,-0.95160909410619132,-0.25796348905336774,0.21812240231614566,0.15235502313473018,0.46734698794201557,-0.99274157947588171,-0.67205269461005823,-0.39522390829850906,0.202992908750144,-0.71510945613041677,-0.35535908767555602,0.9868641719065393,-0.30914381558322873,0.26146475181153367,-0.94414196073538248,-0.5512746288529643,0.32706258662768678,0.50465850611239571,0.7060370672106826,0.46580338166313567,-0.32782484262227762,-0.61969142753182327,0.28479322556212788,-0.087221483476538728,-0.96105800822246423,0.40821606572703262,0.77950940681649239,-0.89233462270208697
0.38027964794601798,0.92309242918976042,-0.35810352818304547,0.0089570124044781266,-0.76906482943515808,1.1838300986205663,0.49829158614619506,0.67551432106479026,0.11966604211789231,-0.79658367799248853,-0.43146499095814034,0.55725380287275361,-0.016190889688564452,1.0237538525303775,0.12275878523347086,-0.18328314857751526,-0.46009944776835893,-0.13835780905248177,0.36019005858209652,0.68389607482234238,-0.42054679322838306,0.58370557075619833,0.72012347775100838,-0.81987573272669845,-0.92461941191471797,-0.13981933495079846,0.15433373845478807,0.9621295075691082,-0.46680221666545729,0.3752236537289273,-0.21823781392123068,-0.45398495020658786,-0.74152663806312979,-0.8400451371540828,0.10215573771677378,0.13461182481322287,0.741797142812473,-0.0079619431751561161,0.047248694746807908,-0.63852064810085629,0.8070233465268285,0.43870613194714592,-0.17629493447822925,-0.4372235522894875,-0.68937897691596983,1.0461603426762804,-0.50554115310859471,-0.65026696105057635,-0.1239348684251097,1.0181411552157962,0.6812640296993564,0.77518365014499069,0.74637849125610356,-0.54064349035538262,-0.19887527069409694,0.68395359755221496,-0.92717158850244985,0.49247888647943694,-1.056421040757755,0.93136661842417257,-0.43584455550583945,0.10166155722579516,1.0644423987217333,0.72936757242083794,-0.58101111540074546,-0.43041653281891529,-0.24437546683939934,0.7141036148608837,-0.4647195390154823,0.16708399984019454,-0.99300731756324279,-1.0906723440934305,-0.98693866350262716,-0.52169258774679894,-0.49197854957368048,-0.84899715997673686,1.0071527746176931,0.23502253745927598,0.77534774369654602,-0.66819464833843867,0.47720882704546452
0.56736675316301721,-0.8152329113196235,0.82861044389611038,0.0028073871820001482,-0.83754895390998974,0.84381058874643022,-0.06236003174336583,-0.95885766620741275,-0.86793862368661534,0.79960929416419613,-0.42981645320567585,-0.65855343958750356,0.84267531705189735,0.074662511430746786,0.11163617890907306,0.8562753911403912,-0.32580441258747622,0.46406172127132433,0.85574548198952083,-0.13256077120815543,-0.66059840833762273,0.65116937775273209,0.8359106959636754,-0.33998351860542098,0.90377322808547456,-0.21401650214222345,0.81988849918023143,0.32344523412344472,-0.14040078714380755,0.099270346460092168,0.78786373997317538,0.94458157144436339,-0.57483174995071717,-0.14597510424140864,-0.82744809911449735,-0.91595471894988056,0.035565890005318485,0.99545670838073408,-0.055153246879035223,-0.39041288357375104,0.93843901391927742,0.027498692563903075,-0.26011839643473728,0.86494504845262477,-0.82242441719208847,-0.98216858579376398,0.61936832096364691,0.66592271730372232,0.61518544272905862,0.55131598578187524,-0.15201059015531282,-0.25460705821850804,0.67789046015683163,-0.79937869133569217,-0.64784611383694557,0.98290880952243453,-0.17968323927422974,0.72216794237780646,0.88425525984108366,-0.063018250458771199,-0.085456308516611318,-0.41649628897857055,0.55525174727629401,0.41727876463613062,0.12547425884954158,-0.38468735262959297,0.90336897955348583,-0.12722970092051067,0.25263130262194822,-0.80205460912906845,0.92307246181119429,-0.8891893443894594,0.62576059747793356,0.44723470397613441,0.81407199508048034,0.70821777511588557,-0.76879536879746102,-0.91519436916999974,-0.67043725744509475,-0.31082408028267239,0.12297787604084966
0.079890521988417312,0.17815269396390943,0.63370687939808856,0.8516329382072535,-0.16195196539407491,-0.35963331135980614,0.56668746194457009,0.95363956225898439,0.35651053054319964,0.59820823800337963,0.2009895447117499,0.091436540637198846,-0.1546285622973628,0.84094019002420928,0.35038452525527186,-0.20634549473650604,0.7893435475533247,0.69958282703779484,0.10858436580536537,-0.048330996016771044,0.59912227434364551,-0.10302743913940503,-0.24360619704172959,0.24272877475932611,-0.71341201825776701,0.8548109412273629,0.28015747571935301,-0.092875781429218901,0.5273802099197763,-0.40835527583888209,0.58726377097733007,-0.54825122092960143,0.18936463870722051,-0.71941632848522985,-0.48765196674972366,-0.51568805463492984,-0.53780542623923144,0.76896064598530334,0.037857503956289548,0.39825765181699957,-0.73663280003027187,0.44109974101000032,0.59344767799904496,-0.4253186928425981,-0.18041233065105791,-0.81793377418278612,0.45366185083159233,-0.56502967261442727,-0.54945609660037842,0.43904607266803192,0.23440185751532394,0.48945246908582485,-0.72454865663623114,0.65414314351677505,-0.67659540649434446,0.49519378533649772,-0.33499550144351747,-0.46557977374427534,-0.56008747272698278,-0.41027565916840586,-0.66446327376801473,-0.3703887327209045,0.42107008936892132,-0.96891076371401219,0.59910445643538879,0.90533991393743896,-0.19484566458076519,0.66137105943423824,0.543029079372779,-0.48050860238087967,-0.26522379541141483,0.53755774122115807,-0.10527103224788491,-0.0033614248491967628,-0.48830661342565873,0.86963704665534081,0.95538828374967288,0.18873921543030575,-0.22017758782865587,-0.20490845658569032,0.32920491598471036
-0.36814024310745141,-0.9585651992310239,0.16045720369660182,0.1041446477973397,0.72991797648149304,-0.1079678021369412,-0.54843140865142903,-0.45765273351375391,0.78534467665655427,0.54515826412937796,-0.53422809686608919,-0.62535287898275249,-0.32798798820735431,-0.57890126095054395,-0.23028703749023874,0.021228301297956387,0.53081729995477112,-0.54893361880305869,-0.84394876633823834,-0.039827345807711474,0.27253776601761842,-0.93948291457617683,0.23994654579686159,-0.094209267585215542,0.51514501726013318,-0.58008044827428529,-0.59160023072831358,-0.099720119145408043,0.36521697260381547,0.25273295309285759,-0.83934454810020898,-0.86708120861114479,0.8761815347678964,0.59114759375322601,0.83723007979021757,0.9210862718359597,-0.37962635180903587,-0.61571235923594436,-0.58290433755785553,0.62754298757653615,-0.97551615894770427,-0.26015948085340868,0.82199511630997246,0.61947234968504161,0.58033047188267772,-0.49507484044455147,0.94456544050015623,-0.90793674241426547,-0.566740372279805,0.21093561822707221,-0.96253024624075323,0.70082320988764835,0.55027022525428193,-0.48163034406989347,0.62242560691150728,-0.21216434414604468,0.87499652462579725,-0.43173644145583423,0.14485510806715127,0.27495465480757664,-0.67731665343415803,0.59560082673633741,-0.48422466187701296,0.50050364111059986,-0.95470019692638219,0.56785884161098366,0.26992122531045037,0.14586736969260503,0.71500818121828191,0.33762651891901319,0.80580136427429283,-0.28896392371332208,-0.71820616973463502,-0.65329022245777479,0.893590797443514,0.15974497212213765,-0.54743844940658848,0.0079300523414133992,0.52187513442873612,0.11410111934003729,-0.056619146894334969
-0.50729906313022233,-1.0162990673518422,-0.35603664584671596,-0.55794709545331767,0.77711535814079891,0.12606363163456957,-1.0709289712543708,-1.0742029437876555,-0.26454391258520488,0.083172770751757497,0.72589865608604442,0.58935268373926142,0.77442912429701638,-0.67412467429481404,-0.19863272056463668,0.72407242570946861,0.028190990520688582,0.56544305740317957,0.17802727180146929,0.84764476021326784,-0.23552043721186064,0.76352082045760172,-0.14861616085220974,0.47518543121922857,-0.72395766005084805,-0.54837028821657785,0.10738193744659603,0.13945736675901946,0.071029237846531534,0.79282970095419192,0.22824286084387543,-0.38133522225443928,-0.52445007023242196,-0.96600783597023177,-0.2342628456098087,-0.7203736904646213,-0.7324995521921982,0.73119216977084978,0.49970741993400203,-0.87435367011236553,-0.510777686617639,-0.15489624283086761,0.58301604391733131,0.11175268301238661,0.14484542284612625,0.45414689200286401,-0.25397363214201935,-0.67000621933428739,0.99562161440622543,0.23437615256922528,-0.77294237690132594,-0.031376605926975332,-0.53151826796990398,0.7064721497635813,-0.10963753628865336,-0.67551359837881564,-0.50467609822236992,0.9000510808149863,-0.084532259248943101,0.050779493037306445,0.78288782049956041,-0.28012656111256951,-0.66986034209251444,0.53859781838449372,0.2750781679239917,0.81597776778535192,0.50516553813685694,0.86024737643171933,-0.12632392400875142,-0.52191307256858255,0.32342319920048113,-0.2685150058403673,-0.024425179772456687,0.22176484103755464,-0.58834194262555672,0.17774877727349914,0.56092161509689298,0.57250867436590303,0.2919918064273414,-0.61288093916325159,-0.6487026521260999
1.0022966565123637,-0.40029675174730489,-0.15124063073491714,-0.3286993734625166,0.55156477531280734,0.37999489098630762,-0.20311883109292048,0.60290659063496455,0.35841312508865725,-0.56791939131741209,0.61866088393858143,-0.85363006967481003,0.033384366184826285,0.078498357216865294,-0.61737986724110083,0.42844772980081242,-0.11517906689356223,-0.36270092483998873,-0.9510195823933173,0.10468479391716318,-0.71400485970657379,-0.1508198658895144,0.35881301683437727,-0.61933826433228956,-0.41190537626232326,-0.78419181084945422,-0.4070159464780847,-0.88265955487025016,0.34864370472685396,0.53248291851861806,-0.15375021621099966,0.98667609648863241,0.69152566668378812,0.99635286325371364,0.10048973131279065,-0.12892765846968121,-0.037887517610204154,0.30028919998015979,-0.15965464289290013,0.74751927770321214,0.61925114666460401,0.55149636261867974,-0.50000294173941251,0.89510607712281587,-0.74870358961532157,0.98426363411246898,-0.19953015209160807,-0.73258601642791321,0.42254410376259122,-0.7624964036436841,-0.38539337211795466,-0.70297434679435422,-0.5493411580519143,0.84030495059682564,0.28604209024083782,0.070494279923016018,-0.75711907116260491,0.97897980714662858,0.14891361743741605,0.51805746606453651,-0.87436385955945928,0.60295756507802067,1.0473356219380439,0.45677843869954077,0.06996404802780827,1.0206586854082034,0.44091692298178753,-0.85056440767729136,-0.44959452358518909,-0.60222867980747907,-0.72299958448466772,0.28034947456620762,-0.074467551985759467,0.21307709943250266,-0.39634681082720785,0.56840589691290966,-0.47454586216952255,0.1325481850855906,-0.78930962986787856,0.65817675116058161,-0.15352670761995771
-0.29291589797545348,-0.25545016812409677,-0.46014898465344373,-0.48985578285303766,-0.21834765979338738,0.024403488611629012,0.27793458825811401,0.69426337239423452,-0.36781012181362949,-0.30172982739584803,0.48935740452411014,0.65911122173727099,-0.69471063783124765,0.38410560387850851,0.52170790661191913,0.98878553383440981,1.0070079505164453,-0.69411926616979636,0.63769961138543219,0.13239201422869645,0.1966303530081383,0.8560415907247042,-0.21706045792741308,0.16032735114059102,-0.73263305706859261,-0.26364823109506091,0.36626233650110579,-0.43381530486818959,0.40984203618293996,0.90401046127831552,-0.30104285108018997,0.18709389196305129,0.11369444195776654,0.032692039716107152,0.54958690601453553,-0.59888444722707279,-0.2229034181765861,-0.89222126903480292,0.62969907148673099,0.14607390633717723,0.40620310148751876,0.075636797251857846,0.16906736358465638,-0.32754635385278125,0.2353624769231088,0.43272856018969569,0.45618669691249814,0.37181380425235194,0.75797935821898887,-0.089059624449979044,0.22332756370967588,0.8210662123952206,-0.23794603102915191,-0.30568107150017032,0.65031501319440732,-0.33432067021116724,-0.47902722024295263,0.035310772247868695,0.40101438693462688,0.70836452474550549,-0.57488520555378086,-0.38690694282121707,0.012102435108014552,-0.23173060829057363,0.47517642646994274,0.62898793938991548,0.65956794876600555,-0.45799964716804459,-0.0054353623210800514,1.0167707220431861,-0.18960508965075853,0.35810226662908395,-0.66692707426847331,-0.10346218607096846,0.86872327550673012,0.06936040953492853,-0.85953033370382759,-0.062097657964083099,0.19003502956648965,0.27079885306944773,-0.78918778598820216
0.65850975903228592,0.74986159581862688,-0.48447347802071167,0.45276535274154533,-0.25166770604956729,-0.229046902024613,-0.092148661000558227,-0.11867617381947623,0.94129423861203187,0.56609294046369718,-0.58091637132224982,0.92165302256166048,0.52052793445311096,-0.42596873001555929,0.79439739850572311,-0.26880683957609175,0.61458478629934021,0.1148778543570992,-0.29321714918100811,0.053773892300694813,0.86888624842658979,0.53997255362186314,-0.42022849365587778,0.84122098914135157,0.75167047783410379,0.6976022431282316,-0.83182860921113544,0.65710675917733719,0.015613262725685008,0.072341376615459085,0.58985048494111125,-0.81903429584178511,-0.68744042328982613,0.21857863247046333,0.17029143543799299,-0.092817208800536066,0.46487648670167642,-0.6166249635873966,-0.83504625895273243,-0.27389233579913597,-0.20949421103881288,-0.86896004829716944,0.36253557769811923,0.34484038593141059,-0.28193164055404579,-0.87519246119465355,-0.40518849140554763,-0.63459829234782772,-0.64385115194772846,-0.88362409165730271,-0.5121057302419425,-0.1304629597420266,-0.55356934888297937,0.32041390843893369,-0.66927273809384069,-0.0069318816145267142,-0.34427436740751172,0.40598712534499115,-0.12342620404307976,0.69086916506461238,-0.5853695638173757,0.25660510221558364,-0.38557174533891481,0.60484552915878298,-0.38136870816015239,0.16198775203949289,-0.2152910607484711,0.97681753809664729,0.46380581445561786,0.43606352101964052,-0.56752607247132525,-0.33498532595963854,0.77522902823056705,-0.40413014999389596,0.15203428358345972,0.83631453917252996,0.77570382981235431,0.45251374600408623,-0.21185681651616253,0.55425338694012949,-0.94575631651550462
-0.07042671230977865,-0.49891904308548685,0.29162361105325352,-0.55331355063602383,-0.97206840875517997,0.61339349938208088,-0.83440355596933768,0.1740086062467682,0.39322938918504557,-0.13198760795112249,-0.66371346061827441,0.20541681405651616,0.024997449814118007,-0.22513839246672743,-0.88745467708736114,-0.17377409715334552,-0.40010005156440803,-0.40480591405040051,0.60357290570044497,0.62611864411268692,-0.97806147115136288,0.66618033382439956,-0.88786077778222849,-0.86299868744017383,-0.98942537524808205,0.93263298201194311,-0.43300032318851589,-0.98572692882649016,0.74990617725185615,0.20997179379135511,-0.83499427310292118,0.07835217296623935,0.92888912595673478,-0.37406685195792377,0.52175793903667178,0.71298859666480474,0.095755833763944004,-0.29032464790662499,-0.1016190509685026,0.22148036820346489,-0.64948381902106112,0.046310779126425172,0.23559051463360761,-0.55739557589029487,0.060029475443682895,0.38973899168986176,-0.34926160285842234,0.99961347155255043,-0.093655881360089066,-0.20002967355747298,0.85461626522663559,-0.72627673678965743,-0.15112389401922888,-0.52821063232027776,-0.023280811097809107,0.42804250273994726,0.38078735261776808,-0.38320449261300521,0.012993541405511237,-0.94251710933764565,-0.91745940515274071,-0.94492507874624154,0.2562969666849067,0.11145977921461982,-0.29559067253996724,-0.56864650124457539,-0.23357388295781054,-0.9855307515211823,0.84718090802827817,-0.71980957514594457,-0.52641057184463236,-0.47421577333895065,-0.79259753539843303,-0.48662796060543967,0.39290162123883393,-0.71208178062768857,-0.81597524946044497,0.99132506695473532,-0.34568515806516692,0.21885859964652463,-0.91746638149999671
0.72683968566364265,-0.97639969120250936,-0.28019295661841209,-0.11542467630519587,-1.0438869114365685,-0.68510607254926836,-0.90636082704117704,-0.4326098110003242,0.93768020230592464,-0.22632396000970004,-0.30101594680804916,0.37523850510668971,0.14828652255907873,0.91515712624594037,-0.45225132655418027,-0.86823654217304247,-0.42763806940700738,-0.47052575753482406,0.76588853210150354,0.00050319563525376594,0.73842237224608176,-0.20700546804899075,0.6931899262171114,-0.1444441409782414,0.36492343283613699,-0.82204907088675183,-0.049049037690540892,-0.87494790918145093,-0.14803782165456758,-0.5173078926490714,0.6630187589429094,0.10697858542541136,0.68797101085010048,-0.018581689681451595,0.38507365667946403,0.38936612541024995,0.78656591148174793,-0.52617139155251402,0.9278674636484483,-0.71415068931963288,-0.67105982943348697,0.81639930694224294,0.19605286716175202,0.78507461506017928,-0.57357249794910226,-0.38536904417753931,0.27753677004279903,-0.16622520084520051,-0.62926213320221691,0.34204286610331336,-0.077902228737386836,-0.28678977500795089,0.99400952128543718,0.51653160972274192,0.0019216471551100067,-0.34127538367906174,0.95967688453732558,0.072462900667701224,0.62038474158845414,-0.81740204820352991,0.52327120466357502,-0.70123571889674985,0.53721802234099747,-0.61411911366946181,-0.18935128791345465,0.061057349265494734,0.15511062620891894,-0.64183581508120802,-0.28445478230620513,-0.10917100658270862,0.38622390729943523,0.34073689825157305,-0.69319319912449717,-0.71897978151023512,0.90260027916825536,-0.35585157262700412,0.45589534299951545,0.4942258620841265,-0.50449057977647338,-1.0246020333352843,-0.71180442952822998
0.87439792897003077,-0.17060750168207336,-0.89523126931868346,-0.49010726625380074,-0.74631292160149876,-0.25071427208612979,-0.43925632556265926,0.77133668618001028,0.91227897869933194,0.98279541991514929,-0.73150902794484662,-0.69749607133027702,-0.88800276635197117,0.67624231968162873,0.59454196871574838,-0.49742486153408855,-0.14851660523789684,-0.30148691032073677,0.70950781827271281,0.92352681668765502,-0.40764967227449894,-0.30453890707643855,-0.38505308489997059,-0.39692274683160528,-0.31662558348935649,-0.366358241283335,-0.28777692332819416,0.79258481850820839,0.983803626378707,0.68945536307084387,-0.86284045837449108,0.78918458199899211,0.56014896431507089,0.81763997665287502,-0.46743629708259182,-0.87843825917507534,0.49046239202868419,-0.38626474596960514,-0.72828218300276815,0.60291443003035838,0.88781123430761322,0.97348107605108258,-0.06305114049030211,-0.15872466946160815,-0.25831489962246101,0.96767512146918289,0.54928644427079343,-0.08471984377170462,0.99074162535628818,-0.060869941009704484,-0.23886018499733996,-0.49251090961061583,0.30570927630989986,-0.92808783861707134,0.68280078035796365,0.57541541160036491,-0.81780922686615609,-0.35747002996540089,-0.44945791368912236,-0.51357761109930988,0.13160551699950696,0.28668541699138894,0.092833339825157596,0.66935745454737661,0.56766837447459917,-0.83773520299080451,0.68789100220238231,0.28493752075299877,0.24013247936834645,-0.52167903592481502,-0.0063847278640953584,-0.11576434491513984,0.30450280453478634,-0.47855622793274721,0.14678077308236906,0.35394513875351236,0.69481842198274135,0.20339553476649608,0.95491440860954468,-0.38985612071406839,0.75379693093286715
0.46214135393217515,0.5667912567538872,0.5207160193441801,0.74738256923810131,-0.24351545330931978,-0.26313417788666865,0.74078903185112777,0.32360489458763725,0.26423829569225943,-0.31231615970950022,-0.76704231355664454,-0.47001657496974697,-0.92276619528658621,-0.13908244835541389,-0.78920358051931805,0.17852471661246244,-0.64704272347942571,-0.71234799976144159,-0.98232437955162177,0.65427969344616144,-0.36833626955255422,-0.093165556777548467,-0.68232988725669652,-0.47622806962575726,-0.452190260952259,-0.057381830794570036,0.32810193715577662,-0.81158590766157246,0.55928303997820272,-0.44655316557755947,0.35543085594104362,-0.29198215773926156,0.51274617494587915,0.76217983063258998,0.92715317988872348,0.52486064303458846,-0.7374179248816044,0.92340079623661464,0.87452707015140274,-0.51098390080795908,0.11036932244431824,0.095211561680900808,-0.45178248015391231,-0.071768972375025331,-0.4236280423657397,-0.79071025645908954,-0.40861637278775514,-0.092386831458613608,0.93569168117619139,-0.76545521029518382,0.80557301477596588,0.12263802773440546,0.99019952048359006,-0.15217537853362406,0.97803107104550469,0.69723234735833806,0.25423348925134731,-0.42442932417439,-0.29033515966946516,-0.72271119842344311,0.78925256918925413,-0.24850128009783656,-0.21024539595100053,0.91360650951610245,0.091242920293173518,-0.85569059889616084,0.9713558064840585,-0.44972293729796692,-0.94830788108721731,0.57347385797099237,-0.7483675906582915,0.18008639707568472,0.36223098612020327,-0.14437818579554301,-0.76273659056197096,0.097592947761876478,-0.13618937110253343,-0.3619159632922041,0.035197129792007592,-0.14973939913768639,0.19967873348735174
-0.78101486978166135,0.90316470535647808,0.67922466627769451,0.77441502000083395,0.62368259980337504,-0.30972829070831509,0.38654449566248122,0.93928207070284009,-0.30817985148665133,-0.1269495010605429,-1.0254457692838492,-1.0346802644214073,0.3680661284305759,-0.30428562053400937,0.47884603457543967,0.26108123892542801,0.83006674357591081,-0.61761753076433923,-0.2633203026273519,-0.23585013407134681,0.70504456208584376,0.43085236413474054,0.96154735587045825,-0.028368574788084876,-0.79014616935094528,-0.40761693116498737,0.17850546074113829,0.042418788621146397,-0.26970176182691458,-0.9565195889487903,-0.29241984498394036,-0.75312192691735247,-0.47869764224487388,0.32388996588156355,-0.18842355724911117,-0.30535508805754097,0.46052828106994997,0.054070228443951172,0.73438789202502552,-0.21506614341993646,-0.89870297477610894,-0.82136522468450202,-0.69695841858377172,0.41991694126933615,0.36880527884756775,-0.78255226375638975,-0.11136165425241706,-0.5846390137608164,-0.59469529441918689,-0.28078739345394177,0.79984271197998136,-0.24881075472547998,0.16546808197783225,0.32481588242676129,0.25529051049703466,0.66104887289723802,-0.84302991559152884,0.44171021456090354,-0.61203532540748551,0.23625603456605002,0.70648419119192551,-0.69022061157696213,-1.0011215537589888,-0.10705552609000624,0.40229629818281165,0.91818632623177632,0.29124382696092915,-0.044582724346662703,-0.53834970405614158,-0.51771302445135747,-0.64471573625163592,-0.16164028769696009,0.68113025606561151,-0.028373450360283291,0.55612620061616758,-0.75849034052473696,-0.67399086181885759,0.03666829987005641,0.36733196114689498,0.083362836407566601,0.0065342126231839109
