-0.35628477752047605,0.71949992441351995,0.75630050260735071,-0.96952736856807875,-0.48250260478137308,0.4682211213611997,0.52142680826542254,-0.51640305069483039,-0.4596332006774691,0.79684737609081946,0.71008023627795158,-0.2317824933377261,-0.66113343800992197,-0.38186205125962269,-0.93551373112731895,1.0007045363013576,0.99355967839458514,0.073110448059564556,0.55425189842564482,-0.59155068290013169,-0.22786593215448273,-0.78963510862420827,-0.76289368240866506,0.62203877769951477,-0.83545549081944204,0.95027501466868247,-0.12639694625360512,0.90210607194720638,-0.13390808752252364,0.82680739804207126,0.64603939586365255,0.81218894531029906,0.26443692956980741,0.20083685589794117,-0.76069507090366872,-0.4389575259811257,-0.38106030848744099,-0.37513892389885251,-0.18372123280573516,-0.27743179840527576,-0.51665498097267282,0.81739809355276671,-0.51258373970279314,0.15368528043872348,-0.89882214433563479,0.59695512137391848,-0.84513040118470861,-0.26148553991926815,0.61882288288958576,0.76888432018291852,0.60364557484840309,-0.24046338415596247,-0.55823121607089687,0.89303996364858307,-0.22782300594391514,0.29343596166191982,0.52239055513993904,0.27752979587604909,0.29933633972006657,0.5109018632224257,-0.44739602059129768,-0.044383550216163595,-0.12224560948484034,0.047421332156970447,0.090090268909291366,-0.28599920106816273,0.24225727627033086,-0.16923940009012561,-0.73638892567136527,0.79543350912585065,0.30561628865805179,-0.60256190382384089,-0.35338109940748136,-0.86992852199085557,-0.36175377300544126,0.43608121392389987,-1.0333030971578343,-0.19021211367726562,0.84387909868399025,0.019036480611545663,-0.46501929577646528
-0.4246237656227575,-0.30224263590163425,0.9642696566036133,-0.91211303363313667,-0.56225934475917538,-0.59126288919533387,0.30708826871771455,0.84024067207779474,0.45073488051537941,0.44169825429588921,-0.62786070551655138,0.65472525148891858,-0.3595964598150227,0.024621299443965822,-0.30477140774949435,0.012465482111729596,0.81198853093278422,0.065529173152735057,0.50337002734517744,-0.74155025901457239,0.42507116813800411,-0.44953911527656437,0.56645958198351321,-0.83695915564688039,0.1777746522290379,0.63953296480472244,0.34571602427626613,0.91699882664028354,0.56711933717462748,0.83768772330456631,0.50837134189996069,0.17411187817233026,0.60885916085501557,0.3861862371626113,0.61983163546738684,0.16321807498590879,0.22736207937369166,-0.74874576435249984,0.017083915172807336,0.70238907897815206,0.17982828534241027,0.57260239992294526,0.97636336849143279,0.86771381653437318,-0.84592264339424239,-0.76616381978137837,-0.92772620271939155,-0.71568934972754572,0.9920228976087383,0.81196581864612838,-0.68469320257664323,0.50224406375118713,0.95547796231467186,0.56107438817924082,-0.15511342117201821,-0.55832923792295697,-0.24369679917289444,0.70957446848752848,0.97466704726207443,-0.83757683545399342,-0.87613148505448535,-0.70654846693633311,-0.43066832338017791,0.41002752046637653,0.93077481116370697,-0.52545927273125992,0.23822007061559386,-0.040179090974414446,0.20129566864395421,-0.86975332331723909,0.063438461945287086,-0.44599872707726052,0.080581134566353144,0.65862904284750068,0.82984643184941109,0.78535695038289699,0.13859744510620495,0.65234108229860199,0.61350994784782209,-0.12977880207465217,0.28542160679469364
0.14622180739423726,0.52349419461059199,-0.45925635248083652,-0.17931395714855369,0.36854089599612622,0.54311957251673548,-0.14760150995206917,0.72593767149427879,-0.36006939240790425,0.50722158297838293,0.51899294904460791,-0.80589760941922317,0.55865309195418433,0.42624726637200738,0.93923608033278183,-0.93123105215896995,-0.40017591128731511,0.20139048745988836,0.81272509282569216,-0.54411771022080346,0.45060306021645669,-0.16900678730115112,-0.19145758861453871,0.29596141580123003,0.82924073614321092,0.49573620472123447,0.42725253088648885,-0.52153846778848878,0.02436799976436568,-0.15159181228886384,-0.92773261719227451,0.060330565068054079,0.3250685194319925,0.55476743676567752,0.74851648092887157,-0.59194583299318349,0.35610240586771369,-0.7256097794382802,0.7991889744161792,-0.97990626556596883,-0.4958170344884788,0.80539272698166176,0.95259863986382776,0.91585759850804083,-0.43498438900695302,-0.43830936419594801,0.26835894017862649,0.076020631713847486,0.59192563524846054,-0.26142679681710734,0.57077824889442685,-0.66627195040315845,0.47230829030676413,-0.27200470133899268,-0.037073133899007682,-0.21625144254807793,-0.20489849549165703,-0.13807084536954708,-0.81219793315377276,-0.61394159301387563,-0.13777475959646956,-0.97451500652404965,-0.056620172643179624,-0.22725858945143856,-0.59400340001776242,0.25334275992792449,-0.017920795832688609,0.696926001298391,-0.62619256773412502,-0.52421936362531074,0.68827583883593557,0.29111264957426475,0.6949322916453784,0.2811470023144132,0.50945272583832268,0.27301627054808197,0.80554538663205921,-0.72492679991514353,-0.81286273253322028,-0.41712946081620611,0.86438697178065071
0.36389705223119617,-0.28207082906210434,0.51730389660235609,-0.015158214748586618,0.74774243187154799,0.22357225706510761,-0.71490084307245672,-0.35608265594376631,0.17984236403319165,0.56296754685593209,-0.6274195767597287,-0.28238390964881405,0.90400818882459288,0.85676674152762067,0.79927134099407948,-0.83596028062855843,-0.013338496034178304,-0.63721841756402864,-0.083215095422057697,-0.29342531781565956,0.32839019669976222,-0.26749820760726067,0.40842612382876459,0.13373641526066046,0.81897790473217769,0.37443129868664093,0.55478363546035947,-0.32692244739916948,0.050971654076942575,-0.71551179502709206,0.27066766936610254,-0.062945983673879546,0.15724174102370947,0.076485663612616453,0.50088694273676315,-0.14890252101771062,0.79998645331263474,-0.019911021912340836,0.83465154193042734,0.87022324759350256,-0.69961685843106469,-0.42174442040796678,-0.85379766573901261,0.58838112880345173,0.8212258428557736,-0.68610487838165657,0.33616756302328171,0.45169143715276522,0.86346455601151906,-0.024942372130836631,0.69582415190679892,0.49701813901503011,0.80618465165610842,-0.89775184441516631,0.46071688856467752,0.19902817343051538,0.65369889096969891,0.26994442193691764,0.65523388814604844,0.56786747003814353,-0.63272044530946003,-0.14448651165710774,0.56933993276841288,-0.82682715032433762,0.10618020486606838,0.54466548460487652,0.44103990383915442,-0.53652995852159235,0.38974723038120751,-0.88664236415953268,0.75102671381777963,-0.66819442586032429,-0.14764582654889868,0.014194372017848483,-0.18562808340211051,0.81799799818529384,-0.48754773128153611,0.81179286386167537,-0.34842532766614198,-0.42143734264717597,0.62813492675819893
-0.59741001859489951,-0.5058539579239727,0.71251185414087126,-0.54492362499846858,-0.85102188513821253,-0.36157249717541701,0.84735986807890251,-0.070000802586334065,-0.85685042827423996,-0.87030308929323674,0.48740532372179096,0.17519637816800013,0.72019600981155762,-0.053255388543289858,0.55690247656384495,-0.39220700548195225,0.75852103589659814,-0.20475640481488167,0.99903309898975279,0.35288706842389023,-0.046556368400126509,-0.16335812664344401,-0.035656417315225369,0.25185080670136162,-0.98130221826679953,0.67348081136642068,-0.94373693324415564,0.42188819681952111,0.25916843732748762,-0.59036802539012834,0.88929109402955908,-0.025117118451127993,-0.17939245154892236,-0.67022566458330446,-0.98692378453843632,0.41089674089860295,-0.91704498880926733,-0.87901376904069672,-0.086340657732196791,0.084216836763694583,-0.78669567343622537,-0.6330227661034129,0.0061653664370616224,-0.47257549719028458,0.54464945930959985,0.45728562102512937,-0.67796527958226693,-0.79950330585291485,0.73145912091849419,0.97867600618075656,0.82426366236755189,0.065087368410164048,-0.9028999853425036,0.76601877327627244,0.6490383986024395,-0.66216910467056944,-0.6367744053285963,0.60334609523495353,-0.42343662452777925,0.83731821603335088,-0.49391476071771956,-0.51753343628907067,-0.37806173461196591,-0.66603547792245377,-0.96883173290117197,0.94876699165683642,0.19460484918053716,0.54158129246226427,-0.92491122407074544,-0.84097311679104092,-0.010167453703641985,-0.86312160337327559,0.53927816514261007,0.57750552647568809,-0.68825871901841573,0.46204853689297237,0.50065966978994292,-0.54607736277096719,-0.43798821805840732,-0.12271729986497744,-0.95361484911840855
-0.32366387999155988,-0.36537562523129113,0.2861527505434997,-0.088712687332863541,0.2271284637631808,-0.50366721712548601,-1.0205784843074359,-0.36020036203279948,-0.89124084877814114,-0.3702103173517462,-0.35633203796733753,-0.40984237777300669,0.91168233549048538,0.012170771440954692,-0.95411487370410464,0.64851568998334275,-0.38102125903840905,0.61735346763008414,0.39650734979743008,0.713414846836671,0.59026648903284695,0.30160245694032678,0.075571680592557686,-0.63926671306580718,0.63784002557500352,-0.9094931393833865,-0.33439590395610269,-0.77407200919782659,0.44391240141436461,0.11235534811476937,-0.4212823413448224,-0.23784782825619705,-0.81244621123434535,0.95077106988729643,0.09431613231179696,-0.77040242882347054,0.48490250362296045,0.07992501269791305,-0.69912634409544827,0.65036586533773988,0.29389495162284512,0.11410953135502698,0.06780320205536304,0.74895996398283959,0.13675162948622871,0.70795547014654125,-0.56945953351496581,-0.74299924413764695,-0.1907946224651873,0.77001771710866462,0.42370116241007105,0.93727894666783662,0.66633522282430802,0.68301525964093823,-0.43766882691112352,-0.63274457362921654,0.52083347881585784,0.027181902415023638,-0.58311666566148312,-0.51572462965457122,-0.498318860232632,-0.078187100205178786,0.37023705207071012,0.38080188253240871,0.90122115535979375,0.67475504610164361,-0.35164644137473489,0.089171093501861143,-0.60117850953404361,0.60212893111571564,-0.78222085613655601,0.11466275852847994,0.7001770413721613,0.24720376391451065,0.87727862175248372,-0.11365869840805853,0.16351831020496607,-0.86757382609114142,-0.090093268994330081,-0.43225539172133304,-0.13609091865518991
0.59638599201294684,0.81069317048060319,-0.19519579577082391,0.57592706730058552,0.8298776561231731,-0.64561975485532175,-0.32298594598204072,0.6961278877833269,0.049728825636810164,-0.63721250464027579,-0.31640733510910274,0.17027655649796164,0.12528811789796279,-0.9546126077524123,-0.77261400355483856,0.334879902463948,0.65249852999454605,-0.6409119447620053,0.15032542439156946,-0.97251570805289977,-0.11779211290098453,-0.077076189777279466,-0.28126963839861252,-0.68826559866653336,0.40013835111526458,-0.53410844596406315,0.02660348105142395,-0.59772734399862604,-0.57846700747041668,0.30720921521248784,-0.14906775788766033,0.16691117943695899,-0.2365765757654712,0.13505916068900622,-0.24720432188299662,-0.34847785089493488,-0.51060829386987361,-0.72886761097584829,0.98735512239817824,-0.21760313255296909,0.42011902099832327,-0.51826117228766266,-0.5111785455179686,-0.27313641323933868,-0.69493377183948368,-0.58724060396736533,-0.96199409747759712,0.22198157801457954,-0.092436319482417206,0.16930775720189251,0.33469863916173703,-0.88995899816329826,0.50668749267833446,-0.07988350804753297,0.48643804240780919,-0.48953651965052375,-0.11263679581709544,-0.029361641117538414,-0.37870617388338684,1.0992027832177651,-0.15603525155362227,0.84164424116760106,0.42170359352067488,0.94607159302668131,0.62879363372826802,0.066928937530543464,0.87253832420203259,-0.032192073133323437,0.93393372938933528,-0.081391639744425107,-0.033549444238490517,0.44663195980222714,0.98368121388281582,1.1156635980391103,-0.49732579206843924,-0.89169601442385349,0.63932389153350855,0.85798706200374864,0.10854754741298234,-0.70218610850537333,-0.067138737276951854
-0.010908698846794466,-0.37277120227560895,0.73546580396805716,0.76406852751098331,-0.58996628269434792,-0.64704626104540852,0.80774428217128202,-0.9114257860920677,-0.53028645633345217,0.17526676820529397,0.07977198189432036,-0.1121515441934246,-0.58131492159847442,0.22655650135275682,-0.69283128952263251,-0.36954493140825573,-0.17211659022683848,-0.157133457242007,-0.051627445472498673,-0.32564413104925477,0.026500645429787823,0.88827283625768239,-1.0021236994923348,-0.2280723393566283,-0.7724667045830258,-0.30206301434921229,0.02877584021523549,0.16383156104646168,0.93363108894722957,0.69492033844111012,0.18185778400344907,0.260157608794166,0.17939222084015066,-0.080303977267787319,0.74726736883086153,-0.57073653857706641,-0.11663392427192394,0.70147028070200868,-0.91075139320263532,-0.65394530902452408,0.68605771337547916,0.088262425567992103,-0.69794971140425621,0.51484873149263466,0.82533911321031306,-0.079171770708133166,0.50980883897502338,-0.41564093790335704,0.46948875940542883,0.96147169493799234,-0.47704929435223242,-0.22750348271825893,0.13836575394260486,0.28622880487043822,0.53593439729641856,0.7959107539421999,0.1377179340838833,0.095186758125498316,0.53479619130261946,-0.93023178900453474,0.66229729902084322,-0.88404855628398737,0.85227527666607195,0.13532491289439996,0.48459365090954887,-0.96863896969699248,-0.03946377824934133,-0.82887828407666797,0.91905271155834534,-0.041079830224567279,-0.18936210479727944,0.21814647224078143,-0.38262583652880439,-0.31457739179106986,-0.6258339136227099,0.74571743691980164,-0.24057325409245717,-0.80159296005778935,0.593284824296194,0.38883678300565333,-0.71371563651260239
-0.75810047271475489,0.87141841558821942,-0.15524565947899577,0.20592730270544685,-0.41302328937556432,0.051651556772654934,0.75910893792570233,0.29211050292547197,0.58846828190624878,0.24137636688180866,-0.92487043630323174,-0.67619765791461262,0.40937999587997753,-0.9351950787549792,-0.73458519046337822,0.5753041421215398,0.25233719055482445,0.26435087574686061,-0.47677112942817884,-0.042774530422837201,0.075079319592373406,0.45525620723167798,-0.86589580154136214,-0.62481603344532732,0.87895265187365479,0.28265169745127083,-0.24609609471981056,-0.49733601093174096,-0.36514364485109441,-0.92889726894809854,-0.35695115768415203,0.90943872320800778,0.95120824335984688,0.47035430198625572,-0.065615475948414659,0.94872246299046392,0.78982039856126696,0.48777084365828771,0.005616567348066071,0.51521895700702458,0.75037903040399401,0.10906634385554762,-0.63449852579342303,-0.048875808077114988,0.34534951939601866,0.4177553608370741,0.48557646194062248,-0.53305552968129588,0.027959813882748957,-0.10721032823809258,-0.95429632501957018,0.42352726034152277,0.25641497642231359,-0.86677160512439921,0.25308991033515027,0.49274141248189363,0.56497437789523963,-0.76373073357223886,0.49685050975067191,0.45590429972996321,0.23724268310470462,0.80194642348645662,0.95742843505116915,-0.28046395623695358,0.5782195636172871,-0.98335439975655836,-0.69630627820893676,-0.71585416786975653,0.28083905449328828,0.92351478369656204,-0.023887529964952501,-1.0582365148652557,-0.88419825618698211,-0.67484271676854524,0.41345922364776194,-0.40677893827247852,0.39260622049380806,-0.5200489704576392,-0.64784639930908705,-0.20203117572741891,-0.66838016805223732
-0.56334410787374256,-0.057186800253908522,-0.2794063990834752,0.3487745052411409,-0.32381167503884412,0.53268838896385351,-0.089229000575897943,-0.84076323914098372,-0.26824001311357687,-0.79242398056134489,-0.78004809402430619,0.61638779928165544,-0.59018329975518902,0.26991762313796425,-0.97664642938952873,-0.18318030413487957,-0.24826420540664801,0.95067386768457518,-0.31959493876353995,0.87806519931277971,-0.18101954759384231,-0.52827784418721269,0.27763357223989438,-0.78765979361238303,0.65036328867583693,0.73084705356369351,0.74272381298279755,0.30814982990757395,0.74242060541389998,-0.77137264717123322,0.81145729683859547,0.67592435232881853,-1.0004626054536698,0.23734449404548752,-0.98507921883561722,0.76676673131852746,-0.68498043670156183,0.45202927751802013,0.85349897818084519,-0.37976425561497035,0.43608060298377066,-0.4800874765646565,0.20243380015061924,0.73387223289392101,-0.29713294548813318,0.69695106120065398,-0.64778630244755564,0.013915544466490366,0.93860820010294665,0.85797526215085018,-0.2324240485127389,0.39972866414129005,0.75727408719383593,-0.064158709033733885,-0.71221890129543231,-0.52251523067060535,-0.042838480748710592,0.93436857218627489,-0.29441890121436209,0.16804084989212997,0.32503109466266655,-0.079307877139468894,0.80931196630143543,0.9747926771104386,0.8201441870545132,-0.83455927017533238,0.09514926850210334,0.34340324708510633,-0.53656463275467225,-0.27096527119242242,0.40110110461614312,0.82268552916211402,-0.63883103395162466,0.87634749689794345,-0.10733450469616992,-0.26942350797487524,-0.07779109579144923,-0.041844009995276231,-0.43762965772700518,0.73018247607873266,0.82776416005035713
-0.37667749972592712,-0.92183205264836388,-0.62857521671554695,0.71293134801852465,0.36664212401071977,0.58436562168146722,0.25989078925609815,-0.47283597062715443,-0.24713980940058813,-0.45108141307157401,-0.44697492798197469,0.67949380316869579,-0.86833287012295901,0.95799476175325993,-0.0043245297034911782,0.67615197794610904,0.20760956332267655,-0.82621160395094928,-0.71179822205535004,0.90545592159505772,0.023820964609500207,-0.74892455330825758,0.7251036174544957,0.71267378556131056,-0.19019391861252072,0.45002925257851495,0.66670503940263148,-0.51184073100602068,-0.41220193208667871,0.42369403938547412,-0.70313701683938989,-0.3474470461627987,0.50347708519865986,0.22411912682734192,0.56977689759680406,-0.9377165095370773,-0.97915882543285016,-0.079979125184690303,0.8723642229086177,-0.029296147104902623,0.53909219991241308,-0.05671191474344741,0.28535131026129229,-0.27403530802569415,0.14114865963967668,0.67813428607692106,0.74679518637318243,-0.77540730205069308,-0.020510953437550907,-0.69919326305269769,0.59335756258917338,-0.18433377534341877,0.80406560155722473,-0.015800965132049094,-0.83343334738308528,0.08557976818227471,0.07160505758750281,0.64843799084414944,0.010590620002251309,0.32952340661874102,-0.94783602459552752,-0.086203023227245712,0.34274012986224917,-0.33274004184452644,-0.60198355544202142,-0.061511033636837617,1.037271214265115,-0.50903513687291024,-0.069179298820044227,0.34652133810643732,0.97374912124765656,-0.78780507323161097,0.26166347113112914,-0.40543721739243654,0.33689077187804434,-0.66046051387485616,-0.76369781469756837,0.99623498034535451,-0.97267768497297791,0.111211948309844,-0.13869431118625078
0.15800459146930915,0.16343049359487635,0.25285802396428286,-0.8098714762929109,0.21173799562179188,-0.25005430534859835,0.39977794334501388,-0.35627582578937989,0.11094374622935692,0.55323966037936578,0.76345853647125028,-0.97379038577442045,-0.13773374057044724,-0.81680259140080247,-0.90223208498010821,-0.77187211331227645,-0.67070224630833253,-0.24180888828358846,0.20718877387531537,-0.14416625742409969,-0.85608444993749189,0.87092052296383138,-0.82942674516253145,0.21677216498152371,0.8756295980387685,-0.90317099929992495,0.56632672783935345,-0.78374205166004296,-0.92615634060702667,-0.99364046743084755,0.23825807919046743,-0.068595704199930857,-0.22666573503163073,-0.77477714886644855,-0.27103304989399196,0.71277954839180568,-1.0323230171313444,0.49374271607625442,0.50178772874872191,0.79158294839665799,0.34233958625341854,-0.80777419591205124,0.54821600187221475,-0.088765527618440462,0.61547920971753867,-0.27282320402377286,-0.3029574079573793,-0.80506949093037028,-0.49507285899192288,0.68334838202037873,-0.3639454811658247,-0.59707378019735668,0.4628099346831811,0.57699395077170057,0.55550682126544659,0.82875100029243221,0.40787354943559667,0.53310550549528901,0.73850802039716024,-0.90782548927986351,0.20663260485783663,0.50392331885434127,0.12727539194454063,0.6177858304719378,-0.63104858273628628,0.11920686611234774,-0.39335925330778171,-0.93265845565148808,0.9535066548620782,-0.27906274160526684,0.9558985179831343,-0.6646697365249582,-0.68894885622038071,0.16342878293458885,-0.33126480551604609,-0.043189774052320662,0.40142306215372425,-0.13964690728368004,-0.4959560636013971,0.029802535994173505,-0.4102777330064924
0.19150679783693103,-0.64835114290700957,0.26896687015178916,-0.51498641408178558,-0.74815636280155817,-0.84431217083716326,0.77882260772221812,0.86012205224002547,-0.58102768360493129,-0.88906145740728859,-0.49410260033124659,0.18038489364199345,0.86835075861287725,0.3334340794905476,0.68742322904530573,-0.60807530267811272,0.99055480556876729,0.96345331046706706,-0.52641408523659172,-0.37186403650920608,-0.29346799506317095,0.38212277536626066,-0.39644405074830186,-0.18292767147222397,-0.59701327586069997,0.99613045860761418,-0.44095248242282076,-0.89530661765191999,-0.66132925054496261,-0.48852293070828301,0.29015321162999869,0.76258820989830789,0.2890650150880239,-0.3585960939916879,0.23755444027635644,-0.95847994173751594,0.38977991935184192,-0.14660809354903606,0.60364574788691694,-0.867715933878905,-0.54864069013344985,-0.75561619836001981,0.79621847314784477,0.80488312792647898,0.82826962271292459,-0.036726867319405401,-0.70946101539872719,-0.25040276545476453,0.47365099169966385,-0.35394216832562875,-0.27921077924168602,-0.48804639241058678,0.48711410751458262,-0.21862781487440341,0.18548264297793504,-0.090393950270534318,-0.14149972547732123,-0.89249090806049847,0.38091537896063055,-0.99772776317228151,0.84357734963742814,-0.091395992325649184,-0.81673063111958588,-0.56449292367233106,0.016549080744043997,-0.70419913073517426,-0.08942402524607658,-0.25954232803717842,-0.29803753217364271,-0.3076209960478668,-0.49102215236049634,-1.0015763642141053,-0.17867937884355459,-0.049158059898132087,0.56016733257455609,0.70787136522072336,0.34566907376747613,-0.3057623419489065,-0.8977987762094557,-0.55283775540830615,0.12278328575368296
0.77268171841531674,0.85721320327855166,-0.43923327775719301,-0.42108272436409167,0.83356544581914449,-0.99512132088163763,-0.28467362868190321,-0.89056810467280612,0.37789276948910866,0.077420616607001724,0.47946374192326618,-1.0201271444785844,0.5258272436246888,0.15844096820591688,-0.81151188838812049,-0.079754096140327385,-0.96092890320006563,0.048059430318800611,-0.26987071598747842,0.58110475313406307,-0.55691553267360505,-0.99325852457682584,0.93632695084382633,-0.57541083369700652,0.36115570632222183,0.43629515853583384,-0.46693822727626355,-0.81538132773387906,-0.31076734921918803,-0.01354650874148414,-1.0636149118917555,0.37385969144456727,-0.41143569498496568,-0.017715474172697764,-0.98420479881109357,0.50570146015584183,-0.46415313091667143,0.32542009126405064,0.38857219545162464,-0.027202319364834242,0.041468483410265801,0.51270683903881276,-0.87214666807532881,-0.95847434248213725,-1.0502585730574503,-0.69316663580317084,0.7572337090177379,0.010541990185642966,0.91261639625997171,0.53847814530390647,0.67027345166464913,-0.51501301697489366,0.28419499260999936,0.41460660513043113,-0.59793867877951357,0.83818785799255557,0.21460989363995464,0.80476522647937143,0.73780341515698533,-0.72915420364981287,0.2691578579111148,-0.11854206519977965,0.70293028899697674,-0.57309960038554741,0.28674939333763677,0.007249606182720891,-0.32721491487891913,0.79507792798079524,0.56377869213759335,-0.093260393850243858,0.67559794830990938,0.77984614693164944,-0.48378454879010629,0.60444827883227392,-0.10326882658652325,-0.35260821921936669,0.38885915219626688,-0.35542402496598646,-0.12676950968467066,0.74667881481843179,0.69453542095194587
0.24313418120782299,0.71773634908442852,0.26100061303536704,-0.36956343786491697,0.85079202311729629,-0.5589725257496444,0.97908208292343768,-0.73838929266304532,-0.33809862109630329,0.97367895049645992,-0.54032227344310746,-0.40559578358177073,-0.86546324115797568,-0.097746534332772958,0.60523061422762547,-0.43674899716745308,-0.32575065438219336,0.98965152125236522,0.043784622256059516,-0.75262690436587198,-0.93870388625584766,0.81655961368292618,-0.56712984003200451,-0.65258178376315057,0.93464746655095687,0.75452721501733921,-0.85951998503601601,0.72545994980955508,0.8000866707311225,0.55219987675217763,0.13286348392911015,-0.2925850237897486,0.10748001685171425,0.46513572339346615,0.53386822094974939,-0.39151662137920973,0.88566184522013414,0.65511520355368169,0.72979506107854886,-0.57388597247626316,0.28242034803029648,0.26463258180643867,-0.91080448226781352,-0.68420409652109693,0.42455880661716194,-0.24967920885574518,0.56486893850895836,0.80585422127192807,0.20752526714961761,-0.76750233674272061,0.54662107309988861,0.98560148712585627,0.93876289395325707,-0.15053231266691702,-0.85880686423173136,0.85628597659619365,0.755976746407095,0.36391687504546039,0.10269359067751035,-0.2686181428849117,0.45685644375664175,0.31868463098572442,-0.97966958050138775,0.83767825566649246,-0.16257436389606089,-0.60896410742144158,-0.52597998774994359,0.55640175698324101,-0.75485942004272544,0.87333473229553715,-0.59147642675181589,-0.9596795383721225,0.41337995787540099,-0.54542926275611181,0.51417183847701287,0.53899111841825098,-0.19067508063281885,-0.95230470938829137,-0.22987147286059745,-0.91175555761311988,0.31914661682564643
-0.23857120807923329,0.051944054613129523,0.0070579384550042163,0.83508054656805952,-0.29303158415995884,-0.42945822706721076,0.87853970800408765,-0.92691394533933391,0.36033713661356065,0.15865540356863525,-0.095941127809840515,-0.81366110174576756,0.61802168583983697,0.15849304073563739,-0.7757649559638421,-0.79963478161973534,-0.31980870641736003,-0.7595284434977756,0.63623520573091619,-0.94797125462122134,-0.17607067181187697,0.34635840177658195,-0.36690944711367635,0.9121043965178004,-0.83790962195649854,0.98124045410819916,-0.6189619247169017,0.0093886448775118512,-0.92735507559947594,0.91782639434940105,-0.36926152406145912,-0.8602823955995772,0.41735491018585286,-0.91654654145297354,-0.040766821455421813,0.42719221125930718,0.68008332357940227,-0.72665042454323647,-0.95011884255989376,-0.27929050442582021,0.20845462642751419,0.14002022630807232,0.98174378132823414,-0.11079566091564247,-0.8250918361389753,-0.46819455374538771,-0.10122434309468559,-0.11098045432256244,0.099112061643961483,-0.51082060239622284,-0.16739626363817173,0.12786731955922659,-0.67216761093462263,0.28680662797913659,-0.88372369279862495,-0.50384781307875259,-0.13304971025499734,-0.87743667784621537,0.44957865096252858,0.96511435394561607,-0.076682848826814282,-0.18682948594848081,-0.94157840691650485,0.5946205846449516,-0.80007449767401329,-0.2575282559132438,-0.91583260112086329,0.55039633779782016,0.90580902621339476,-0.77079597650922582,-0.90809503277568382,-0.88319692889561108,0.079490921830941391,-0.22766047360220315,-0.23310651043456537,0.056698284178170064,-0.33439240491356226,0.45111964191800863,-0.71579037747443863,0.22951809656378178,-0.39279031989106367
-0.070690019719883826,-0.45805270099824574,-0.86863197900986278,-0.41310526233286915,-0.33339414131677259,0.428542798767028,1.0951832723071664,0.11393776366005083,0.24466335916308637,0.016551698723228439,-0.49890887662465461,-0.22809644937262336,-0.23589769688785481,0.98889239712706822,0.73558726497641125,0.072269302329611027,0.20370458585474224,-0.63347519571018218,0.11527116956750263,0.43887487124748253,0.4455315155812864,-0.78351968180065801,0.6487709786526823,0.87282237500197835,-0.019690687352646872,0.855488403553057,-0.19928072301564539,-0.8902015066064185,-0.69263782089912607,0.014843290499656235,-0.25061672345384417,0.44556936799791019,0.38368587413354394,0.43198493096405421,0.97756893481624918,-0.23563686926405514,0.55018970179208382,0.85955954462591166,0.88732841174212662,-0.33705140677570161,0.31233293349049185,-0.28873673300877117,0.04595501481997101,0.81027762388818114,0.24798278400447582,0.27686343179986389,-0.34410995023612329,1.0801159284812161,-0.79986257326993793,-0.39262189155972521,-0.23925338282647957,0.95447273611321104,0.77854417150328636,0.86773922695139261,-0.82826329295644974,0.41732267975672221,-0.24807277403878622,-0.9787762175582263,-0.40823464272008519,-0.95210405246760799,-0.66345756703551717,0.27324817578073218,-0.16601848258250801,0.021883038470136142,0.10714447214670701,0.67786733730422966,0.86677545021808089,-1.0487731694408111,-1.0227296057771669,-0.74581609968742557,-0.018010450736412307,-0.01647087307309935,-1.0725371468420186,0.33353848537737746,-0.8981541989476941,0.18172805850023371,-0.29990058139324299,0.18967810726748324,-0.077807752689818196,-0.39882713370087686,-0.33694177277272641
-0.87271686205128829,0.78173110455769479,-0.20239118006320009,0.21011635096703762,1.0537812017537673,0.91059958631898985,0.75133328423635504,-0.583697124474575,1.0239944857360479,0.36323970077356854,-0.51640778445085711,-0.25187540915663598,-0.16691114383405545,0.78877287533648499,-0.85334718121834052,-0.033589474421937229,0.027460769777687497,-0.44785002988076672,-0.20861623055568435,0.75000841149314734,0.90086290492697629,0.71724867692078986,0.9313439576698278,-0.70370409177220283,-0.19424656376611851,-0.19780323160391863,-0.20021800428037437,0.84630821660900823,-0.59703601710912191,0.19960803007037298,0.15430858972071657,0.16149217283857467,-0.77654170187431726,0.77512710409841701,0.3257106763563134,-0.28064042230000702,-0.82555062300985027,-0.37933442566461267,0.99341590644026967,-0.72470977422607263,0.55143665740107317,-0.8169658764424772,-0.26073680424639289,-0.49573395691348432,-0.1345450437157574,0.21563932981164183,0.2731204110296121,-0.89998993467145427,0.88165569727777415,0.80578510427145134,0.56247498483110903,-0.043500407623734527,0.02236220080721707,-0.79000002044739193,0.80635321526525905,-0.22663174881364473,0.97437284294820858,-0.96021471926105617,0.68983704189643036,-0.6491370466226114,0.74905975864057428,-0.74937347234222595,-0.46693050758204102,0.94383808933493996,0.34457903952906666,-0.43437003175428501,0.58229732660178357,-0.96036973728913066,-1.0047053974624804,-0.50314215945940466,-0.47793327763293708,-0.10657854014678349,-0.72016311418443912,-0.4954268768510961,-0.30884361709442293,0.22894832593266795,-0.81770689821466036,-0.5033561166462549,0.5927524447134358,-0.29663866237825515,0.079747456435133687
-0.37828697263831512,0.4016503264859338,0.29357928655606658,0.023812283038108402,0.61711108295147821,-0.36404953539990081,0.93957743985532494,0.73871154790082083,-0.65890840607113055,-0.92289076504739986,1.0135442395376169,0.76666053599521511,1.0441004122749344,0.16239609469585234,0.93582364339091195,0.59367699875524627,-0.35113293894198055,-0.85191207808419267,0.58373009363584427,-0.70905980433627802,-0.52891192698372025,0.99978076721659437,0.65676499401857358,0.048998128626850393,-0.16743385633377103,-0.38702731869348928,-0.94734698322604383,-0.89284708709120442,0.80955492631782544,-0.23616405059152923,-0.94634549507039367,-0.60467808288290636,-0.96407150576950451,-0.87758331037367254,0.91740747834736625,0.80941615737124117,0.75597515028244522,-0.91090641870402667,-0.26111756101362338,0.93565528681913401,-0.8915985995242619,-0.58801250857549903,0.47342540444984976,0.2912193773993097,-0.41003198276234165,0.2874541702573743,0.10362947272263602,0.30016587210441675,-0.33832401430963505,0.4133985567135845,-0.70345801705526811,0.40421102320682678,0.016876872267983289,-0.33839140031522863,0.17594207151672947,-0.087740657775505979,-0.93304277192475937,0.34899881421852352,-0.39803307933166887,0.43532814957282218,0.99768153149134131,-0.90761608166955843,0.79806356712331017,-0.94817970311975841,-0.64186079207485613,-0.63155914517716349,0.17258375684877911,0.3989820759117888,0.56358722750570522,0.13919117538168066,0.17095914612345672,-0.77377392812425239,-0.82073670734966453,0.69141360058321699,0.63870336975039055,-0.073505456334513483,-0.062992311422588612,0.029396108309966803,0.67116051528192444,0.47660373632101471,0.83641961662979469
1.0588063068126441,0.33296419248809583,-0.38812927009532922,-0.070618403776988872,-0.97337780435108345,0.82216627943144016,-0.41696528161427365,1.0369835591663372,0.9495641950915199,-0.11284643708094264,0.60101818957941378,-0.36890496030457715,-0.75656688651694337,-0.49227938408685201,0.56034635236156971,-0.66985688000936727,0.48759512328920196,0.25114677730293,-0.073025904495395824,-0.063155766900317947,0.37032940955699578,0.26772034462297783,0.46706974818560881,-0.80638865198788012,-0.53322503821175338,-0.66747356479599929,0.87489471459578128,-0.10392471545587856,0.25889527071173812,-0.39852910333302377,-0.69431687086007676,-0.57312778467354031,0.38505302054544405,-0.19758549426699074,-0.20781668948475079,0.9903074860663027,-0.81071481440814475,-0.287186643476668,-0.18389542589756111,-0.091153689778697103,0.57985306545238413,0.80976648773139681,-0.81050384307189105,0.87128135757025216,0.3781666269787341,-0.042038103299031043,-0.5039546466971544,-0.85860870734925265,-0.57417656991351873,0.34144665494434179,-0.72138563581794735,0.26030626458356609,0.58504870710499746,0.75323404419121198,0.74166073991048909,0.68685713596138886,0.41060221540971498,0.6177156687782952,0.54416262866289866,-0.17816967898951386,1.0230189278784116,0.51204505083562368,-0.039599916279054057,-0.34309279009411858,0.92277613467806474,-0.64076918601652555,-0.70919688954884752,-0.67186043329336209,-0.58511081960398992,0.16344952512590205,-0.83606785997292266,-0.251391576836756,0.05333753931423639,-0.037776561621146572,0.34707817608294023,-0.052381716283524456,-0.80657517272616386,0.12786953311381016,0.95841590883008099,-0.49787700760850734,-0.68476566751706136
0.37729390377358735,-0.53300103365107487,-0.16772047010573893,-0.47890796798801444,0.16361023698125673,0.16174408681895538,0.92813580327445,0.94369763660806416,-0.27493036198716786,0.33557860942195816,-0.46466306444563116,0.028660778944537467,-0.39949809898525734,-0.98760832713894697,0.450676617296149,0.41525378043054989,-0.44167257484879358,0.76559087984890328,-0.085182734521449047,-0.89725880574999983,-0.20763689236564534,-0.47236378939776641,-0.42229694504541698,0.81654109302922795,-0.63697486641967582,0.63598872401918261,-0.24373234758324439,-0.66449146215002886,-0.53926129250415211,0.031198271132426188,0.89333476010621626,-0.18472129744042534,-0.35284170250919011,0.0094855428714176755,-0.84741621117350141,0.88403826411266295,0.063625234039141734,-0.34949678351975899,-0.69697641278919653,0.47323583409566894,-0.038675831104111102,-0.65155813697671028,0.50400744138830378,-0.49139449644998501,-0.87713156184620733,-0.32177304318189803,-0.60456655124046599,-0.59740380487342293,-0.39530806818773817,-0.80161848666978419,-0.10035006597272256,0.81957630679752924,-0.48937440862796733,0.74527365677813107,0.55362432172587872,0.75658186567964281,-0.99010614813958264,-0.019246062458837795,-0.38328837434745078,0.65908205680784748,0.97546616291135102,-0.081685740687658423,-0.93033424724740965,0.56193901840682903,-0.7937478779498478,0.32414126232715729,-0.20327971377943252,-0.25168379717350381,0.64280408124021082,-0.33466426423150014,0.023567795092666103,-0.26480888109087491,0.50407907736749702,0.92245268345622322,0.98823325810125506,0.95030226491688952,-0.019456276747725813,0.25217265675451567,-0.13358092317298614,-0.96873689817714415,-0.74793480516851618
-0.77041058517933492,0.94060264329076992,-0.80779653411247432,-0.04873390461673071,0.34232324459219438,-0.24176213011781625,0.5633997494540457,-0.53802730990723269,0.63907575005962336,0.46824144452855421,0.29714470374622476,0.82221140186484332,-0.59922592647459527,0.7064305177912531,-0.34973677194058217,-0.44641296729982693,-0.052963701246988716,-0.32108013072551439,-0.84812575190435868,0.20841375185154215,0.77244212173166404,-0.83760136493778803,0.16577908139774344,-0.3417332746146457,0.96252610445492626,0.8295021403186511,0.99791543045639097,0.25075202751278958,0.3961305512447203,0.57522108955585316,0.88000028153319443,0.43043916809060517,-0.27646055652260659,-0.84364201138152883,-0.9105592574668423,-0.054055421383622355,0.28680250396553181,0.19556021301234047,0.7282316435936016,-0.96463225913152584,-0.49054117715141105,-0.1048881148387495,-0.89276598177173494,-0.89934684762637251,-0.041418283087323843,0.95196297447116229,0.95319135290843127,-0.056823161821782785,-0.083166432498486514,0.48694622484053707,-0.68825625587003203,-0.47301608081298829,0.54806857134805309,0.55477546389589327,-0.53599242688894511,-0.0023839800281015983,-0.39829744731339384,-0.15896834225109996,-0.5151549999366638,-0.6599935855964677,0.37716006171155975,0.11716852793557238,-0.078685593164792858,-0.5616737852171535,0.67962688359944057,0.71420272194876655,-0.098429230256860567,-0.21716303189675817,-0.067743108164105795,0.56771749235088409,-0.36295639011583614,-0.88830463639777613,-0.77861285173072137,-0.93598841904763552,-0.9822964069004666,0.55933765759000698,0.24039502813829455,-0.058321339102534279,0.8397083686760346,-0.95087295280499584,0.78500724142707345
-0.94142097496523869,-0.011327383841440582,0.11256529054464551,0.81628284048678679,-0.35923485115040588,0.25232215310105199,-0.88150970145550878,-0.8773747607915352,-0.97752624749752315,-0.13610698645535013,0.050572118325813521,0.52643763818778799,-0.71694039962044653,0.50353729923590107,-0.86264130313558118,0.028302247724677786,-0.9430670373020722,-0.4872119460884265,-0.019088305489053277,0.51241062610625376,0.52832498398090311,0.78551875707037622,-0.018374831598691684,0.93420092422467282,-0.85059433242428273,-0.61255872712806025,0.48285688021765039,-0.14489435409933768,-0.70984455270388735,0.71710627715572817,0.63126702766986464,0.11743784215053035,-0.44144355564220572,-0.48291361068718724,0.89079227774146297,-0.90553161092140066,-0.29688873481420724,0.28598451282263304,-0.41612329589070224,0.02930573095002325,0.78247695312403776,-0.25130103184884572,-1.0038520275915681,0.8898691855712646,-0.90088149141253659,-0.26882398325004625,-0.82420459888211195,-0.93221074578098329,0.47790030334755318,-0.21156554599698646,-0.66169289095654515,-0.18138592848047841,0.31065618506335668,-0.14818489430165971,0.77999931268377498,-0.70089846866036665,-0.58229858183657945,-0.61121404891507702,0.24194305562198901,-0.79462542766958932,-0.10944197612135211,0.67671060840280894,0.39343427644350037,0.558003988456792,-0.55609626418867086,-0.85171226111701803,-0.56668992489517978,-0.67407691085212329,0.9776403466592184,-0.60718231618359397,0.37108117869548435,0.31191472792020819,0.63714084697216522,-0.7693907876550663,0.41475540232846059,0.060421857974294578,-0.50227222484209855,0.41688334008894595,0.20785013668396707,0.82823216606425132,-0.029844668608262796
0.37811796667374992,-0.69216448307096701,0.024649881667239814,-0.17297228406063248,0.31880934234354541,-0.24174919686269977,-0.30843196379919907,0.2087186015672885,0.68586875453441942,-0.59146702934424,-0.64334842476340881,-0.12672489106770971,0.49258650138939186,0.99040185745231823,-0.03511120983218971,0.91788761981738121,0.97548230337687214,-0.89977288596139049,0.77389647903339309,-0.72637809840008172,0.73099177095292378,-0.56567253282583529,0.95497633419579497,0.16633565108012008,-0.40187815759196127,-0.77851950707596163,-0.89509772581516089,0.71406435572624105,0.0030126376632107934,0.58853345232458487,-0.16456300837790397,-0.33202426398047791,0.97810854141221948,0.9063824680404291,-0.42677583411894843,0.88437526593091453,-0.96644651747331822,0.26566161938991573,0.67066943824696168,-0.64868489226133752,-0.32494688456744414,-0.75633533321126567,0.85057481294844395,0.6790321733501572,-0.46762553588383493,0.96623841346037009,0.43709551793954254,-0.068408819182696909,-0.50580976368255359,0.63158073969719231,-0.82336625736754054,0.61438216642119658,-0.29226223345924229,-0.55876507157559407,-0.2648328311541378,0.75645827219689443,-0.72412891204772367,-0.30601296254910088,-0.42478059878559776,-0.83135499634945187,0.48395490845742567,0.1867286644330812,0.56614194986638666,0.77327398828128913,0.89379996049389787,0.21827219183306251,-0.066465898433664392,0.80143396074383166,0.57424207141095807,-0.18528555252777004,0.86080086775574838,0.47134889036677591,-0.27195407468819405,0.66624255429904033,-0.80129997434003053,-0.85272200732375059,0.60500444569910172,-0.044599843776343844,0.84719149970080254,0.066077921488753757,-0.55379013461453752
-0.40536136955036922,-0.7913663915786826,0.87099807327596734,-0.84824667475035354,0.43364611149101251,0.090873725196330843,-0.15113613227044193,-0.17712133717543865,0.21413545754222763,0.94303114060695858,-0.63114975861009737,-0.0081890970167715661,0.38848923685644687,0.96581112187297191,-0.57792544900354481,-0.91781570562252035,0.44264466366946031,-0.18655197203788462,-0.56504880736059382,-0.14687307000435679,0.74312530204800864,-0.54637644155717158,0.44396728902101562,0.2889606541432938,0.80869198209924709,0.84693250970976164,0.24465919330117625,0.12717457542533608,0.41654835415726849,-0.93060787132958156,0.41716512776130515,-0.73601757088605912,-0.20028313952008175,0.89648691327252583,0.11650473120427814,0.84054489504962526,-0.63483417094854766,-0.74495947074535307,0.7078780582255858,-0.13809580902783022,0.60115854608295904,0.85691287409974259,-0.97286359987685289,-0.021797849959188178,0.061002587967819405,-0.80963158899110055,-0.7692094976504763,0.59896083590707294,-1.06877717628941,-0.4928525810714976,-0.52589422622691528,0.98677166638625313,-0.57308561512290779,0.83165124750806219,-0.38149973698755779,0.68566081110435506,0.99265278397576717,-0.72233392316298628,-0.27629602167099493,0.18664282292709536,0.9641428986450219,-0.24199087769470923,-0.83342162406160281,-0.69315812763833928,0.33292328365779023,0.8494313226095731,-0.74020381934041457,0.57922757948952708,0.15136552906419229,0.37413407425628564,1.0377637685040717,-0.30066043077483684,-0.35177831556856137,0.4499992948494691,-0.3858088180429764,-0.8262325696462377,-0.68914487331695462,-0.85943586847420228,-0.74098635734139739,-0.43023330473592114,-0.0030460996569683825
0.59576918158329695,0.45850865900206522,0.61543454740689474,-0.61058072708881206,-0.37984193862691618,-0.91421076213687125,0.65223756503470753,-0.8255045108899346,-1.0629882513195825,0.51145933849733927,-0.71248694047278593,-0.67253794543426926,0.83634793914413996,0.18826645347111437,0.033423648248120393,0.54208251811379182,0.19714446752557957,-0.75643055246125712,-0.70162452746862991,0.39481137185189408,-0.09039911559611867,0.362354183763611,-0.27330674145398803,0.41448702602575133,0.69295576123676939,-0.39396379666629611,-0.41063842751886742,0.63374063374429868,-0.81129148460473122,-1.0202198590586025,-0.75818089874439132,0.85522890317293354,-0.26979567926656511,-0.87258562912571092,-0.28135409363058878,0.81491438417555739,-0.025024711483716298,0.49994241411514945,0.74388479458722467,-0.97518383155681398,-0.84552968569241649,0.334146480098513,-0.81517123360177834,0.29765661545336192,-0.13788754243844634,0.93142393190962425,-0.81079540350751667,-0.56234914247430368,0.59832775313994424,0.2006931971515106,-0.068166308159103184,-0.51337162190611529,-0.47513485915569409,0.69238473579189441,0.36271753462411516,-0.22946425302940579,-0.35320476529339817,-0.45340747715917928,0.087415190103699553,-0.028866639093888931,0.56142717033322265,0.51127000288235491,0.3252398878531409,0.84281683967561516,-0.66115727306815242,0.75883276131002797,0.65717486754305421,-0.1248683722680014,-0.69238002103405671,-0.19286868962835163,-0.56755072881358426,0.05651637879474504,-0.57700620781662471,-0.93846333797995896,0.79104433673586783,0.52240714291328028,-0.97663021411890383,-0.15225103092186515,0.70268172362960746,0.23306804993313315,-0.51944352436761565
-0.42324913442312162,0.60444125135563775,-0.0016807563061687037,-0.91802173146420518,-0.65194170054579048,0.76834443618188097,0.98306296876063948,0.80178778031416287,0.04625717490137507,-0.89344948848094308,0.3707379653599141,0.034353385707073282,-0.77636234761793965,-0.16222340979149927,-0.74212980153026964,-0.74700990998814287,-0.18045994427605636,-0.73523663699603203,-0.024065705019376177,0.75872335600578333,0.8971431130636961,-0.12680049604465088,-0.71127533951496613,-0.40268084087652972,-0.7163494843738335,-0.76245206966081136,-0.64575107489869932,-0.34418374357436815,-0.57649073436750586,-0.51395052209400272,0.76199244606804151,-0.49108808646452351,0.64377006232861267,-0.64874330812216874,0.62219147968019006,-0.42791393311349235,0.98662424905659796,1.0545418731624669,0.49084244528777721,0.75085330420733976,0.73843517778094725,0.038060595014984232,-0.18477648892837148,0.35485667986998604,-0.11871435248909042,0.24619932926003188,-0.0025955273875839647,0.8492819233294735,-0.35159806994860499,-0.24629624298288019,0.65986157481800989,0.60333014925972162,-0.42104059671843386,0.84216788501472362,0.54834295172597858,0.13308196132880548,0.21495492892791129,-0.35325499301208341,0.57727411556697483,0.83023952475272844,0.56467425695519691,-0.89285216843456194,0.93135337390892392,0.045117707020926039,-0.90053920429105361,-0.93551490840271456,0.1934112128685799,0.99885161413901191,-0.089986356239721552,-0.51380152163004966,0.83276875597119426,-0.50675856032077127,-0.25391116951599307,-0.62262277387278242,-0.29249638917009818,-0.80275881979788188,0.24886426046894605,0.89487414249735864,0.8586735111771725,0.19558686127515312,-0.57738322712184642
-0.38519664319509916,0.87226435907467137,0.93674540633764958,0.29089978934270533,-0.36902623921818589,-0.78241241007669426,0.67165860089909624,0.8134317061093379,-0.75606460278843013,0.75472714954978304,0.76033162591554604,-0.21325831515398391,-0.18119887279278474,0.26339915992258656,-0.37267140978391677,-0.73542704715783647,0.6775157089814019,0.090662139249961013,0.13882451161746248,-0.3308743296236884,0.80855991887960155,-0.52851529311904955,0.50336635083684644,-0.53932440234844592,0.25346173081434309,0.30346644169377729,-0.24420598407944538,-0.93168292746371839,0.78469243285919688,0.83497117044220337,0.80074926114042844,-0.44060410808763906,-0.65532354083945321,-0.13018686837299501,0.80181875648699985,-0.39548190318311083,-0.031993559709994485,-0.072513368620781699,0.62036945248014996,0.082522444730918354,-0.56994729567233882,0.86094385886371705,-0.22995492281569466,0.87224626971593688,-0.16261579765161407,0.64740423986533391,-0.55607507291594649,-0.77689646248723665,-0.88257793524906913,0.54424990582313626,-0.69356789359078852,0.67244502968196018,0.37065788461554217,0.10280880530391245,0.78672807832968994,0.86108754811486599,0.34621006584035963,-0.93038455803600628,-0.56876047360858062,0.80591468542924527,-0.23616810274179353,-0.031469667937386037,0.92176372270185847,-0.74897584777904624,0.99430406844459973,0.98786415147827611,0.42421000745586601,0.17343238008728734,-0.024286902295268906,0.34326973676262673,-0.56070356913460451,0.057386279582412401,-0.33806296374621447,-0.43800692135279973,-0.39370068000443381,0.11947980155774757,-0.49773529410371342,0.36956118567487328,-0.92672667851444768,0.37566540890849315,-0.94636617256386446
-0.7551173119375052,-0.16581232190242334,-0.50583186690256654,0.87569830513293179,-0.20821652539926166,0.39219954011880015,-0.2860792359996448,0.11508347555936689,0.8821638828512659,0.44948606504850752,-0.3210793899570985,0.84910765658228649,0.68084942164196682,0.82431126935714005,0.25550547651987671,-0.39546370416732601,0.39227294723909978,0.021740705358377483,-0.60569871138404963,0.071279437821564193,-0.99042227328277799,0.19065319623770471,-0.18231654031635131,0.020806414498966596,-0.62025064038447664,-0.5713479716620653,-0.6410477453283101,0.77421666545410273,-0.073914471944591081,-0.88201635315319549,-0.6765651078908077,0.23517527022277318,-0.56874057670410916,-0.48457920555370659,0.028454261375967262,-0.66753461416773441,0.85489674830243589,0.90459555325833485,0.54209568895772475,-0.59837375658130909,0.92491657103671165,0.15584949475943727,0.38065705871597666,0.14432969170310528,-0.080328023724626899,-0.1942679244133767,-0.51362642775438772,0.90572418835941826,-0.78912038114202321,0.30628222634491697,0.012815727637824459,0.84415056330140303,0.18467386879665737,0.44764965509314147,0.41292610444578814,-0.52595927994853475,-0.06760528925642352,-0.63835062149021271,-0.35104359988927558,-0.88684349169037102,0.58634512386936333,0.44461340562626367,-0.7891393402739475,0.85504440854868391,0.43840137383996841,-0.16976654845982195,-1.0319992488326586,0.10968254963556609,-0.068167436306643833,0.59965633984879307,-0.92353571293505188,0.31159585500417836,0.85934684231834635,0.78681820509019673,0.48053221820743564,-0.59242819705836913,0.37392189038379253,-0.083973618004048553,0.48783725151451784,-0.48155040911378211,-0.76735684543480842
-0.12879659090771614,0.7883051936786748,-0.6021456443700024,-0.90569259345953068,-0.99630274855253276,0.43294967093781128,-0.90086259591944773,0.047235457578344249,-0.93075945665973558,0.61044316855173264,0.79547871453654195,0.41841528065627298,-0.8080111400986506,-0.040632210942304875,-0.48033220926198672,-0.88413590341229442,-0.083979987107377363,-0.0037294340206438419,0.86889918070096628,0.64839244824976305,-0.59191847671721209,0.098951375890543231,0.79165516854231099,0.79441925914812517,-0.40156639744733447,0.32869951041055789,0.32574562309371424,-0.44480079033654873,0.6370743213216955,0.40563664275441341,-0.21783106910167097,-0.82675995373521016,0.13957464096683575,0.55315683944446092,-0.82340463737611669,0.86537710468308282,0.63894945037341411,0.76430387279873002,-0.13729655487646308,-0.20863626786820216,-0.76855517249946859,-0.81895837642913338,-0.83513963821276505,-0.077033281248668622,-0.096032906416979688,-0.21691366866427439,-0.80146045468976645,-0.30022992798792048,0.089261253761689127,-0.57861324724579055,0.22704856714076271,-0.4186554628473903,-0.1164600140946308,-0.33799084279906177,0.74547260780709013,-0.77206540928958434,0.47366624076352648,0.31267314795638596,0.91340806210477976,0.60578666271907344,-0.81322874589321437,0.15690454850318314,0.82672893316752838,-0.75500119077947669,0.24275054443617505,-0.39433082394652547,0.29606448701597954,0.467323647486936,-0.88908505243428437,0.19804323170014404,0.64508427505750365,-1.0276207546620628,0.60844358663257225,0.9080913233672242,-0.98478069905523458,0.76034057030527413,0.0583830596170802,-0.65231563132843784,-0.3978871146790629,-1.0282957886192052,-0.55723785359761513
-0.26223514865085068,-0.31387657264708346,0.90606949216605959,0.57151061126163627,0.10232618227231943,0.52866339463517453,-0.54712091367616256,-0.096483331151594298,-0.19835774622905664,-0.36582453374903534,0.79597468973478835,0.23743943670035642,0.54717535784764981,0.62817902386665248,-0.57037532814787739,0.15538223105270968,0.540390322171455,0.42485572260578702,-0.11655338076375277,0.72621715707683909,-0.23301276078651206,-0.757275259677886,-0.66532867011117025,0.38591766533283883,0.78558308051556347,-0.14579048503635844,-0.8537919758072664,-0.2563193578922966,-0.083815474121889735,-0.6913707970255798,0.028927406629845859,-0.41733727861673525,0.21373777357534621,-0.81541942023686698,0.30178661503737064,-0.7583386529584516,-0.90166753211164041,-0.22426771425952835,-0.17231689244942813,0.90168552140410618,0.52690835737664443,-0.079254962374301741,0.18229255438839798,0.66057493874836648,-0.099664683984473021,-0.97547542216347205,0.69580768256480774,0.34441027309407557,0.63067562831781421,0.29177330489309444,0.36759987107008674,-0.11317699464244912,-0.63166691771725447,0.85064456682885159,0.059575561969024804,0.36814691859101478,0.64746618511023268,0.15525592592005111,-0.77653175601423619,-0.39132120584708002,0.98200989996882648,-0.49520068358014929,0.65665446765734503,0.8167923634255646,0.92594673620902634,-0.39932185810998511,-0.37887518636893058,0.73130694676669872,-0.96640417103333831,-0.13392124362627614,0.56473725658253437,0.52850327306011868,0.21421349541738605,0.42795361216533978,0.21958778819590147,0.88444297540727979,-0.72734877328984848,0.74576713934805006,-0.89567331966161989,0.25970490814924063,-0.12543299071379665
-0.94178587375580947,-0.22943489107207163,0.67427358289596562,0.73750204704385869,0.73443895453515706,0.21115446074167793,0.0014712643035200573,-0.80664650054773945,0.11247656699908506,0.71483864676246134,-0.86152789053049017,-0.44835132982987658,0.49849824668885678,0.44037899794217089,0.14393519450328571,0.14863518706801326,-0.047991610759216638,-0.74371075975394385,0.40831883113665834,-0.97441752399890624,-0.61965873663576176,0.91383579501981227,-0.071016522391841239,0.77625963199389492,-0.85190987074721847,-0.16227116092464008,-0.7123965489352666,0.78800005432640641,-0.11241875436366693,0.27718670260677025,-0.61148198936470832,-0.76831377014344771,0.079682132016928517,-0.94308967725665871,0.31893400909017339,0.95021987284258325,-0.11185745660849568,-0.29942700038979309,-0.58591485730395798,-0.936184947562687,-0.24914656545939942,0.90184021791855107,0.029070668014535665,0.7393506864170335,0.4807862833027019,-0.441983385376989,0.25560986207557684,0.49741559024454224,0.59660646404090956,-0.37218892903090861,-0.1846903650295908,-0.51164077525009377,0.22790528021310696,0.63530732271143497,0.24292990825873439,0.5803930424274778,-0.18961719338577485,-0.72809619155350436,-0.29755368992265818,0.47447174681880333,0.54938056233156263,0.23110435182176964,0.99616533155384168,-0.30376880115253591,0.82255798198632668,-0.34482683018208793,-0.035636126040773569,0.29583548508634055,-0.54495300621120824,0.46691534234546578,0.40261779383881702,-0.78868759320059412,0.80582094518289871,-0.9126021288760211,0.13716968014622946,0.63961746201405634,0.12592504441972524,0.41125877721771881,-0.016355253150035727,0.95259723098992588,-0.80745246795917469
-0.8029436407624676,0.48601176314808769,-0.96749042359958426,0.37774172670159623,0.57414397750728963,-0.15001987580814821,-0.74136959067430475,0.56462724347126003,-0.38242718674066406,0.55004527490305366,-1.0049343010380278,0.47066506915108419,0.29272612701764844,0.46539405310832616,-0.8244598528591266,-0.78299868849851295,-0.53208004102797546,-1.043668557842014,0.52241633549730815,-0.23697437830505164,0.098417487626830363,0.81567519298718394,0.56379652423052184,0.050316849364354106,-0.78944350769623839,0.47499099221466401,0.62555807779552164,0.79332872142167088,0.1720767347660665,0.37986478754637931,-0.59490119523265461,-0.18273219214507908,0.75589976137992831,0.56993439221224651,0.85933082178318421,-0.47735100908893802,-0.95368360590831425,0.91488280013754797,0.36695822303680797,-0.25398160908824435,0.41817865221139278,0.19577155044779757,0.14133321738292143,-0.34252987561432552,-0.22041516059033953,-0.12036437826177723,0.33091173614023661,-0.094514921270677024,0.66903760084980102,0.98852185258552627,0.26759337423113982,0.050415556910395454,-0.48551143749323145,-0.90924396550785236,0.75952978637849533,-0.54631861487585165,-0.0018195146219357147,0.92280360568579012,0.13478480983375268,-0.69803424863552865,-0.40629830795436178,0.080562588431117285,-0.95700158251981982,0.63934768871102854,-0.94828040904640187,-0.73336753052558823,-0.36384986626441929,-0.040997519162946285,-0.20482543340493767,-0.37091714404271436,-0.47311190816405069,-0.77618663338905536,-0.15416146985328349,0.072350810155046658,0.82912932869893663,0.077863900207539097,0.19646344441293015,-0.26003497719197638,-0.7858825610072937,-0.20832413348365636,-0.78891361461100395
-0.51968549081076454,-0.57122209825355164,-0.73058647524332598,0.90364600805572393,-0.66331017429300432,-0.31183947338550044,-1.0045637003463324,-0.20275412774098803,0.52834448862387007,-0.031548919166328321,0.29583717110720897,0.75439866742182238,0.93378007854094736,-0.74286234131132278,-0.77579878282738812,0.55878635838962387,0.6089757207170492,0.076623243837767183,-0.63306341955879675,-0.12509396348954632,0.17564781677704513,-0.26607907090506339,0.73472431387716552,-0.35239593624764004,0.70122763065182792,-0.51396633597836716,0.16892127176183525,-0.49398139853945899,0.17955216542810859,-0.9420362143342873,-0.2887564761118257,0.4255421893315785,0.38715278924841529,-0.60363535919984623,0.42161692668024386,0.70192075982158098,-0.066841476105582401,-0.41977725667954757,-0.42135107680569411,0.55586689786694676,-0.4707058939162202,-0.058575182119846345,0.051432146734630146,-0.45860350771970193,0.22233954473317161,-0.55316199769437835,-0.17584571485263417,-0.57511563278877564,0.90105091544245119,0.48112706015332463,0.63675550968720263,-0.92330186683425108,0.13514066695645788,0.92846721224589879,0.21684675043642132,0.04890332447887475,0.33677772013202978,0.0081557034555105254,0.56014407817728495,-0.4291928050783248,0.54592246009669398,-0.073380780586547123,-0.11412925094689348,0.1218774507264697,0.066418260112154778,-0.28397848843115447,0.69525185554398983,-0.022890225755107779,-0.55232515990096687,0.73525872861689556,-0.39115594528787051,-0.17538745773105954,0.22525490044818738,-0.92529263270094375,-0.57267199771740407,0.24394808678319505,0.89044411253504852,-0.24835892728962661,-0.96317371266335217,0.5597872484402111,0.60371793218072156
0.43393190731843911,-0.68600379810139867,-0.85584274885602241,0.20957982152342616,0.77939178907362205,0.17975232503082414,-0.61263772321690868,-0.69688231695311886,0.7078258895225561,0.54066630100640389,-0.9558746038035929,0.86221186538763395,0.091333186214165668,0.83971833708394117,0.75917145163615585,0.61134753894918969,0.26023425699342845,0.33188720912242914,0.21243214791198239,-0.030826503572795316,-0.95283175723910674,-0.89637566649544087,0.62002849313490815,-0.014052761822708952,-0.69987997269549473,0.544533054063286,0.87331659211922741,-0.57124023273768232,0.13319087172138266,-0.92695970335389011,-0.16651031995039434,-0.79874472044383837,-0.56799823630050517,0.33772453129464225,0.040636936161311504,-0.091846699674319882,-0.19984592139644655,0.43157545565479755,0.72573034611942999,0.36788286754687782,0.58974555398054163,-0.9342406935674431,0.17773213741496369,0.85758733304265289,0.091976034122590339,-0.55218722469779657,-0.1398364181641473,-0.80028975533834068,0.78184585576213184,-0.61765251816744859,0.81651547165857341,-0.32639753438682362,0.066638232851919721,0.031887768205802081,0.067728362161208588,-0.22940638218819395,-0.40532819669909731,-0.14803999835986029,0.21566507868785534,-0.65731824044051834,-0.60494563612751984,-0.2721650681781228,0.13122174211836934,0.32542589511684267,0.97373274428384549,0.51588251072170621,0.65487097919973214,-0.30182983305286992,0.09751504740769644,-0.26811947953205667,-0.76582888215264888,-0.69902727983595092,-0.90506153304084658,-0.88487188624842028,-0.081416610552566576,0.39829383264483648,0.11449559962207348,0.18839231824735789,-0.58987120113160052,0.10859276581953714,-0.97970797676595645
-0.96242493194169065,-0.79231953794499976,-0.60184677512277551,0.53701129108480372,0.55974456698162467,0.82369224326647095,0.75910252118532384,-0.16366381260062343,-0.68303890161294389,0.077792601871442144,-0.55410597196449429,-0.47916617544818529,-0.24228987551618417,-0.30979527390143285,0.83564651254742117,0.94710032625754992,-0.78935633708143049,0.73265781157438037,-0.074562237926992611,0.079515259873339073,-0.37098848395045803,-0.46996009308438974,-0.74009091862843812,0.69031856015165971,0.090561275678715636,-0.806743374575278,-0.93928098501080481,0.21515708824169572,0.099814365889697471,-0.18125710730918768,-0.83739206124160259,-0.74299177497099289,0.37100586149069625,-0.0019349478132746276,-0.067737661242988592,-0.0058628375755157575,-0.95562575992645826,0.25302647010419804,0.61853776493339185,0.48875432547531411,-0.32076746719646054,-0.35315759989060697,0.6013146058110701,0.11290674879986465,0.66235994009271693,-0.47184130812912406,0.77071783053004428,-0.7942829205823112,0.22587221622036388,-0.56851621038659761,0.82631860798680701,-0.67044629098283981,0.96774338300376228,-0.25662301113862029,-0.98928884763624814,0.48443118644469513,-0.71475289095142702,-0.18416560064558379,0.74671829608548013,0.26733757964448668,0.13091998373547006,0.78069761281483541,-0.55060746302185604,0.30251825283644973,-0.71390471747987028,0.75424943928900923,0.16323161651499993,-0.9086697561332111,0.7467672963360259,-0.0384084333442982,0.58509793615450312,0.65407445535975617,0.49818238957330668,-0.99655784898092781,-0.79630228444781204,-0.052135032242582896,0.2045810660564012,-0.44619448565180747,-0.56562895239168864,-0.79995192879195698,0.93702442745027048
0.97303435482741063,0.054114674604902997,-0.37558323765160601,0.34700937283071048,0.50610479097766536,-0.27973042220450822,0.97473630016531543,-0.47404282888129345,0.4698280332626445,-0.41197910976828078,0.6510986044970013,-0.59566068105445413,-0.76224550937956359,-0.36099067018174053,-0.13031515031178101,0.30366600722404091,-0.010437822914646774,0.17218675013127743,-0.62328782366245128,-0.89953288696041955,0.28970336793616591,0.47899737450213969,-0.45249566578973655,-0.3621374460100652,-0.63957483568800755,0.45872856439173748,-0.34762159442417079,-0.0058857119777573604,0.24974550560435779,0.79378128169238715,0.89971828400424325,0.046432887705537731,-0.26922008902383798,0.32347796954092101,0.5115069552135979,0.7603237008798488,0.25509484057645171,0.94741778198163129,1.0102543900341421,-0.19077367568201478,-0.7643544623423183,0.80032828730669892,0.3483405237702753,-0.79599225307729526,-0.43577434467985771,0.39945903641553365,0.94077062264931954,-0.6667006588350487,0.19703059001158596,-0.86141987791909169,-0.2964785852386409,0.16228347767706497,-0.28326614036950248,-0.076551259201360633,0.41620762831051938,0.051076861707944489,0.43391827906560571,-0.027473140870030274,-0.51884154674296923,-0.70989024951385804,-0.12632664463321303,-0.69649774687840837,0.86732211031092799,0.69559041732514448,-0.18296872240701498,-0.8218873880159917,-0.58039412294571779,-0.19381434308853046,-0.95566918050419902,-0.3219510061708577,0.84114705648498778,0.3148481374153424,-0.66602674497471404,-0.49665447617574598,-0.84971058143764455,-0.48905025894639104,0.5205941075153202,-0.182994308261552,0.1459717714229728,0.32019854055159919,-0.055509341557122761
0.87140327088535674,0.54753712480920735,0.507080608386826,0.088817798090595507,0.51506519315009236,-0.98161836692588134,-0.56796292535977444,0.326950083359625,0.91017119775548172,0.30207893598288915,-0.62716623735372545,0.021687288014550735,-0.56158235820325464,0.049799290585422394,0.59043027847894236,0.55565821415652028,0.32461539395868932,-0.87814018186680953,-0.38076211359318168,0.85035171086401851,-0.33082232770433301,0.28308482376438454,-0.25198434917583301,0.082921817544468771,-0.54704479266871786,-0.00033981751928014391,0.40614582318691284,0.37732725338442608,0.96791601092405399,-0.96862539386440982,0.765243503193903,-0.44349533688320825,0.10193987092853443,0.57048266606045794,-0.77016590528215578,0.55781374489169044,0.85168303632882225,0.88347955483179508,0.839849819480463,0.091009728846567842,0.88874399472277843,-0.45866275416372715,0.36269921073470651,-0.72979341862665692,-0.26089523375558737,0.50697801774552664,0.015150424024526802,-0.38175255927461943,0.44118915954528398,-0.61500867495464973,-0.7239228930261612,-0.55659783482557268,-0.70471038901963445,-0.35919341213277534,0.93715235801197205,0.19099515805345615,0.59656481963090724,0.71996655960493117,-0.7799731484716893,0.1734068840045255,0.82716156932587059,-0.39799691037170121,-0.96627901797886451,-0.20638344035316628,0.76987063965724212,0.33641096559795386,-0.98583904960969959,0.9351231514347601,-0.084571452733076757,0.21761395873086262,0.38588536393468786,-0.99569517308752997,-0.35594864744807891,-0.62793994596105285,0.16851142772438274,-0.26437764763839983,-0.89785146589840314,0.2642858536723155,0.29477959971529288,0.90100357169089385,-0.62089144778202787
-0.26333201816604423,0.42113504626186693,-0.31651847094734953,0.77346485159587941,0.6700437734035779,0.54444123782926368,-0.56836080038477943,0.57986430235792963,0.14818530187012685,0.38761310737439697,-0.26034962644808907,-0.050504478301034703,0.23353423205020127,-0.13216128543831973,0.76574466343479086,-0.61802333209407856,-0.14708145539292264,0.0080362880050780065,-0.76322382014449619,0.28833101434709663,-0.33063644634186512,-0.58494055207019502,0.58253158776050462,0.97940093370846992,0.70645457324133942,0.24269389802836397,-0.82322610382131489,0.62560611854788495,-0.40608693055749373,0.56590970319497058,-0.7298291073057297,-0.5324326547106536,0.21179573110342717,0.3687651074663858,0.30069498197992095,-0.13777141244264665,0.13002427684481083,-0.52966498254486372,-0.84990971867813803,-0.92315012364301308,-0.68541685278812303,0.34785502356855647,0.076701680352784699,0.83751571555050897,0.71421957033827244,0.75070806714064098,0.13711160069154696,0.32941888411269032,0.89693434640352543,-0.59732748958892812,0.11691018084020777,-0.31463894618866395,0.48040977715574296,0.18597057755933388,-0.94822238016787386,0.062354388172417834,0.8023147403492229,-0.80392876407304725,-0.86462622234923947,0.38368758518501117,0.64290370858769086,0.0098389491690607008,0.45003759838118684,0.42067840873078677,0.080333678973762049,0.24892549971561123,0.60394221316622942,0.28077389673295505,0.018782655791818099,0.30643285076892263,-0.57294029479789654,0.23240453546382916,-0.43115776762670044,-0.97903102102187689,0.64080295516737884,0.047765368837668257,0.49358563179379511,-0.61772482536130124,0.87813398347216665,0.53576487069023671,0.5288263942553435
-0.27209690806033021,0.12061890496687125,0.045417031807690002,-0.55056636719224028,0.56873224844001991,-0.31736520082402164,-0.5829315150033697,-0.39747755391345929,0.87758386987827974,-0.29055472306584118,-0.77225583909639384,-0.15151149964085905,0.96643572985470527,-0.090154579523163775,0.10503659573159896,0.53199014480946927,0.44178750967603297,-0.45692673032755154,0.55496857148529766,-0.59887442459545492,0.90907423783781305,0.94697770914973378,-0.25418906801015567,-0.25449380010008493,-0.45803175062957463,-0.025317660263021482,-0.023708979768656612,-0.27131331400055358,0.36936678395202988,-0.65611384841835929,-0.0407617970075538,-0.7608880856843433,0.43159261485798817,0.92755502121916722,-0.7890105316649485,-0.4237052419290715,-0.13694882785673052,-0.39457024068105484,-0.53480773799598202,-0.44156480154473698,-0.85149010896717592,0.50623348859795148,-0.67902745240201456,0.68610503437279469,0.73318059515365375,0.13448928799905865,-0.94090454548821789,-0.48142030960071996,0.77058649828363956,-0.1575188684865314,0.66417609431059188,0.8103247922568606,0.35117975938080526,-0.85885423040735898,-0.49653919292116355,-0.23595564417607334,0.097537746611708095,0.54462848852340207,0.53917075979872209,0.52976798813549841,0.32407193061976153,-0.54216456702051441,-0.54335537184498828,0.70055780514803778,0.31969808153462109,-0.10876825102574475,-0.068498196995949806,0.39301238545762579,0.6657017016711646,-0.33380120601719471,0.69758014335618268,0.52027169964034381,0.37401359980364107,-0.0094373934257852878,-0.56065497146841226,-0.082304860055085985,0.79660452738436738,0.57792950892152561,-0.1252515955167427,0.25173161231430052,0.70940809569324415
-0.98838852021311674,0.5208895794531786,-1.0253188660178847,0.40303873611468533,-0.33441013119381663,0.40018412642293272,-0.15061524549213226,0.079069130683125932,-0.89819444938188697,0.91941349153125917,0.27586783198627152,-0.37552234937712953,-0.26517135873679426,0.61988701341571317,-0.32678618170079338,0.57325176350275309,-0.37432321871732011,-0.95153572465486647,0.90278490552285029,-0.49499189036141095,-0.77380791905182755,-0.58307496088812805,-0.044909934350549206,-0.55370527796093161,0.23438791578888685,0.36326724835211038,-0.59162556811415778,0.089640654882396045,0.40924176527260608,0.75156567973801547,0.39896696206278043,-0.68919629378573355,-0.42287283020015137,0.57434123079943677,-0.41406354009656327,-0.94286911754340008,-0.81955499725838665,-0.56224615843596282,-0.33407307908752448,0.86968986963679962,0.11880637441421024,0.26977658873873889,0.35715142833086899,0.045879292822925778,0.93296151800098892,-0.54361260020701541,0.91001438157901926,0.68087289816909413,-0.36169448801576953,-0.85381148453570566,0.77189950757582015,0.22027101449738162,0.8168399191327349,0.4846763873571398,0.11712922574307916,-0.24597910536666048,0.48385506330205097,0.33795645864436757,-0.53683599267983606,-0.50700365711718154,-0.47109407734139358,-0.35572010797184961,0.56736513941689937,-0.67428577370103937,-0.14678044781154567,-0.28934401234857354,0.17354189312635451,0.33900854914774586,0.22953683024351862,-0.28580879206085968,-0.58999166078329879,0.23114350302790587,-0.60597872997272328,0.34364211571808301,0.53395357376378816,0.37796715374123374,0.44697997586427746,0.35099628432290408,0.38349188974021103,0.35779133499273369,0.19623817945058519
0.91961441300154567,0.85267113596700272,-0.41824823336064354,-0.55761063437142422,0.80069656122910471,0.83847060116134875,0.27869049872469392,0.24662011946687198,-0.86978505400004802,-0.79933981547877841,0.79054974468306605,0.0010503664184896427,-0.2981043611131815,0.056270221649763419,0.68673284817633684,0.19281363902048967,0.56830553549654639,0.10815695389894883,0.43045346671643109,0.55367136967462494,-0.43944906017323732,-0.2120186521035223,0.74888860154165726,-0.61128082413128404,0.88844293936316532,0.31156911321613528,0.47525830843305483,-0.99284241286287744,-0.90878492088455987,-0.018475223241374114,-0.95372919053293048,-0.74534229701814625,0.81208834670702768,0.2253927753645979,0.87057968246174477,-0.027119560491858815,0.51935765855817229,0.30853379985356155,0.89023838502912134,0.34161426914107296,-0.51599960407103562,-0.61778476942051719,0.49224838925034164,-0.1059553553082592,-0.24603013495272144,0.28927742280707536,-0.47788128736828672,-0.37447480414929324,-0.82430693454977688,0.12465271479894652,0.41212167151950374,-0.41041492615393849,-0.21039789016086341,0.43600492883195363,0.51346659652577431,-0.14102897767967931,-0.13055862418145464,-0.0018668173601305421,-0.41707980217078278,0.85630054432749558,0.011808558945595224,-1.0138403923693402,0.44338942709425111,-0.52555962000254286,-0.86360242140637344,-0.34695511327554318,-0.57455203408065969,0.39895843894154359,0.81899242550905182,-0.61894588929341543,-0.25805757022669801,-0.79538521705327336,0.35259733969326312,0.051708801945752093,-0.4723194173333089,0.0022994035233768065,-0.57703217141105945,0.69765259903162791,0.58742846586914077,0.020670628598651642,0.69288493107232729
-0.36312848284494248,0.77128043732259488,0.17288486045252191,-0.021459424951232885,-0.88639121885509997,-0.57311610291446335,-0.87859869616537001,-0.054380988715081027,0.74965393116307921,-0.7116127786992662,0.033460300479034477,0.59561798530936116,-0.085870846298868486,-0.85340004280663195,-0.41512424298437728,0.15951743857557982,0.20248591359875209,-0.54034884622352275,0.30434581330344168,0.66262215660881463,0.35498058942067295,-0.31919546554408967,0.17115314576405186,0.32985350598967272,-0.10077972479834313,0.41330622201892531,0.91404845114535827,-0.48321245922893125,-0.52363407095455838,0.36190075394891369,-0.37913604645089799,-0.55913099147161105,-0.48232539234453364,0.37631138180534585,-0.7622380399470694,-0.87462770012315183,0.24098396067986549,0.70362393431000902,0.68987651369002578,0.62762878258810728,0.63754099036435263,0.58210642319658579,0.24835035226945809,-0.96481300644581869,-0.21034134653233891,-0.15750849300783942,0.49765654531369002,-1.0230980728600696,-0.088334036932778054,0.61399094673942434,0.35509332602349719,0.49416199852857035,-0.59137103428648241,-0.25829646342207779,0.16541874125293043,-0.62951689148985834,0.43563763543537742,-0.29964875606956931,-0.19210870959774021,-0.98506922674860453,-0.84453969323288336,0.34074810763073049,0.65908503472858804,-0.15542624664371982,0.47418979168241077,0.9790907428809893,0.46047289139060693,-0.73032636012436747,-0.98732690751295327,-0.49868363091551815,0.53807212869927745,-0.66454928790687007,-0.30120519414361419,0.30286247083398876,0.15026765142397916,-0.029437469493595853,0.15165380756225594,0.10460772963702861,-0.2308003771550973,0.24783004876721701,-0.35885352699433337
0.12936049242684972,-0.11828472806939824,0.57492039191199196,-0.36807237974435775,-0.79446810733840234,0.82860659882904841,0.53792949530654377,0.18583044966612713,0.55748922753177277,0.038186336240997723,-0.067232113555960843,0.84590207326125155,0.07808838865971543,0.66541215311042801,0.99757101743815102,-0.92501868010031241,0.43865322445481286,0.53436345163823973,0.99546767944813397,0.17559832686174437,0.65951459726311445,0.29367364679591451,-0.66930654213954999,-0.46633093673084242,-0.55576677986984568,-0.06863614726384977,0.31745536077147296,0.50136749802030467,-0.55299423522866697,0.44815738906232533,0.51343382918944536,0.65661428671506228,-0.17238705036957205,0.19478035383912015,-0.67766925917041865,0.42940788551923126,0.61965610058529741,0.74546795496704454,-0.84574861006646906,-0.81379051146113002,-0.75232101168328636,0.84124083936009297,-0.29841955613340415,0.075375766068382921,-0.80919015345074785,0.64115073030664094,0.17983034359534678,0.80728468082584215,0.89061595722310782,0.81145910143094335,-0.75305429546863767,-0.089759644913718684,-0.89119802381197732,0.94320312174824483,0.68202497324805056,0.016036157723183658,-0.043182000155505024,-0.66085118363810869,-0.81828335554319864,0.46396052353694683,0.9159513264545267,-0.14958996868786806,-0.5708134365130666,-0.73872641273324247,0.10049411799587836,-0.67604353673998119,0.22893531500736111,0.92596541295195156,-0.064155063817412331,0.45208487055507734,0.89617916688669141,0.98520755908488511,-0.93052996024116696,-0.75781936630610902,-0.74456266759024003,0.3093309493364173,0.29946329738818206,0.55758107925550804,0.70448114579191257,0.13930797756531366,0.88227034052422226
-0.077411433348930636,-0.057057240744045237,-0.47973137548866213,0.97285999909541543,-0.069967510581352255,-0.8173436363666613,-0.26829841326644666,0.62933201593743804,0.48066564389727212,0.98497221959816661,-0.94980383448964112,-0.8618014956065575,0.45833056417418683,-0.066283010556040939,-0.041721024298736573,-0.16926985105896999,0.90078853167864625,-0.076167628210296365,-0.80085620534400781,-0.8526788206674214,0.92713307380943033,-0.30644067121898316,-0.82744757077487052,0.20034559663234747,-0.91253227106055634,-0.13936883883534879,0.27639451738551452,0.38242007160455749,-0.94723919824891467,0.59946715305878762,0.55388900199605062,-0.50261271166642274,0.40108333382713413,0.37241118194689199,-0.4255790924143617,0.84110170090080782,0.90181287298343704,0.69356152842724761,0.34182995175581737,0.18167141573294088,0.64614774640028716,-0.067322486282777608,-0.50509887340854631,-0.28649268015293305,0.84799633939439101,-0.72051817609572189,0.89149111615935317,-0.13294090982760398,0.062135434666496049,0.45273335599339287,0.87577983644547208,-0.13842482720235116,-0.59908175500573613,-0.034343055944030088,-0.21362007692361351,-0.95485814754617537,0.2780839029845299,-0.97185730664235026,0.85768710190622721,0.31912438323186249,0.38500967543361347,-0.78524699555528521,0.049893388808707757,-0.93576245214300113,-0.013920982947298778,-0.67067094575470232,-0.66724588385104644,0.99000689249896301,-0.71366954119909987,0.83548978947156338,0.086981773276601684,0.71398511676896204,-0.010301570587090293,-0.59999673224571715,0.56234125544459479,0.47347965373346201,-0.80610499291327198,0.53773266457914615,-0.1272475711235235,0.45394271760749388,0.0080293528087042165
0.40944737134401532,0.076103511191991782,-0.23421850851833009,-0.81312053018984631,-0.73743747468584886,-0.51781823210101652,-0.56074464623281739,-0.76396277182734029,0.63204125217894414,0.22484075686923483,-0.09770997916472092,-0.32421221187923904,-0.31478386899095395,0.59764657481855354,-0.37389817520245733,-0.51320774887745102,0.42089764649066153,-0.40580457717606777,0.16199054340926697,0.066917006195458359,-0.38050483773283489,-0.45853723076779662,-0.3350566637338428,0.46769690009089493,0.081418698653086735,-0.90996171705668827,0.6971619063545994,-0.26396662234490997,-0.91891926252465883,-0.28850474345424693,0.4470201915899813,0.86923679009188881,-0.39123186497708573,-0.77408676620242411,-0.86655502543918728,-0.13850726612890429,-0.44257316248977135,-0.83534723497117225,-0.60201893665901984,0.082418982037796101,-0.029677006150677979,-0.68197107124714951,0.18608342450431875,0.23195047997241081,0.58652960318343639,0.78082183676937245,-0.66187189546257674,0.16564414966205468,-0.49924592485241931,-0.79439770955599709,0.39364692614989027,0.022321266290060038,-0.033226352975817441,-0.81984721260985305,0.890521516096211,0.63426632379620951,-0.45221591089255575,0.95853836523885871,-0.14852929016900457,0.74288908825844135,-0.43292205621353608,0.46923590225464845,0.23022607929231573,-0.62627657945050952,-0.7053094259096766,0.092328146976479175,0.56771880144628861,0.11989555680250118,0.33116004090796969,-0.35465201489467429,0.60597675858874755,-0.54553000516344186,0.11990266612852316,0.29641904177590833,-0.68474565327085313,0.39488726015052944,-0.95012462647584184,-0.69506716055226969,0.71065877141604439,0.91467236422031684,0.76974110347903291
0.14887773226553491,0.98799449302994891,-0.78231546083458137,-0.16703458904732607,-0.87702403023924236,-0.53367648878343477,0.27272344608280696,-0.12636382433318583,-0.2338686224571733,0.078548891944194038,-0.050995535540865951,-0.86407990006969015,1.0421612373880695,0.77101817061942923,-0.44273900058018056,-0.019462866176686595,-0.11959573240549455,-0.30689236616512411,0.17797764230256138,0.67734184737595149,-0.85550061357479557,0.60140839533422608,0.14741205583278144,0.69996500227800629,-0.83368907131883951,-0.74814997294825847,0.032784958928359802,0.19769522233454956,0.32340560558515363,-0.057813779434522553,-0.7035431147104777,0.31324337144763881,0.41935720340525695,-0.84383287741293977,-0.80799577849905446,0.095650162380524886,-0.0060204083045923649,-0.60607568663811151,-0.83198730605033699,-0.25238446531710668,0.56106129431343854,0.23957062487351849,0.64620454981081132,-0.88821435928642267,0.34479717394630655,-0.49025134833533052,-0.25141992246965567,-0.90182054678646661,-0.016207691897489027,0.77628955202151317,-0.82666646790206055,0.96076976067620001,-0.89561740249774868,-0.10198348736350726,-0.058790432626442457,0.93086062648617129,0.39849966538382037,1.0547864285313733,0.52769435947598475,0.67958393241289528,0.95410304062819118,0.16952193133596852,0.10013590039469759,0.26928587442124735,0.27936284131676481,1.0343959047457612,0.15230104494285551,0.95734493554796074,0.54526658161467234,-0.57427707319899335,-0.1225838049225553,0.97375364603269288,-0.74600162072550236,0.95770805098598888,-0.81156144461996704,-0.65250953579359772,-0.18908924656495221,-0.57971719735106564,-0.44680496187537211,-0.36066687919681911,-0.18148646503719462
0.46672188618856347,-0.38840537789112523,0.023991530237078743,0.90121125727971807,-0.76931608353715242,-0.8220378896083449,0.46268802143643695,-0.40475867743415489,0.78176625468266447,0.87335769108286376,0.58444500303795988,-0.86214897390585499,-0.1340580518554528,0.79671220682624688,0.58319960245921487,-0.92707284250780453,0.23600962964362263,0.037416794889759408,0.40225838647187107,-0.32805174505757262,-0.51197355605686989,0.90613452104225822,0.29720389989262885,0.20881003431290274,-0.35754120918573373,-0.061334183159724665,-0.092600598424313119,-0.45624021723416408,-0.50197773322107653,-0.1343556951360878,0.81021169591570952,-0.35830629177479462,0.36643648905229204,-0.17409068495979868,0.63567297339257156,-0.81612503499249112,0.43973615103292429,0.19903464599231438,0.83558881213427594,0.15032816895867421,0.59118721957173159,-0.93926664484095646,-0.39257921048488414,-0.016803272155139774,-0.46994028101848578,0.19871700980355464,-0.090140075411944159,0.39376799296948395,0.53456148761583844,-0.34024137801530524,-0.86802434238910564,-0.82680636613744274,0.96257926029937946,0.42102001400338307,-0.63342671272537843,0.67748711413131157,0.78156907521497099,0.80635393793894405,0.070683523378302734,-0.76314237591577605,0.7772730209888401,-0.83584753315571869,-0.53829808518139377,0.079754654417398457,-0.850980310870602,-0.034739662791623382,-0.42363262507692945,0.89540160901417942,-0.53231843626415021,0.6692500499829197,0.055585309523780164,-0.68914517548552268,0.58453378816395329,0.86695580190978483,0.30006626748338933,-0.13187646924698043,-0.62186460414821287,0.99727342916739792,0.42365254281183373,-0.32908509683774811,0.70462935265518023
0.94989516035073762,0.7025493722471633,-0.40285716550727163,0.080920649550796891,-0.31181116186015723,0.51149940147447492,0.26908810502391034,0.098682248965555733,-0.3504622121245603,0.5178297644480937,-0.94111604087052125,-0.87280618683967026,0.14593485675408413,0.17248566736100376,-0.40864210896517117,0.84540890117000511,0.36181320374027637,-0.91477547867334108,0.43448893322327259,-0.17903372385671551,-0.32900079149306005,0.86987358156903982,-0.18623552937037668,-0.011129518109642958,-0.74855121933189739,0.41183382943525199,0.1705846061717001,-0.83358660393243733,-0.34400251610664234,-0.59067515144840599,-0.19353761116896195,0.91196880979841455,0.97184977205691281,-0.96695962519033896,0.99979516029120097,0.61623731027016493,-0.58132192350638578,-0.46681522511928969,0.29562228471473195,-0.6032657893629827,-0.68646001852637728,-0.74363325051887774,0.63438534671595559,0.17287020043690549,0.96496727821904904,-0.17326349708989863,-0.58697953836632011,0.74266870906180427,0.38975453980615576,-0.43796738323127415,-0.15532297370104764,-0.65993467038547227,-0.90992461223037413,-0.45911541094003139,0.043732404610526077,0.8160089051832411,0.19769563050786676,-0.49542874526418645,0.5048899123152023,-0.97232048020780892,-0.38279974011101031,0.18057114630751614,-0.49458099692425078,-0.50689384894691469,-0.47034789305947911,-0.93361885521047672,0.74341973185441368,-0.18544209576472084,0.8507428991594066,-0.68532488240980294,-0.078235611734446514,0.92186470283541566,0.93358884432141342,-0.65815883241024908,0.57898137505313441,0.22164957834395974,0.93477654654825892,-0.21016839104556387,-0.077447000013331962,-0.53576175550184735,0.21063034491217542
-0.26056714295504396,0.98508869681960909,-0.030735930894757988,-0.38433387475950948,0.47041277131034115,0.50856357967494825,1.0247428602514215,0.86456369651071141,1.0304938812261821,0.38941747865057935,0.79615734520200887,-0.87133199252031457,-0.57719754913974286,0.28859697101204895,-0.54036865947417567,0.29786331111509323,0.30490991957054697,0.81206393367118468,0.06634551918654874,-0.52402048796455836,0.55467529423928541,0.8021945348144961,-0.18838852407124906,0.88438342012366133,0.87406805768327245,-0.16131609546703268,0.12871945977811119,-0.006097503801678711,0.65437656526592747,0.033994746880449823,0.42418253141013607,-0.63709891567605803,-0.30740379155066955,-0.40144972475577118,-0.39909375835322802,0.73487914157345569,0.41957419377382404,-0.16258509440969127,-0.12379242975734422,-0.86160155684736905,0.16237760959871739,0.37275558881010462,-0.99535049586923652,0.12938368696447436,0.91522216802901768,0.98665812219864757,0.95333142868015486,-0.20750471514965488,0.63003266673597391,0.24118731628697537,-0.1896430443354381,-0.47530305737576439,0.74147856265298895,0.37439181907973129,-0.71808770086309126,-0.25139534214978404,-0.66872677436815386,0.25849420422999136,0.56380638166586339,-0.34508917214324036,-0.16483434471948197,-0.95438467817703188,-0.75008392110945343,-0.59238808814985466,-0.83941208046239091,0.12204924670337534,-0.63441906783341806,-0.68857613661274442,-0.90183468278870593,-0.031531199846363524,-0.73547119760869895,-0.091291986731162331,-0.46828079976294629,-0.86027194019839104,-0.82566469037202406,0.54555008762631163,0.079693563389279506,0.09238778333613748,-0.23331047247502709,-0.88038207042321914,0.97652237534954034
0.71028539150760683,-0.53264849585366247,0.11424944781806955,-0.56709067819031933,-0.32466137578580134,-0.88864335030371244,1.0041802162395823,0.0076459979244902741,0.6394518528882116,0.1423012337729066,0.0041187322087561538,0.4930019134383129,0.7610319133489426,0.82830128011316861,-0.22739264494405262,0.025726612394096255,0.87156467520506231,-0.50372358103932735,-0.052022059038338314,0.089895639232797711,-0.093510695970537738,0.24207890587640374,0.68361564215644777,-0.072379278098087377,-0.27652147036635505,-0.8490337841804555,0.7189750468615087,0.22744690191811551,0.42709888325797474,-0.74541675804607443,-0.22542669523680633,0.21749878763499464,-0.94325270171393727,0.58631380844753089,-0.12691155280245286,-0.63600519138944422,0.93773957349732495,-0.0046210125534926136,-0.36947476848324601,0.89568290155977026,-0.5352262888544681,0.23886829864738257,-0.83180575643029431,-0.95398489542172216,0.65191871934628987,0.82540012449455846,-0.91887380957174225,0.32603245255374225,-0.63912101514224784,-0.72535066426507955,-0.5808446651808461,0.27079199852582136,0.92134718687991413,0.3583344621439799,0.11917123828817577,-0.2083030211302884,0.94169683813426042,-0.83925071152066555,-0.74102015708725877,0.39700816405868533,0.093086623878447114,0.94801596605191696,-0.21194152885638601,-0.070875714117987834,0.67866702248973698,-0.014112230951590971,0.11749507756644033,-0.35515320074683426,0.87645394783361619,0.40920754365817663,0.54692940347738206,0.63506586391887654,0.87386429021962875,0.31594120597030811,0.070427372059554516,0.61776805337681651,0.4931597594294917,-0.8067395962831333,-0.086900802475917582,0.28950326299391271,0.0098117964243267658
-0.7433181666433365,0.043480833396590465,0.41672320967928611,0.058175557704031211,-0.65251179373125823,-0.72080608621629649,0.16756613190794076,-0.9494315139211279,-0.92614029350791793,0.11258721232207507,0.83385377763494462,-0.21795549143467091,-0.81310892135915891,-0.82789436152361351,-0.47442419511368883,0.2419086557365257,0.58345469040679387,-0.63523364894469647,0.45073504027167866,-0.50450481255312507,-0.47321187599525832,-0.51495916172238254,0.39433809463070069,0.20575365449933933,-0.46212081794444665,-0.58175822761746243,-0.50346220415859966,0.8461431396349407,-0.57953656797054087,0.71584499043037331,-0.69784004183631387,0.78988241253846514,0.10650332667801944,0.25432866223174516,-0.02972885150278709,-0.0068177841223870184,0.20591185199544529,-0.48695516228385383,-0.89841479050693418,-0.4206827105630277,-0.17539223604153301,-0.2910399092722093,0.48100701013591013,-0.84572718248885537,0.36165677692542869,-0.35654890789311988,-0.98714003540710837,0.11443780662539213,-0.12306997245411543,0.49007916851089406,-0.99295839821872667,0.23653091125678194,-0.13931990162199415,0.16736470355448585,-0.57573487502205789,0.33139676203729918,-0.7966867378910214,0.608453444512839,0.43321597691370622,0.51644255597629551,0.55717347208657919,-0.54895638296048188,-0.19249626154697039,-0.93947900105507687,-0.019703177287985058,-0.81170194177315536,-0.50593861219167391,0.53476547326307022,-0.86827042291191059,-0.57006734043678875,0.54601191523158166,0.30433480944391422,-0.33550543675594113,-0.65967780286328714,0.12467451153372718,-0.80772608855159933,-0.60240887153910572,0.55627812057000336,-0.54416601797171615,-0.19050163284228674,0.32841107615206189
0.45298734937188018,0.45981393555420236,-0.85750538876831994,-0.909895094122109,-0.24052892533190434,0.88959289046875045,0.79054436567578279,-0.70321836953085348,0.46559896367739911,0.57751683057763992,0.16417898103701545,0.15003069219072512,0.43545290274604731,-0.61862768052745154,-0.95801323544863437,0.64460058928461705,0.7742401155017623,0.92721255615336262,0.025413301875120888,-0.70492891732077911,-0.35916412149136362,-0.069342541140841069,0.021810768991218577,-0.51590728438169131,0.19730091579143474,-0.47898221041912314,0.41004520160452335,-0.30362879256110981,0.9554429843682597,-0.61715089942823076,-0.5045867833855634,0.42897375334727156,0.62457477646929405,-0.60693529932521417,-0.67687740179339917,0.83254057678102977,0.71994182165302856,0.61833243770217527,0.85595926097955821,0.3367995087694301,0.73373533041509242,0.3563083855220977,0.43082276234995287,0.59842698952512763,0.84053571200133637,-0.99668642756404002,0.61937013920612316,0.29354736949625865,0.22951377505048978,0.69469999174104802,0.9019777760547536,0.0046312546846849489,-0.27558083154849655,-0.075052424608977986,0.87525343046383397,-0.50036889866930034,0.48316630914268577,0.97372983364521482,0.10348810968786738,-0.82067855580214932,-0.48745008431179215,0.20973555233750921,0.83598705657790962,0.38126575798581586,0.91167713683868101,0.52655814734672401,-0.86988646386322288,0.96640568007525662,0.29818514323979745,0.62093549263411796,-0.56444213435202473,-0.33321807841401124,-0.12428621817976376,0.3459005121242435,-0.92967263914247011,-0.06119910077924156,-0.92037820086419797,-0.51769564981819594,-0.95502400066974447,0.50315671918665628,0.91926807684754719
-0.76911262944725756,-0.22725453568680637,-0.56112162992070547,-0.080821804415248735,-0.15810178801803637,0.25259147103321672,0.18102850562062317,-0.66035338785584419,0.9121414117626927,0.44999122245532752,0.3832327724186616,-0.67481993093337356,0.73776037633338387,-0.58685438052024042,0.23609619725988149,-0.62348183436431215,0.73202874185904665,-0.6956917401619519,0.81786977687556894,0.4474489147215846,0.24077788866546371,0.14447774616054301,-0.0055722111720291683,-0.6318749039930357,0.18605483969345243,0.93091561467754325,0.52309335851524097,0.20389684795075405,-0.4094464739775252,0.51626493014482833,-0.93803299895387515,-0.4265087485777993,0.62771368685494222,0.57922881829734574,0.62720113958812829,-0.66325016471232967,0.35803537127824553,0.38150162443663838,0.11345177467366871,-0.36866425221875104,-0.64647629307839438,0.42091292043486717,-0.026324985016403811,0.70614272951046986,0.13483070586915277,-0.763716738017439,-0.55623347554990266,-0.40145049740052136,-0.93461248697824961,-0.2675392900647281,0.20556593388616351,0.25682971228117957,0.98779297685128165,-0.68775100963177227,-0.19615572524735825,-0.17281571778752577,0.26240757792538089,-0.75439826556669853,0.26911956173592516,0.08478045922172836,0.53937644439726773,-0.14207747412205143,0.25765722884487974,-0.64757794248605394,0.49345079270319014,0.78770929105914633,0.80425069375301439,-0.081628560939549774,0.45555346299791899,-0.56219555704299529,-0.70819046621953186,0.57354991574670944,-0.20084813138006011,-0.11631662474137132,0.34829897311184033,0.81390626349274442,0.84965175254439251,-0.4740818631323982,-0.59103566723613843,0.20141264686933225,-0.12821020947313772
0.940529957682114,0.15584582545315975,0.33296408775400066,-0.92605573699814103,0.10176039258342989,-0.73381948210432724,0.12551735367158781,-0.12854598171295056,0.44893860293216881,0.061637118340572471,0.65856245422406812,-0.91079229547052087,0.69383052984765259,-0.33797553355897125,0.78856262939284072,-0.90642097438470692,-0.70186605513782141,0.11745518777887826,0.22899494420112923,-0.50230674623071081,0.12270860726780249,0.70362977623059486,-0.2445943354723937,0.33280245654871626,-0.19607252089683028,-0.73524687900689456,-0.86418300853071384,0.3750926844389208,0.89158592769031797,0.16835540841815791,-0.43956059200354342,0.09219433450089104,-0.77825299768847445,-0.88443331170381734,0.27756771130256203,0.89188843987439126,-0.81294823912340441,0.80410139764873423,0.27589017794380094,-0.73985725847840822,0.90945471373286846,-0.30311717995603682,0.3575561148488352,0.95390203119621708,0.60428020567555174,0.71900935092407525,0.92509342351034474,0.98935519941125938,-0.5665038397778619,-0.13645737018025639,-0.12975525856076719,-0.42436969011860026,0.87545441123261036,-0.44022661416474396,0.26239916851015122,0.71958430044683319,-0.32290886352152032,-0.11605325773378364,-0.82955253592087519,-0.52900185916105358,0.59060172178495385,0.092389888005930385,-0.085502070202782401,-0.81849082184993749,-0.83594272597545516,0.46119163870722391,0.13763754915847062,-0.39240749414716469,-0.36645825920012426,0.82545423473975543,0.76298744469113722,0.68139436658336416,-0.65559175301963013,0.63419131067661949,-0.84385262004806605,0.17829975666362036,0.41187960224475417,0.48759778087454342,-0.011493657489523454,0.84393584715071579,-0.17910335119039389
-0.14525661503689435,-0.47538956907375168,-0.1242163265860627,-0.094892198345116266,-0.0074908151045203113,0.72440510316184892,-0.71455403836292508,-0.02404943275522815,-0.85774723760277471,-0.74731527865772729,-0.42838914794786775,0.4415794985891407,-0.082415605507199174,-0.68892180561639227,-0.15550727745494808,-0.075028136552383329,0.97698991376652333,0.75272665305003561,-0.41896245830841056,-0.6993691473419813,-0.93227189439983993,-0.13148302478708793,-0.89497948786635739,0.46116025258114418,-0.018345279727163183,-0.25584995007211409,0.66218000776788266,0.54955046117607431,-0.27968876970016843,-0.070877032527251568,0.89416253911782961,-0.33621795261238024,-0.93682724808664819,0.97504255516216765,-0.57288702299397609,0.58042808891978992,-0.75732629437503096,0.62867166108685213,-0.96716166321739794,0.32856433596576157,0.89439151422738405,0.086809192505709204,-0.88760516904181164,-0.44588208211478098,0.69863101155748031,0.34530116160681479,-0.54499515367538176,-0.045257605630259518,0.83331090115203221,-0.80850413214015016,0.78838591840853511,0.96054639115729801,-0.46910446468368772,0.071181862774116533,-0.42357863942581464,-0.58684893861374765,0.97344674930379227,0.72403972158439567,-0.27469883886654795,0.11450386163878559,-0.72084206337776202,-0.86679494905795695,-0.8543879842959462,0.065756598559700549,-0.99029284039444943,0.75376652897569141,-0.092820892003003086,-0.79656856694064393,0.73483734826854508,-0.63166053492386809,0.34008721679814358,0.53065113764256455,0.37550674080824897,-0.98115848764378633,0.90941603116606506,-0.124049280944228,-0.39574332102963833,0.70131876635487922,-0.29958714195497166,0.5247227551643916,0.65989794280496661
0.012586465289329477,0.1065100696998203,0.43979609043822654,0.16014985790770403,-0.23432627924238308,-0.85610234155199061,-0.040722381605214651,0.5644654510657886,-0.74507103217773651,-0.17811949779200023,0.81921688429145134,0.031975093367921426,0.69440082331899189,0.25629316956815618,0.58033378077102138,-0.13405901083321542,0.50848419933638955,0.89531907241586173,-0.3458553556520691,-0.22935760201936264,-0.9328297053831488,-0.37883548464954775,0.44205141737255843,0.86784251711749516,0.91322554797597022,-0.47691141774503015,-0.41220471063639086,-0.62357633885177655,-0.62401893204295888,-0.81984303806969638,-0.049867683709639982,0.48005223181796697,0.70931917991298765,-0.73206735315174321,0.47351203194144853,-0.1645140747698437,-0.67700761027676215,0.56512739608522666,-0.54498823025438203,0.55612213896063034,-0.31098416370543264,0.98158339224616675,0.40209296603316091,-0.47370994344341627,-0.86154177102049323,0.72571447250146792,-0.59328015290062064,-0.38788388346573766,-0.70354127697497937,0.81015966523201044,-0.91970079974763785,0.74966870258433715,-0.0090241468702720873,-0.65977666803816581,0.0955519000488807,0.72529907296625518,-0.90343710819060696,0.77460286785596022,0.96756122053136273,0.054820208298041261,-0.54515484643369605,0.45594579440770949,0.28408216121972069,-0.15292858277206686,-0.56871558188964233,-0.84157987318556571,0.44470283157057028,-0.24228468041843193,-0.3302248799867028,0.57505431837151211,-0.43337124078655609,-0.11436572360958398,-0.46725510340332899,-0.34426119222651819,0.5944426330656315,0.35256713654069732,-0.93160571029001615,-0.50244860958518711,-0.44200162530938086,-0.18818852395014493,-0.39189121021802997
-0.4583223808755123,-0.88230130014885211,0.07193012861852692,0.89603272003773993,-0.18687364560392469,0.38728519627366542,0.41513577945207553,-0.097006230358244905,0.42103756428188271,-0.70669110773096799,-0.20115099569980746,-0.38779012787685013,0.96860355663143849,-0.36576369423053096,0.067210758996710779,-0.70335099172627402,-0.86004802534014135,-0.036454794230209191,0.48836344878681509,0.16918793302636287,0.65064627054113611,-0.92095211701408786,-0.48088055684545877,0.735341274820701,0.73051898242556068,0.72241091627129606,0.36803814450258698,-0.9314978112358403,-0.10900744402196418,0.8346061394451828,-0.95895672295482381,0.71857661852974564,-0.66744603674573588,-0.7930804875741192,0.45657110792322159,-0.067531241780585685,0.19169856032692265,-0.84857418491614989,0.21033984423982605,-0.39195550664946821,0.23255725539512204,-0.33827592075468621,0.3733954724985169,-0.49330886429089477,0.21322099759022151,-0.77887282267343283,-0.48894184794678636,-0.95035382364476206,-0.40240540845240685,-0.58629569724494657,-0.96422802653445672,-0.82817640221171585,-0.60710969926281655,-0.49091676943115825,0.9119136016020164,-0.77687442221513869,0.45357236935117062,-0.68502127770322396,-0.92034977713136512,0.16703821345870187,0.65162204528378864,-0.56530004324143623,-0.29484732203022762,-0.59270415988612501,-0.94479627267125588,0.17732496070934176,0.74932384126370122,-0.50019133311219843,0.85185430071411827,0.11775959371801779,-0.72978424772647121,-0.51037254589895786,0.44092520039363614,0.25682260442511612,-0.16647766246416992,-0.93814580240005052,0.87632907493175738,-0.29992602134037333,0.56834320049085041,0.38366614850660652,-0.44953927823751699
0.77867127583704487,-0.5590640488851526,-0.42063102395079949,0.45443040981359362,0.41570574687873219,-0.88005620484903213,0.61696035344987976,0.43849850559595893,0.25500147305787607,-0.23033833938654322,0.001982670231025959,0.77794421033860273,-0.6423572273632715,-0.57606759620796388,-0.64522392977532428,-0.18750754235277015,-0.27086436543142384,0.62439019113681171,-0.57287971309459818,-0.91483665812851112,0.62337565852296328,-0.67570463204224795,0.89219298868246566,0.54214674043182609,-0.60167184269833118,0.3989978055466844,-0.73082293005758259,0.17679750146605447,-0.49320788470011767,-0.43014652634772221,-0.31303809566089419,0.31568768595422714,-0.23295952052358063,0.95889516848214851,-0.31480265036020255,0.49880844297648563,-0.84379935722837629,0.54955854673915006,-0.91138150752402824,-0.52997352651099006,-0.64765673148015901,-0.39076093270705775,-0.13525883042501613,-0.049220581069612926,0.21345698229801685,0.48934704339808716,0.87024389304217686,-0.025726176949596617,-0.28225869489549554,0.66823857401563902,-0.1032374568642016,0.19405620711421245,0.023371543574508324,0.33384493070563903,-0.12420097320433621,0.62322966804249547,-0.082342891421924247,-0.74755095377749747,-0.25461989878679081,0.50323848288065631,-0.2172654878429188,0.3349370529253598,-0.17296466711247399,0.040475326621205433,-0.16151360610765966,-0.75014534122182552,0.63272901120372593,-0.13395576990260974,-0.1803379061011845,0.48421581857887402,-0.94363066298271614,0.43702295060467022,0.37651936600543817,0.63807238188873472,-0.42251338014859552,-0.97756017451403265,-0.92571339134035724,-0.55993169509576313,-0.73076530027167841,-0.57052462750027011,0.32217472502422628
0.53621254188788892,0.11179638728180868,-0.92921515641934871,-0.85868122092147869,-0.16669962297836433,-0.86277866249343216,-0.93498662799752597,0.67204113491079931,0.41478087893190013,0.41176222046636607,0.33034320040391568,-0.059652125623829627,0.76226628326684187,-0.25832915829155934,-0.5208626112575947,0.29668408139989944,-0.54970961547881947,-0.83347084012779638,-0.24815344480989102,0.56393804480149934,-0.12673229468864139,-0.56011791906255159,-0.89656324098682916,0.28161866206035202,0.16753698092300548,-0.1975747871216533,-0.55829369267926032,-0.34515850160329958,-0.056800062182325431,-0.04873741074797748,0.55312062334068135,0.94826780789095888,0.54504608616604489,0.36423626870424819,-0.58558780171993474,0.96038600248200889,-0.83958559260263155,0.90586303312193772,0.44572611792145861,-0.60331348515103733,0.79579285728079374,0.57191322926487287,0.99466826780689432,-0.16367182502859284,0.32096359636976929,-0.053757738955137066,-0.53765490928165693,0.41215712673765936,0.72075618079236869,0.52278761991424005,0.019777472149891562,-0.6966874881205779,0.35263923177293299,0.06363127227782539,0.60394095141105697,0.20728408047200717,-0.58591435991018193,-0.93554616593973849,-0.22448469720723516,0.16935732327159023,0.45210492060012031,0.56727994728773434,-0.92853336862709857,0.69556145358358612,0.20590132796795207,0.94852305252191582,0.61472172619664689,0.15096718788599892,0.93492522057140748,0.59952300205137365,0.59930703021637699,0.60237693941321024,0.032140894159058749,0.68042391305302163,-0.75274374838245917,-0.25190999407824649,-0.20545946898390205,0.40199739607306845,0.91516635223370568,0.40898717716843064,-0.39533259970048384
-0.70660238309173606,-0.060066091338078026,0.32133501360982547,0.74740685416490926,0.035727874581991087,-0.069104936728639696,0.64287368515715893,-0.62039407094667576,-1.0936878918358348,0.39230051900127255,-0.7426253307596945,0.34173812248962077,-0.14634975147214749,-0.74550182846516411,-0.21982612942099028,0.88435786393120663,-0.17290463712780857,0.60521172363754783,-0.5295214199361834,0.066191351258411871,-0.28723667183416568,0.053291507883560837,-0.16359877486072666,0.23762300735145606,-0.30039324911016368,-0.6392387940640607,0.070928236663516692,-0.76947965707668908,0.56957838201743394,-0.06378870797686774,-0.061171058056118936,-0.42368420902693049,0.66984056733109831,-0.30062102469022439,0.53353721258033271,-0.3329206544826499,-0.61860308101426631,0.26886402596032605,-0.59207634486508287,-0.86053857657388833,-0.67348443298204241,0.0021154915899480502,-0.023750125904430361,-0.54551075733143095,-0.68978745527102403,0.30249956560813718,-0.38613014102209409,-0.27235867389371637,-0.45859380869387029,0.82693354039592593,-0.0015504673828609095,0.54702017686777782,-0.31356080834406053,0.7170602824413137,0.9368008650000883,0.8657102016744761,0.48603226956157869,-0.39632222096052744,0.54356789345238721,0.86734094998725841,-0.21803042041570345,0.66813792281552564,-0.33157216979814919,-0.46803349697294949,-0.36248170076962383,-0.36874163716350322,0.7377766611102764,0.62928475091704483,0.60399299194628675,1.0475223893520604,0.60849285801441011,1.0333273917526684,0.58038168250218891,0.90528601016317212,0.8603486364716022,0.11942318276591292,0.33009446568827894,-0.38820928653920928,-0.52838648637753849,0.88942000232204121,-0.024580519663742171
0.66073554139579949,0.067940481701643754,0.42764420697108407,-0.68309947176649266,0.61363892702610701,-0.68219412830718384,0.77653045746146654,-0.533210509693822,-0.88439994291501478,0.46696449720585159,0.69061741510316121,-0.197662753028267,-0.61083142699125903,0.6249003540675292,-0.54198870286239487,-0.27948740071307304,0.67407939525025229,0.44691568125245446,-0.91686905438249422,0.60310608268806865,-0.057676619069079227,0.23812230610007609,0.59581321194822379,-0.33796894069016187,0.79824921765775014,-0.19470786447315055,-0.091494609144029598,0.42114882212990368,-0.41930977574252654,0.96097347633380692,0.53211017178468856,0.99438262689349843,-0.86459068939470263,-0.34687559862299921,-0.092490295126101199,0.49270312366851743,0.55768136590575568,0.49650503433298915,0.01455702604724193,0.16725932460804821,0.27988871194706894,-0.70290898672065938,-0.18248266896642701,0.23807763594556744,0.29809228969486035,0.035839851939896271,0.51724079907293041,-0.20778212902694268,0.84839678733563861,0.42083800111990327,0.172471227813632,0.25314896816038956,0.74641426091657048,-0.86977656112937907,-0.46271321802976773,-0.26779243780984147,0.87373726905972393,-0.96757527125769771,0.38557305243307444,0.049649347643192544,-0.52731894460146,0.84347414053048453,-0.85905018424863455,-0.8907751078885825,-0.5834963595365259,-0.26434572801196726,0.6817859158123516,-0.0020979855512533933,0.23224380871962627,0.11147006145362505,-0.33634735297187301,0.31963892270518002,-0.790623186054629,-0.27404235445571257,-0.60837168157200439,0.54441456248171827,-0.1926282057371364,-0.13961102214737198,0.881461225650914,0.68719231537278214,0.36277613599525571
-0.8914721551441126,0.65026963648730463,0.32882179660173838,-0.22474881605255187,0.80464308466713175,0.71238305729740681,0.29251910652042601,-0.084823086146796414,0.59990082273002954,-0.46217445932187839,-0.72604414465207878,-0.16777519874390673,0.13048688395969607,0.85623800808943828,-0.88979894171480256,-0.073430713399999709,-0.9677072304054456,0.36703113494079931,0.63363303788244285,-0.84656410234954727,0.12763043543516278,-1.039032997263085,0.70062538655567719,-0.75039315051066202,0.44474652783751867,-0.31442764717631433,0.091037056898919985,-0.28054856990964067,0.41212941874592252,-1.0335884157244561,0.53933174962766162,-0.37645605499283419,0.047109689674048619,-0.67674286275872941,0.41040480389706852,-0.78257487713548679,-0.32033721652269231,0.50438746048102512,-0.18417456412950192,0.54753659037158164,0.80905239807800966,0.053260394445848021,-0.66035149807880889,-0.9646770636695754,0.26078636426409224,-0.59612292387206289,0.55742566124287507,0.14670821861022632,0.6371386128819766,-0.24513976211579833,0.40846271055724293,0.49975411017124194,-0.54659028418874445,0.29116925814876482,-0.03412964914311456,-0.050709949444772064,0.78619710873428073,0.29985994783771835,-0.16064154103088318,0.83013650208999801,-0.32710462059449885,-0.5244098399468935,-0.54846624117729559,-0.7565796493355379,-0.85585531578434526,-1.0407156493495433,0.25192269817448198,0.031285735540903234,0.77662411683976462,-0.61362985207580023,0.80014527585976947,-0.31733103916975569,0.42684945022566861,-0.44288561559105244,-0.84711133420647888,-0.6313185943744466,0.16568168008367848,0.28345787154978863,0.60507337370141423,0.66849807710982811,0.34453783825586887
-0.52095037243881637,-0.16857727612720452,0.12008489115392677,-0.82562601817472581,0.95287380411852596,-0.27598454091172114,0.32317703187936947,0.48848186179184677,-0.080531081302313776,-0.35324861466162133,0.3558709723035558,-0.29554005819776713,-0.23647899621530455,-0.32809746998817879,-0.7416706539156136,-0.54468428851295525,0.14676728603914091,0.56372250891998144,-0.42905417787115718,0.55113724036079437,0.64994338231928683,0.032622596260387049,0.1422985251296314,-0.838610603892333,-0.51788752032932195,-0.31704755169350085,-0.22301498919694546,-0.90971346814428389,0.66999917718748836,0.59709755032630496,-0.48656630448013727,0.77538801523377765,-0.3895459878841408,0.10765300303209176,0.044896383879093317,-0.69826466147684207,0.24294652439111356,-0.20652182927615223,-0.46410040704862071,-0.25177679376369938,-0.44878674114705713,-0.043040162002042706,-0.8427382160103648,0.92658235857457938,-0.75575942755865166,-0.70918747555673534,-0.12089079338612067,0.93988303791581473,0.49229188845486876,0.65660408860620112,0.64168412943663689,0.24901187185597928,0.030846142210943839,0.80419343815933764,-0.52373192902075116,-0.00022453072627278718,-0.54283481391709609,0.82522627832572204,0.14938929685098062,0.3776474436027506,-0.78499847874669093,-0.28226842531641971,-0.40726996895232481,0.62434036018753869,-0.84698619823233878,-0.18872799638969687,0.55249447753545988,0.61366490180890199,0.30158712550657724,-0.1287501926554537,-0.36028269195157181,0.26555015972402957,0.39906301225561075,-0.67283236463117602,-0.24662034822359261,0.80789114001200424,0.51580413286477633,0.94551594750836898,-0.89536135976513742,-0.36173574429262112,0.19384294215870065
