0.64120656241710627,0.90000478969327846,-0.75637902831993808,-0.38563733873158357,0.61160434050691825,-0.6281860157145347,-0.92706171622498734,0.77291826338147307,-0.2745444942905545,-0.40572827572222953,0.42480666510499876,-0.14139477999935376,-0.48780465320985783,-0.64381132471894342,-0.62864061327347598,0.22915290497970278,-0.41810684430405187,0.0024528232422356883,-0.12944374993758939,0.28804159835562154,0.68923627113070407,-0.33020953377879847,0.63577996612799803,-0.34309458217056782,0.039353616744190613,-0.7929254970303613,0.82438249121088369,-0.026272811052143411,0.33672074245078326,0.68973535386838147,-0.99010535644764186,-0.98195469038232452,-0.49200869648113271,0.83960314973096473,0.30529126396381934,0.72992813401022894,0.9928462290734299,-0.25376352454105167,-0.49705018166880338,0.57369172970111992,0.02951114726485838,0.12650536616631,0.50662504152566534,-0.5347115094483057,-0.76544320374579966,0.064990073789228206,0.88661090832843237,-0.58616060349848609,-0.79730996744596472,0.50943754700152499,0.13607075539615732,0.4564213273807749,0.21767212399338542,-0.81368228025132672,0.21972454244623951,0.47928276847176515,0.32050101698191708,0.05122883614936561,0.44859109967948818,0.78657913494297815,-0.39230977654405214,-0.82162137880597763,0.38861183971501251,-0.93903843510134521,0.46568120744937647,0.051071118004744703,-0.80869881637641927,0.50459226306458904,-0.55636082065382364,-0.5415343676714709,0.60730068893953626,0.37531285240700096,0.2992120923941477,0.56091750458290879,0.4280104654855757,-0.25954479302577971,0.081989369037587509,0.69439998085737165,0.60393264391683854,-0.47059501723772212,0.65349735239196116
0.19564885235250917,-0.9235765326765375,-0.32303460728533284,-0.68769267331917339,-0.83932646938922617,-0.62700117659175214,-0.090298961601621971,0.81357387596477992,-0.42106976062014806,0.52688813948912683,0.76219865015510846,-0.45730507915909258,-0.73893942324558393,-0.70868970494217198,-0.94757569126602947,0.12180591227275928,-0.37665311402867524,0.99388815183235513,0.32062873752366061,0.028043968881463866,-0.55107368320603556,0.3044952576101923,-0.51723771080805037,-0.78056030664472664,0.83604104853986305,0.38764712522039096,-0.37643873914926629,0.89416432508565624,0.37728376655231449,0.049258631048695212,-0.92867674138127942,0.41662370218973271,0.37728730933206794,-0.20000400110696395,0.24511856379514732,0.034149755646804052,0.78297021942249878,-0.94967807292389328,0.28431008446292927,-0.59497994994708858,0.81024086935488182,0.27849800720332152,0.7544520424945006,0.80366808573886073,0.61824780690584658,0.21795420108982091,1.0081592284821883,0.9810687360875765,0.20456106009894073,1.0208375145485822,0.64616565550343696,-0.69138452718553478,0.4467071921108714,-0.84840928287844419,0.98015034794588285,0.32779606862865007,0.0023355259340339181,-0.049191306040491871,-0.22201072731062077,0.50429092375791529,-0.45839162346040313,0.27419071219030516,0.063481811756439827,0.023905941346332941,-0.31403591288345134,-0.50308019233220647,-0.83207081108509395,-0.47018276344122711,0.56070028404137173,0.23156426464106747,0.88887633786893627,0.50498110096562232,-0.34980590972192499,-0.16360884759532104,0.66006994615507264,0.80629082836809263,-0.78064545386040474,0.53896704201454049,-0.17417352833640809,0.51952219955120449,-0.38762810340534176
0.3214302979064545,0.91921527878659204,0.62631476490834059,-0.0020013045044770502,-0.57245497721221228,0.24403772188300135,0.60032268451365867,0.2005587359504718,0.90705717459448409,0.26633376501121686,0.20493088590379638,0.48746896014279556,-0.061834219433811205,0.019211255525073044,-0.11461103153086541,-0.20134040595574523,-0.58349471633543881,-0.56294649485249482,-0.23413856669383692,-0.7089469709578764,0.81016248980848538,0.95762803878236114,-0.30696422322301647,-0.26647564618447095,0.18736612581940601,-0.0024274922103090907,-0.85420125311991701,-0.96297747702776315,0.020725204417097437,0.9132491291949244,-0.45461822195211171,0.54145826838440936,-0.04312368180018749,0.14034360928347384,0.30377306674151294,-0.61631452399451259,-0.84404941615763718,0.12136429738530846,-0.10766867625646159,0.48235517509668163,0.85255777999234894,-0.75396386864001774,-0.45404529338197736,0.21933091062172316,0.24849416616401102,-0.63087487471985693,0.017934741538344009,0.15903244330917127,-0.079593651423829473,0.56770140549402837,-0.12897936476263372,0.6103307464358696,-0.44558109589373796,-0.52491178897741009,0.59665391538089452,0.53364720656869646,-0.46408923792327178,0.80350989866720024,-0.78116436193399996,-0.25511935758442644,-0.33784983296644777,0.8429071491034521,0.99780421138720277,-0.91733258869085121,-0.75242457451109523,0.94981641742401468,0.25591753239504633,0.99627770396953241,0.49015288067872703,-0.51246250134079074,0.77092575880493863,-0.39142894711704035,-0.80190969801748213,0.84572309356350572,0.34590429714896515,-0.59040631635080632,-0.4373641119336581,-0.38071201101789676,0.11093634511277749,-0.82468577746717653,0.6751457109975999
0.50425591696875127,-0.95570223422336598,0.55162132749390558,-0.26667220516976498,0.9441435817429652,0.77941486819090222,-0.063202954111161627,-0.20792900238488529,-0.023216528857651009,0.60685531842610885,-0.16627290227781405,-0.09612372845363798,-0.65355127649023037,0.41399389460154146,-0.70546287597163959,0.23470683640010359,0.68934839664607495,-0.86144129926264024,-0.71638847193857103,0.053092132630837646,-0.78039597567612473,-0.90500082599923326,-0.90643571121937505,0.73135032439106018,-0.55691583492222041,-0.24587576738159492,-0.81189389502625164,-0.82812401637508171,0.41617125629502288,0.98248665447466244,-0.42071407667467475,-0.51564438122765621,-0.47186051657201589,-0.59361334515755837,-0.093459188159987605,-0.67466163808825275,0.29180681166506878,-0.61820770931359437,-0.11657141526408417,-0.91672825937517732,0.73064455826286767,0.97556881571361609,1.0369744034563686,0.012176648075825608,1.0269116378350565,0.41494833326929614,1.0173935906991076,0.006562155637671388,1.0491308173897631,-0.16037942625942198,0.83328382699522607,0.98921313171929803,-0.9249661750744399,-0.83586492139599422,-0.27576387571429128,-0.8724804424528656,-0.91835379467538136,0.47224232099727192,-0.68100762513867819,-0.42943471464006144,-0.37188606663319845,-0.15216850586798678,0.20209949763929175,0.26734919788900274,-0.25187844307039692,0.81455260742736912,-0.80380732958133061,0.94017270376378759,0.8237508511739301,-0.15813525825290883,-0.23413621125786516,0.36485545131490166,0.4251047841279364,-0.6483785561042722,0.14612365501013108,-0.16438412819501599,-0.12972785825748925,0.96195489082952923,-0.8807230417451738,0.76540519849698485,1.0126303556331653
0.41119491768961802,-0.84947021983463,-0.035365113792831263,-0.42731992146127262,-0.94489871079888887,-0.079543310558634728,-0.81103228054605581,0.46415173451073161,0.62800165929059104,-0.66412411656742876,-0.35105378504723816,-0.38096442100407729,-0.16980300340181881,-0.94266205238925882,-0.54054616755270868,0.56626295504020208,0.15625330661862502,-0.10946784022063225,-0.32617740516441812,-0.97444234331649027,0.69831347180717329,0.8699498432498407,-0.46366261982659213,0.88085000071373554,-0.96147529017122879,-0.88366990835591164,0.71391114814318257,0.39391937889152162,-0.16416592717728429,-0.49419097007305296,-0.60011665710018336,0.82646845950334014,0.7345341874411474,-0.1368113831518788,-0.026642958928750966,0.93997575032347203,-0.63163177428820383,-0.65297982070663496,-0.11199572011550553,-0.86075148507901988,0.062791872281848599,-0.669419012637399,0.62636434648138695,0.33686380814374361,-0.84240733678707413,-0.90695708571705391,0.2588194055932373,0.78693136340966763,-0.79026221641365435,-0.36248320368818504,0.35690090071825731,-0.78049245701919556,-0.80113396797416114,-0.70317826225418945,0.46505066002204098,-0.042528355792436162,-0.17728897062206989,0.70194414784961334,-0.91565402876522517,0.40437476856360521,0.98968260383089812,-0.79804870836087438,-0.68076544740420097,-0.25758073725252817,0.42627815595974022,0.49447119540027146,-0.060961393917490378,-0.34306680004552492,-0.056111647967950144,0.93296488797725585,-0.99683745865115514,0.99193437303318444,-0.55388772428019117,-0.03122883417438381,0.73140585044756268,0.72384298925844759,0.23407235310121383,-0.19945243338856714,0.37073633997994015,0.062958609598392445,0.9077364961526706
0.357884429436225,0.81242910952781644,0.54161908013796822,-0.80309929694797078,0.67496893292662774,-0.047715747447996816,0.34498429166682704,0.92119755265941106,-0.84841561740829197,-0.92521472109887681,0.44163712049120829,-0.064641019541100381,0.66914094897267129,0.013429459468627156,-0.80335907191543265,0.81835918491992055,-0.79101861685096386,0.8934146015263249,-0.1451664769186386,-0.021822410689808447,0.23318372832897744,0.052710354867949984,-0.75650404152994333,0.85034113318744819,-0.83459201249709603,0.56023143024419142,0.059359165448914612,0.47694517795205821,-0.75470640328392724,-0.79797970268648433,-0.78163771396482318,-0.35400317998015113,-0.86650286235873097,0.48929294510935828,0.41721321185850335,0.51954015232850548,-0.97139319325792783,-0.26515448509157274,0.7784266365273973,0.1660990553330472,0.27251760606408526,-1.0809849182929134,0.61860997464769873,0.59751881252245687,-1.0687358990271763,0.54315898377087468,0.31451894374693201,-1.0152426718230789,0.7348310784732166,-0.63766170514470477,-0.31089571861086185,-0.99326763329057732,0.4871067555904065,-0.25275944708555587,0.92682900319586281,0.14675085501618526,-0.80732879596276774,0.29106179098814999,0.71379115629593726,-0.38435064926231099,-0.48814185514624081,0.55718951204187472,-0.31824428058779813,0.20671512003384226,-0.124041743171536,0.51618262511913882,0.45374817535386919,0.86330125960799986,0.797525265039986,0.35210876457421486,0.46102860503551168,0.83993302909220402,1.0218384421713511,0.44369926535921467,0.049626381997949338,0.078568434014697347,0.34553062434950699,-0.26903286589728886,-0.88458034167723121,-0.79844762460230911,-0.93349155648636872
-0.1464408147216506,-0.8289633552526432,0.94676034113137608,0.26959653147331081,0.95152321131011519,-0.91444117166113381,-0.87565916136447919,-0.2697867811416827,0.14473783297744605,0.73284307342266464,0.84734720259392604,-0.62157964376616293,0.022626999899150797,0.4283661705920932,-0.12921143766077253,0.030226904581646334,0.58571758617661018,-0.0081029301659606198,-0.6191281466085482,-0.12746982913494412,0.61773054283819417,0.67604235183846895,-0.025900418786561664,-0.55825068802592515,0.9203133079663891,-0.37797070015809253,1.0030915350121341,0.68915484052731302,-0.43080410341255465,-0.66924560404820421,-0.0052961140598950284,0.87096316362498327,-0.98525950712852961,-0.18454015073296798,0.39929559749512461,-1.0025562528219356,0.22352443407146436,-0.20525098512553036,0.68527779117417498,-0.62023723014942467,0.33112448795263283,0.68696814909320392,-0.78132665311453864,0.57409884335444683,-0.16109300818402653,-0.63834352295172092,-0.86801967929751944,0.022922865188649538,0.20728050061073705,0.46759324121129603,-0.13064720330130808,0.94216384974521472,-0.91458636163044482,0.78932556737106951,-0.13333628416738974,-0.2876194040191109,-0.31402226628746954,-0.63487507571560309,0.5675086165572929,0.075449017554721151,0.99007640002088648,-0.29112084693421353,-0.65214975512259243,-0.17261613258345998,-0.26931073856343762,0.32622175335937714,-0.099337029528454759,-0.6842297656724573,0.41822244681064508,-0.13445624173065146,0.89940697451608886,-0.27431792055609311,-0.94705498297413715,0.46227940881351459,0.46349145566938971,0.73892748418913257,-0.27522206213585471,-0.96322214311754106,-0.38692903901409781,-0.93989589145590424,-0.064513779529626156
-0.40525856297601887,0.89456945533026544,-0.22843441433727027,0.65720039208739567,-0.88238204245758445,0.67649922041061328,0.13718535562774983,-0.54536615816874301,0.32800496178287564,0.78914866633591674,-0.42546850496051758,-0.18618100707090116,-0.70123020826873472,-0.18334802827053687,0.62338811405668881,0.16598001116893896,0.38019999221601275,-0.87175050118998865,-0.55896939260801271,0.61594348886980121,0.53357925291214969,-0.59754668234185482,-0.68426394565265236,-0.85663047076387411,-0.48047086100666581,-0.086633134683370722,0.54967917842478942,0.90343988201653669,0.020179121256831595,-0.64613806798432405,0.54159509585769072,0.51190129082277802,-0.85613861774669908,-0.14527992396612471,-0.24960415114137657,-0.48506492723814676,-0.28243149733625184,0.86177356372366876,-0.84920085152464242,-0.65615353229777496,-0.044417371980199544,-0.66029680039597616,-0.92831968038789325,0.91832152214527374,0.31527039312765465,-0.87469796196290428,0.081193210794089005,0.48203063056705403,0.20727236760723225,0.44976404462650477,-0.6940364870864838,-0.26571706869053213,0.42635145040989064,0.31147186248101844,0.40682171240300957,-0.65586290032210504,-0.57583756574656331,-0.31085237990567588,-0.20231451405338205,-0.5824842987924389,0.15546048644990915,0.26188238251110296,0.62998904620040053,-0.094081007740037983,-0.71255937106707523,-0.92343256791574457,0.49789965272099118,-0.56337880741060897,-0.43825635228906212,0.80592049091661566,0.26061525112166306,-0.78735547860250732,0.5039321381333205,-0.51089930900094194,0.98268397033782395,0.083821536209160774,-0.5826298885532466,-0.8531913233931937,-0.54346776739595992,-0.53108996186654245,0.45375946918131721
0.52354268598263887,0.97431947660696938,-0.37319497874300922,-0.87073207656216467,0.17795378860835764,0.97319444182771986,-0.47182930528905864,0.040920346821080957,-0.94004830522331828,-0.28439617395005512,0.4260159881533177,-0.54560361728752305,0.95345790976451339,0.6687892404223027,0.41876964379822901,-0.14826570921450344,-0.59362581002707471,-0.34746416581800166,-0.62537011396563469,0.62142767805179178,-0.37496434911610621,-0.79256191799052089,0.79237734832113005,0.65534469655463812,-0.88124457391509659,0.48940389873685536,0.15499981385056791,0.93359900530238493,0.059656704503906706,-0.43026056465241791,0.29707422203084038,0.40031236703377104,-0.22989644865066969,0.77441585128169332,0.28918999302172499,-0.93797748492197708,-0.12507094176176078,0.50153949820740518,-0.63936944463443113,-0.50518835792231109,0.014127178298754258,0.068870734888712246,-0.44324229050503533,-0.34127482171011564,-0.12992344909142339,-0.26883827239562663,-0.90578796087054558,-0.6092862021079839,0.65436830431869397,0.14730840874157541,-0.24995948711720817,-0.074368709444894709,0.87420796855448701,-0.31459460975531062,-0.81665276385384822,-0.63558002345564735,0.50850181576177311,1.0101242307255678,-0.84400914778150571,0.98612655132015503,0.46469171834824347,0.26326410691806407,0.1730275430140838,-0.0886677779063791,0.45653137602925242,0.90206049617706818,0.78481400212707775,0.52951057007185376,-0.51040234571445442,0.76050899468959954,-0.56704018935877809,0.15575483579439239,-0.24136194248357856,0.40300465717805872,-0.86260996894083186,0.52945044276944075,-0.80518959317169614,-0.75466158885533052,0.67096463623988012,-0.35928186595370876,0.59447925669240076
-0.45775682427447051,-0.75645012170895132,-0.82402604918258437,-0.2040525289823244,0.0026216478862097457,0.087471938512084332,-0.88468167353483451,-0.69312376703129297,-0.10671766014084604,-0.35282863371715711,-0.42638321205108304,0.87907762452798732,0.75968952909008169,0.84963770666166416,-0.92372951700991468,-0.40321456837945574,-0.80385406159226724,-0.26566993276088668,-0.99556684296121145,0.28978601240311941,0.54356650981683374,0.44277993729806964,0.8565355964741258,-0.4264844302580425,0.76637239789895362,0.88824667704171345,-0.66483094805438914,0.13222687987867379,0.45877814787146665,-0.36907541298141094,-0.25390483767956729,0.4146378730565104,-0.76442628779464228,-0.56528708916248793,-0.11792910772920655,0.83012090965478402,0.54430692922842039,0.18557989052630872,0.40605509440571713,-0.39430046300952648,0.30156227561366977,-0.37153494868425607,0.8167015469826997,-0.15695710572357419,0.66701820683783464,0.46319216205591629,-0.20604968075224642,-0.92367709873765569,-0.0068049335977118123,0.62514632822897986,0.96785049433703962,-0.92364964871600541,-0.82088929977909697,0.47403498917472531,0.61799212934477232,-0.16532885163189437,0.20436919843779691,-0.49713944411143385,-0.026813474899843079,0.81184276661848298,0.9417535478632183,-0.030319676699429234,0.87567542734142245,0.71135270649729021,0.018373872777748341,-0.036518129200020739,-0.25407176531921383,0.6514103025411917,0.41625477693778024,-0.29414141872277089,-0.40927059431821222,-0.35095047684550335,0.41236310400308174,0.38061574827054467,-0.48091019044248196,0.10308953093428903,0.67562054314328424,-0.32891822424517014,-0.87211439670959867,-0.43446602750128838,-0.58565941253605192
0.93297083806794567,-0.39689512509257113,0.30114648498792929,0.64971919498750963,-0.70577203745832895,1.0869938713466643,-0.44497996800667999,0.48424897688428614,0.18786760008222642,-0.56364229071038274,0.36741583727468791,-0.14929817164212586,0.57339313410095705,0.38429250487200445,-0.9365384314093379,-0.20023898316407715,-0.18683663299255548,-0.56563095631516491,0.65889130570328236,0.342546894353287,0.76850007327186987,-0.27182932639264706,0.064907399315133438,0.98694836218676119,0.6677419328369506,-0.16841827706641607,-0.3307861161616823,-0.59719084247712551,0.89223318570695132,-0.46959015868034604,0.15480964581983148,-0.5218828725287098,0.23355121250844668,-0.70086217528681527,0.37198701033386244,0.21916741484057556,0.10776510741661016,-0.91315063494703153,-0.67504197002885169,0.61203651417212535,0.20757071822690984,0.10468319306604755,-0.16985934868442404,-0.66269302053117773,0.98534299816743298,0.67738741456668516,0.026001933496042927,0.33420836654073327,0.19130238959031057,-0.35159610708780092,0.0012324640741874227,0.26210767008129743,0.45110902697630895,-0.37894117059590104,0.98100040176992409,0.66092482128395835,-0.30600508896626144,0.08379763718396481,0.37152645148759145,0.90209558612491514,-0.63284635514651544,0.21696993899678027,0.3795234480862506,-0.35626851802663378,-0.91805023001747588,-0.72351941369613937,-0.52383292148072524,-0.063628755968679326,0.020167129452996934,0.14995479475069365,0.39760706565186521,-0.22606779195115642,-0.20305948219592102,0.97703984048435844,-0.6647913287910121,0.14877070933604014,0.86511996133147684,-0.21166861512818158,-0.81601471636604916,-0.69708115400044746,-0.062183619568502546
-0.011092962638981352,0.85801039779841026,0.51525596312119204,0.22228185760305627,0.2222557123176801,0.90582223532604655,-0.39634684925478691,0.59062151311128319,-0.55023128984875247,0.50857313460259868,-0.55555697348869371,0.97820847675834166,-0.21187302695275081,-0.71846363141826253,-0.77071037660104635,0.042723834822082689,0.82382235645555435,-0.35650174287189401,-0.68099820492004359,0.68237717669212372,0.77859016274634518,-0.57721723998005392,0.015651570202322777,0.26249803813141731,0.18780810634375092,-0.65535635641598167,0.55995985448828944,0.74735879904904556,-0.19447195007878951,0.58241920863560404,0.73461544188625316,0.23822301270933707,-0.36464760453852046,-0.054224663296675017,0.0037967421418927394,-0.44324460565770407,-0.29728550978246138,0.93942799306379632,0.37436781236739608,-0.90168953285690345,-0.65663437572240635,-0.1309952931020516,-1.0032666056762425,-0.31254756547478785,-0.099756477463910129,0.19228421598137355,-0.12683019190755679,-0.046997703521956501,-0.96477830268249398,-0.80809040892833484,0.19006798787934787,-0.37359895938879528,-0.20199533826869787,-0.85987939884711406,0.56569321621440416,-0.83826157680460822,0.23212282884776086,-0.22613022389806511,-0.36264935803175496,0.5338949170765741,-0.70652873173861441,-0.93153238269560779,-0.74085900139127903,-0.34061740210433195,0.8053189934478383,-0.29619711972349277,-0.81441381526120604,-0.24424563262243473,-0.11238805719297584,0.0052981141970014052,-0.17255232274269608,-0.83159226176057377,1.0048154626215238,-0.81316515591541438,-0.204162248666518,0.86575393402506051,0.069738075886308842,-0.83186164300968191,-0.36835298513755799,0.12229610686759143,-0.1662689380191209
-0.81163648552208156,0.45661769004845043,-0.63280340462251028,1.0435732323635303,0.37844081829219339,-1.031748948340603,-1.0024362153544815,-0.060836480600649327,0.5257856637019348,-0.44525991830239298,0.62014831981174112,-0.75593671908709137,-0.42776039016851347,0.0056108708608989116,0.88461392710567877,0.023623087401016516,0.22401325046409667,-0.050925647683535462,0.20453025108446299,-0.020081484284400382,-0.43287641529278048,-0.73924656962569502,0.11393945607636261,-0.10250673605620043,-0.1334254201000197,-0.67997616331697774,0.97433470344576389,0.3794230842800293,0.48006460824322228,-0.22238375750318193,-0.23430826650928629,-0.88365162106779926,-0.33944084704678151,0.199186288558834,0.61206795505527778,-0.15589937735601139,-0.38211921744580951,-0.33194986476673993,0.8899244665058812,-0.14220381551148345,-0.093216379157427864,0.77565954327803621,-0.13172362271875251,0.31994917233023923,0.45520377723335892,1.0636531665529954,-0.66699022009128628,0.63366006796374874,0.15805874179262328,-0.8078775371350867,-0.2788257759063425,0.34890931037469408,0.083996056927361451,-0.75071399027544794,-0.06425549600443714,-0.015559720776597664,0.45495717263899382,0.6449022205298528,0.90956008518115739,0.39518285082399396,0.069871376672307098,0.23462518322491976,0.94262870836058743,-0.035777870000658497,-0.45283024634509456,-0.077960796319150011,-0.35265615259988503,0.26557209089023631,-0.66468472279711366,-0.97055017246622122,0.52299448772960455,-0.88426284488159579,0.11196746842534278,-0.79258963078344025,0.52744067778050863,-0.15652237714975667,0.58583444150011221,0.0063744715562619571,0.81736185003078199,-0.65743396569631618,-0.47559015779219771
-0.47914391735526141,0.040034226899392129,-0.45455321505218549,-0.24621357822853165,-0.59326735950823928,0.34298647915034641,0.74500094016005391,-0.88295820781232737,-0.23085686404977124,-0.49263093018692827,0.99248022929869095,-0.40176465397493422,0.34785510928695323,-0.31534383531260174,-0.94320040422960783,-0.25716794036913032,0.49461727992351778,0.46619801017642998,0.22357676040329644,-0.35030548420351576,-0.98252652622703218,-0.18075586332620402,-0.58049476142073464,-0.70638322241195239,-0.26990314025769419,-0.85924298951462219,0.78868557243680204,0.68471518871281212,-0.42921696723919056,-0.73891762527381122,0.57637467085591676,0.54596236055024738,0.71014789759135466,-0.14594099203194219,0.76073832636329985,0.13056831129008808,0.17117160039138377,-0.16061200331197148,-0.98583323523263022,0.42325440663681368,-0.7256798411351405,-0.94414688261639423,0.96178995562177738,-0.12911237121956637,0.076970476321052528,-0.85031394154791795,0.05209282364088056,0.19614962429399319,0.20992353821157103,0.4068807258831208,-0.9708323991471568,-0.89547180395501824,-0.91456414097246175,-0.5322559888958498,-0.89956677265043805,-0.62776959649632358,0.89347042998828141,-0.83144632813596064,0.68618494871561042,0.29742387892523242,-0.84136397907998273,0.86946054691595465,-0.98866194530025853,0.9288195486356442,-0.95582409711533223,0.95111461625014526,0.58956348257610991,-0.49715193133704333,-0.49322829133465895,-0.2856726876294064,-0.77723782161537636,-0.74427233432325823,-0.95812703202575111,0.31203863611768057,0.47273807471356538,0.54757332923897273,0.075257328758331757,0.098019810056838158,0.17362051105609533,0.24469088155213212,0.10356429445116254
0.44780369959633554,-0.92110566026705476,-0.74416948767976054,0.60054926963136745,-0.8932864420156148,-0.89208706870860088,-0.80789289193921343,-0.85248443153877029,0.87636996690211777,1.0008376379968489,0.99337606754054275,-0.86075806209637018,-0.10213203528857648,-0.45698031107315001,0.60472776954288743,0.61426713381291698,0.6103234475103404,0.34541030388355576,-0.010122096258161963,0.14804840950911693,0.13212997132641244,0.26021898479393735,0.89817213235552462,-0.5013250277915815,0.78334444290157423,0.83485084541697996,-0.064204583113753239,0.98796238588495233,-0.027551430655098214,-0.61229178355907521,-0.17645481737633137,0.052356723710164213,-0.17334088113092214,0.38953758081661982,-0.71017343777073383,-0.71426173081678856,0.065759842199540702,0.67262567250242222,0.0036828729042584492,0.63879199122557284,0.33257399737893795,-0.26121121773997724,-0.16816285988556659,-0.10838768581444475,0.90307546454565635,-0.52513362448349254,-0.22496393210013443,0.082337430117167709,-0.73274427725783908,0.98184542903231409,-0.3754897475284823,-0.18172319520039026,0.57319663870005599,0.13785026442061099,0.85423116727447068,0.092843388405905961,-0.50967498916850185,-0.20039905912061026,-0.57377663313682481,-0.94635833687623216,-0.53384836969643046,-0.47263517448064102,0.94201979564813521,-0.24874124691628199,0.9211821639293728,0.71273704632595414,0.59263156408560236,-0.12081607360835578,-0.23406629894973263,0.055969206017582387,-0.94807222109154188,0.71707128836932921,-0.8931661078377362,0.45079161592909689,0.054161246343785621,0.76499596370036871,0.59031299538548743,-0.40548175927638253,0.27990480829419095,0.47678145102644803,-0.34494927952677734
0.94038522614120423,-0.8699482081982961,0.85036546665683288,0.27386558417026169,0.040160405449186067,-0.28367839269331596,0.30458734997922543,-0.70563640147109619,0.16944814322517598,0.073599138496556415,0.26323821143481635,0.51581723086069531,0.26039855589574146,-0.54671428984701431,-0.86691397198102149,0.31789271341852365,-0.45501786709281872,-0.17988769267491903,-1.0359773697029562,-0.4977449282662938,-0.98966942436228933,-0.27866717388776752,-0.45799915608748792,-0.34992216349015925,0.32192023775971856,-0.47388419764030587,-0.3238726563644086,0.49230600943870423,-0.96148379730340416,-0.92562728981001208,-0.21176383726168732,-0.26093112128235824,0.5022718834948362,0.46300042311783046,-0.62105190844889868,-0.13776589329317035,-0.45127343457028046,0.21158144133167661,-0.16251664895773366,-0.59132732304609781,0.52129531193489009,-0.81967399114203199,0.18836230267646062,-0.53283722956054091,-0.18460999108452883,0.48951353331198022,0.12352696351114684,-0.55818399658596918,0.051548639900717751,-0.66416741427830506,0.36611219156731534,-0.72974136520929545,0.68952715424033006,-0.31169073793002744,-0.57179892404729948,0.38453736687568968,0.65266442996024054,0.39553091460289469,0.82668642455883312,0.93312125180783312,0.83025099048524242,-0.040146507811532714,0.79002258854111107,0.36446825075437544,-0.69090561119873606,1.001085735825247,0.23883491280694355,-0.18136462472748768,-0.28837368943120334,0.50316019710701732,0.31039576089070164,0.53776094019346321,-0.062099346756868297,0.58788253193081053,0.025335903050768261,0.26882666815774175,-0.64477132232359691,0.62067252821576335,0.95579681946941775,-0.67967963709616652,-0.25149845912973262
-0.36984899156481482,0.14496399239806415,-0.92841655678863577,-0.62013523385889835,0.56442480705422338,0.22252266235652543,0.42416394025412474,0.27240060993331522,0.49573913578390455,-0.31553940587963958,0.48709338817981451,-0.85941151485392153,0.14134058374236158,-0.0871660257034024,0.42552567267175267,0.97657193212086779,-0.35572185557872971,0.39658567132996297,-0.25848443437269275,-0.080604922386616193,-0.45019361070031749,1.0595811856024155,-0.27731030846850374,0.55551267947268379,-0.69579657032681663,-0.70994276803385425,0.68518325688029391,-0.25933573473101518,0.34281336406645824,0.92997363758813201,0.52345811832955047,0.34208428517927175,-0.39622515406178777,0.65667844724216151,1.0484589169094478,-0.72544474480523946,-0.67093776576066455,0.0047897692165977867,-0.81492372944414637,0.2102110709856656,0.050610090926571656,-0.77953111682247089,0.2589335800282106,-0.73851034909488666,-0.90951348226624129,-0.033831217402202844,-0.57474181927839552,0.028028030400435791,1.0221398820083718,0.95782889382967273,0.46298213849761005,-0.55905678753729959,-0.97618092862847683,-0.37390281045323392,0.98757274804006689,-0.45304709556905903,-0.69723389865383401,-0.90328239796087373,-0.47119245986157121,-0.78467979641666308,0.94346480810633537,0.012808372457102802,0.25478736536434349,-0.01778913038119475,0.78157392463813413,0.77554980801428364,-0.48425429937385028,0.78110827501062574,0.21516939150618564,0.96270110004512777,0.67348564282777557,0.27575802430408464,0.31911955909793077,0.99123127890232998,0.033512530869588872,0.91988867825530685,0.86005549725873687,-0.70639981553277653,0.91369747031589965,-0.43189846081973521,-0.92547680241296493
0.41673661865996142,-0.084687572292154484,-0.80402021796184775,0.76396081947322547,-0.50430587664377757,0.34177579207818004,-0.6861148077309871,0.4148798919861918,0.99316601061860554,0.34512987164502951,-0.91804105532253177,-0.5331102033150994,-0.80439242057773896,0.34932764141440853,-0.69169816099633896,-0.44147701069055362,0.34742720679944439,-0.73325243028146492,-0.16293443312254319,-0.057203256978952809,-0.70630818713131238,0.41719305379842636,-0.19111512263937477,0.64599058037262747,0.094045895926891873,0.51943104969975185,0.59690198175056386,0.70471919277844963,-0.94713632158263583,-0.31943658467595126,0.40503332279275672,-0.78394116450381524,-0.87731229005638545,0.7238513342917382,0.57470708764980138,0.51565857226283029,-0.54777792872755116,-0.88611693125729485,-0.37113573805633521,0.99243304891824213,0.46138772924823085,0.82950544544226257,0.73593783829439818,-0.30585842932827689,0.78589792326075181,-0.88727421260042649,0.11678802977000483,0.63792947651500009,0.11679202765014809,0.6520753135021593,0.033447817402793234,0.94645330651578252,-0.83564957089495984,-0.68194043594594489,0.0046628636722267913,-0.50107533418170858,0.57852059131140499,-0.48474071813052338,0.67525845277417373,0.88264533835890591,0.57799623357937713,-0.36138049920790893,0.16728070589370767,0.082202275119219709,-0.11486725244958786,0.023314673823771115,0.37591551792395772,-0.9214581023149242,-0.15792348835135425,0.85194303889624168,-0.28524273376268944,0.013199089084979554,-0.036547294192177331,0.52799310490920015,0.6296337872379153,-0.37684542155178274,0.65565160814888879,0.80794740951753252,0.43579608474243675,-0.071972453027933994,-0.23294139412613879
0.66368790930610666,-0.73852893083986526,0.96106501169897152,0.63459448322234013,0.61070357435899048,0.24821144549807705,0.049523212276041319,-0.92356076247959984,-0.16292283648109851,0.97494449938357119,0.74037133680561118,0.48819113211839998,0.2886123508259365,0.51740431004801568,-0.80318549256857874,0.87387412060170866,0.63955593689157919,-0.6529101962329793,0.85807460645437228,0.5920977057044966,-0.55453944392709098,-0.7765234570127526,0.44935162223067432,-0.19827539556114238,-0.54358181975969555,-0.43632435129845432,0.13993468849733601,0.54570778103480455,0.15114378170360682,0.3063888062872866,-0.37160389867522997,0.27099786451424018,-0.93473981276037632,0.39747861698664833,0.36137690155600605,1.0028559534210957,0.31062704344983438,0.50666245774458407,-0.071298782105252534,0.8276983029846402,-0.4771262710017995,0.086900386342710717,0.16867070072918006,0.62043596541896606,-0.48919455491001285,0.011979283686761185,-0.36242525323244562,0.85008650744462022,0.27781111732159652,-0.33916870023674539,-0.11277844486454236,-0.1151993877196128,-0.48521471447170139,0.33780172610363879,0.55955519980448143,-0.037963011130047047,-0.36457956507306061,0.48835153095709138,0.076114302038565784,-0.6703766651827513,0.97562576448213467,-0.24617332349378571,-0.59077637518141057,0.49389649926931156,-0.20904989364070023,0.33168477294667859,-0.90561838029622188,-0.48789337640375352,0.74961505299869124,0.790264252951693,0.47927579150569838,0.69730471459326371,-0.16954272931188857,0.74196583317065701,-0.13766563494131623,-0.491396598832614,-0.91936664166165927,-0.55125263656816448,-0.57477425446891428,0.66964156649345852,-0.5031127499737027
0.91574751695545542,-0.11885798146213687,0.84668979888905149,0.54891838116226777,0.66741393233804069,0.52292244577125291,0.012059860643447237,-0.39322146610685915,-0.15777931277580445,0.69550143512993312,-0.71003871171642441,0.2162003714047169,0.12469831925741209,-0.31533090591809299,0.20901611105869838,0.54744790535842713,-0.92850399921446958,-0.5314219429228938,0.88289045891731111,0.10143118300829586,0.65173367329183263,0.85698242767320465,0.18580093813991122,0.15760781196123849,0.53294037303723352,0.30778517928472743,-0.57893741833599721,-0.46410951445777898,0.7430357461626993,-0.15839881975710976,-0.76577830513460543,-0.46166039922313323,0.44671482078118774,-0.11771299625838594,0.18086513868349965,0.29808692937910686,-0.010378336713290059,-0.05968923259987826,-0.76226404768468392,-0.57422139905057956,-0.88080085205551129,0.18418405266581236,0.022697685762241269,0.32759898469965798,-0.47912114319447857,0.90565547477595498,-0.35258573311163016,0.064854156018815459,-0.465821260149756,-0.056708047839442749,-0.19289658174733371,0.56236773476850965,0.15604688730995275,-0.97109157461403239,-0.015260276674257112,-0.9569737410771777,-0.45762303853951719,-0.82702478664814527,-0.80681675913791084,0.6742029740773805,0.98643200992103319,0.48769577105379575,0.26860230000102769,-0.27129928318873664,-0.86513289903839108,0.88678969717872358,0.067813000125172967,0.66914950638548232,-0.8152354496695724,0.92706458878241615,0.26463577898280022,-0.14519953616989861,-0.57583843427020542,-0.018907940898967766,1.0497238756313461,0.36754532360961467,0.83270944285420989,-0.46472216243525949,-0.58518304108678287,-0.60758015994507086,-0.035996366440016227
0.75591276193896095,0.17873703025322621,-0.39846878272895697,0.26244702195342551,-0.1766287968086078,0.28636195665855463,-0.38025345344239048,-0.054982164766849216,0.52237773795040321,0.9887112562844329,0.68548890390399153,-0.13374322965138064,-0.92036545176288886,0.0062989300599572313,0.38507331616390078,-0.45596905968402046,-0.43981212702837835,-0.56447052591318492,-0.29355878967886162,-0.1819755416341193,0.25630474473516457,0.17487278059792233,-0.3038943859632442,0.69056616479104316,-0.57527948396213557,-0.73805931018190696,-0.79278411136099347,-0.82759267845146522,-0.52587121473471343,0.65331085003585454,-0.30405445079938326,0.23587375625716803,-0.20891727708718574,-0.14637188076529858,0.68472420676380596,-0.15871201539689389,0.23033176159400029,0.70420561825303862,-0.23154828789255219,-0.90543113825193999,0.51852548341261429,0.6225730564298082,-0.88875904123326188,0.46547694408155327,0.86741159881810603,-0.5047878448945573,0.2309862974525442,0.96830903138774771,0.57910149341644823,0.40038788483899546,-0.068560555732696926,0.37443964763741566,0.2128765143856175,0.57495862254891783,0.51468822777007217,-0.0081310132530562611,0.29098172905772618,-0.96160093479989894,0.059648815784457077,-0.27778314792461462,-0.24973015341745239,0.75531732131137885,0.74995289279006228,-0.61603178181703255,0.4640327904006859,-0.0942248163129632,0.11348041652373808,-0.67497767733010938,0.21468207413446619,-0.36225138257472428,0.65657303669601774,0.12770506091378619,0.58753240231816606,0.33609300687615323,0.80458024104039427,-0.069126043478194191,0.60687679848988563,-0.41256658990063738,-0.64558476189809211,-0.18108923276580971,-0.74368842340959374
-0.78180954311630768,0.057220003335267874,-0.39712387389814902,-0.91714414926615284,0.67676513175976194,0.97525856313663539,-0.0015755612761127371,0.43344979501733233,0.56695576120136804,0.027383136713508855,-0.83029796799427946,0.86631461413948763,0.46924731612208709,0.89588814856405541,-0.982444088699572,0.88630488220423087,0.045514069041663621,-0.39581218333891033,-0.62196119883456358,-0.87559932780373795,-0.20159664212505668,-0.52062817906699244,0.42197284425423004,0.31927893187247519,-0.92198319604651713,-0.22802945159835827,-0.8762668317479112,0.11882491608250459,-0.65182714349728665,0.41058294098277381,0.16413071255644957,-0.48109620947119797,0.59169419000508616,-0.49646406729420905,-0.19795979805426286,-0.060966102632200592,0.78046852105983633,-0.9360610784172656,-0.11036606196553692,-0.47783744201883471,0.7355938880977404,0.067385817808885071,-0.40070261358081016,0.4403732479554387,0.66953938444425976,-0.90865521401087423,0.58127480083046035,-0.83024238855345811,0.95868642717393515,-0.2460308175532529,0.84327035771649306,0.60233626281687602,0.25280110992215366,-0.0094349778350095725,-0.3579766625640145,0.86891228830662826,-0.7356462154293385,0.90061441747202631,0.1331341060787688,-0.747041906194155,0.88877828670002046,-0.027688282081693109,0.02089478785577531,-0.094566968137428611,0.33286594295502403,0.92361030053955884,-0.63554254634394225,0.81132445540375997,0.27466893430566031,0.64026652489960389,0.0048874471799425258,0.64048097698081108,0.73557141658366709,-0.39102461457412807,0.82655543405737641,0.48398637082962059,0.34979482483751306,-0.66098468128812515,0.87165460709454301,-0.46889615288490011,0.043710744928350607
0.37222664322566168,-0.83712320313607624,-0.14941775856410719,-0.77972162211395946,0.13039140374700151,-0.78554041139032016,-0.069458999655045331,-0.36463006966131034,-0.10614595876221108,-0.91807717322303162,0.14072676092660977,-0.74891038304247848,-0.75842849167993831,0.42561563474016206,-0.16019231459513647,-0.64420460074479935,0.93635768290280308,-0.14874613894330033,0.63647048634337311,-0.58916093353512755,0.64587495384441806,0.38696415015261326,-0.37650013020459261,-0.93933315865518663,-0.77255154342006149,-0.15260860673263535,0.20637840494879622,-0.91480338538592088,-0.80707795613367206,0.83266617186351,-0.22728264186975747,-0.61532261507841612,-0.93770614742392533,-0.49986704500951545,0.1730777907588964,0.20493394351399435,-0.058740928378573511,-0.43626939618703769,-0.28366485613087239,0.78777445013965897,0.37510389479318668,0.19366246797358641,0.60722738352792838,-0.49340814041386821,-0.84266637571267067,0.08998546521567459,0.9252035179712621,-0.72319064833161051,-0.63181318770020478,-0.069194927187973015,-0.090190679980878929,-0.026777104131368246,-0.12762319302539371,0.24930699210168705,0.54891001671098594,0.41539360736164022,0.55186502067602028,0.49630173937840955,-0.9275490852858318,0.95938281606132814,-0.019616794244191799,0.43415569469162096,0.0044572921504422809,0.24387573240277496,0.55492361859068218,0.81257755867403103,0.15544050471120652,0.8003818074678225,0.55226127104164191,-0.080107949914440924,-0.42770806559689695,-0.50050165707172978,0.92035283346983232,0.0047730418977104273,0.014587978569297586,-0.25649065906742824,0.4052014003837528,-0.20066324528724774,-0.026489581022481057,-0.97367808649501886,0.71967232615374666
-0.28565535833645467,-0.31741238831886476,-0.090474832933119531,1.0167440608447147,0.84013708130919351,-0.71025685452315912,-0.40198825548887568,-0.20883037039497143,-0.27329340424090198,0.078041634622526057,-0.58611988122474568,-0.58010952336391153,1.0578544656826505,0.52373265712944617,-0.74956246184737563,0.16269730419094705,-0.26765490678945253,-0.37526268828610077,0.63832515443800064,-0.096804277166501515,-0.32356688245716464,0.34514479393027975,-0.66079756747266449,0.26201986645699138,0.79767301553598846,0.68392546400313947,0.97147845625875884,-0.029106947378970804,0.5468730199827001,0.12005912665693276,0.43206925969326493,-0.19310753090997212,-0.10857793320887893,0.7818930716725776,-0.45227912188420788,0.23564628812175561,0.14508029293137431,-0.29881480687173423,-0.12704384574285657,-0.79049400157704686,-0.57959307873608279,-0.60248021106709504,0.14163796815910351,-0.85354222621193798,0.6347959780411746,0.046737120669576963,-0.31942382470039854,-0.56429066833095198,0.84559370272576317,1.0547560294377338,0.93577603689541022,0.47371799639217116,-0.85788456791931456,0.91533497329475155,0.0044221826088528537,0.39821347891416964,-0.22960337889005444,0.40374296828159068,-0.2004300643810252,0.67200720256247193,0.73191111419342225,0.70467103553611787,-0.48542480643766883,-0.55360189144769911,-0.83107896612985621,0.35029156264712519,0.81826831764542884,-0.36837945059516064,-0.073070503976646745,0.85742898890718999,0.42209095311067024,0.49843915791957061,0.6244131422070428,-0.74629933997653752,-0.37231617919405841,0.088537348519682299,0.61516796584277977,0.62305137734394145,-0.08346444441596905,-0.37555957490413461,-0.90292380511537962
0.11173841250047149,-0.43614329115000999,0.45123807170651337,-0.5772744730847359,-0.53061121147076806,-0.22017852417659881,-0.77188681593036379,-0.76390925159898526,-1.0146027461160327,-0.5703669687810512,0.796665712199495,0.097960837695516598,-0.75535926991199975,0.10557669835529954,-0.42497278349565909,0.31005672473231133,0.056012185730500437,0.56667759375911053,0.29463574877948884,0.16009103742212161,0.27554720805104405,-0.32755246234007207,0.28722939849850554,-0.57759545877295215,-0.45407455022774884,-0.6240069571052983,0.54337084224642784,-0.78580334974282229,0.67969630958574068,-0.17256637963869528,0.6261068153850976,0.11242519658491947,0.66045204410372771,-0.56564640369141583,0.89387429400798202,0.67371245315063344,0.51456564841786279,-0.27702631135381828,0.75069878622105357,-0.32272636980474362,-0.85287903835821788,0.60429114959883057,-0.89870877495709522,-0.51472546216678239,0.31884664969813209,0.97397163631812123,-0.94414815652477013,0.30660257905592658,0.74076652049394776,-0.026509839656160789,0.69933887568099506,-0.24577895949137318,-0.20416973337422495,-0.2597572603622279,0.45443631843662335,1.0434752736911708,0.87774834668681034,-0.45312348982716827,0.88278892291867672,-0.74037511048015447,-0.92578969805393574,0.50586034634073684,0.37992406178760801,-0.18053764505434516,0.48742527063931218,-0.64170018571856602,0.16422742742435015,-0.10423082811153664,0.042493549378144153,0.38288838103500233,-0.36919537471425379,0.68750969605198975,-0.86651852130516061,0.87618124539268016,-0.9428175923341523,-0.60098393135431716,0.61978321818354287,0.066143035860069602,0.99476212988480439,0.95135482638076296,0.49212564212589099
0.10058272600136865,-0.40722179686866034,-0.60630659611921556,0.40415432326498768,0.22696413274988739,-0.78799774890742724,-1.0009395646026662,-0.048152981356529838,-0.64769344766980175,-0.028564220202824658,-0.065189792473337629,0.1573288703224375,-0.60997086338896989,0.15612805445324954,0.19911607211139939,0.8840760086942312,-0.48164639181680619,0.10202792741951679,-0.68995536650171052,-0.43374124188335861,0.95013917732277209,0.24628354141664505,-0.8443157534887008,0.302546985655051,0.27772060478864002,0.96826973666752425,0.18058859881963385,-0.51728072318210205,-0.27704903710227036,-0.21818343816222083,-0.83473598420373119,-0.62663635698640818,-0.18671967037243242,0.080424884930403923,-0.58531816825206584,-0.73549893188705828,-0.39476882003966718,0.24585925952300081,0.59967106552465421,-0.05957894643807389,-0.14704227715587279,-0.83491552741016573,-0.86880026323741621,-0.7177990131433748,0.45193601197434152,0.4379328820200124,0.30368922363184331,0.64523055074515334,0.77870373437287665,0.16514662203537911,-0.15424583970450156,-0.22654525598603015,0.21067367192994846,-0.13514832867681026,0.74870502632393876,-0.47807116474445377,-0.86027861302725273,-0.31718406664103654,-0.21997146446543103,-0.009936264117089583,0.66256754757987757,-0.60426677865753964,0.04059050758860068,0.66097586492351013,0.049917420396490712,-0.083732630765836147,-0.51776625283592992,0.67492087112978683,-0.85499521605873685,-0.3971572054603838,-0.1199340016855575,-0.78492495598251544,-0.046808646824088654,-0.75693572516391472,-0.27011564469841537,-0.58173520288710212,0.74954805236596933,0.97282251256444985,0.18001110398088946,-0.32838585477798826,-0.0059031131040520558
0.41783411090274813,-0.48667510875314013,-0.068332704087542023,0.5269914149454854,-0.82409147928276871,-0.029306784859756234,0.23263315962270689,0.26932537227943243,-0.45140027816322598,-0.74210826145197528,-0.68804788891718982,0.63454339082116007,0.84470546658334666,-0.096835045235367095,0.18900074155039265,-0.85476827626790253,-0.68398425530360507,0.99020967945183302,0.76207114550217236,0.38423815396145233,0.75973306610381519,-0.46641632839293568,0.56666638707540307,-0.68238415335443259,0.61684246263981901,-0.99966005851890372,-0.43905238908254118,0.27275882597150908,-0.55677249389494821,-0.46346727459402781,-0.27774849105998528,-0.65066268305896813,0.55286847960407515,0.25826106341410249,0.3169569819215004,-0.43692244268841623,-0.98160659352870883,0.051094615901523366,0.86414421258037255,0.62997966869725563,-0.67017600850720671,-0.86323172527265357,-0.81651505156536286,-1.0018123150842744,-0.63817624275584739,0.59499502166564,0.77304659097887862,-0.18501095634949982,-0.29146159670354949,-0.530631864379422,0.71562218854855519,-0.46495191031597616,0.048357563022191297,0.29184501063899693,0.74003025096092578,0.28081776236001788,0.31274558589702756,0.69333794930503323,0.59351898554905491,-0.36429586068512365,-0.85721282329361681,0.2648871012997201,0.022577503770076814,-0.29256814970519918,-0.16898707497834997,-0.094743153182504397,-0.93593088444309436,0.942136905311314,0.24363806327948537,-0.67502675237447907,0.88977078728299674,-0.75954765664296719,0.19702524134922966,0.17064820473777265,0.61299098253319639,-0.35143746377056062,-0.7387282384916114,-0.72830049749346504,0.32394374636269552,-0.078901048605519039,0.22740042944015537
0.017147593985329591,0.0073874260130712714,0.53581295764929804,-0.22888698875865682,0.76767741213374896,-0.089520951510419972,-0.9903391505891338,0.14386585094249588,-0.13805389716049393,-0.68246249551820193,0.39822599595431557,0.43610145767602726,-0.002613233660526175,-0.34013628178406125,-0.71055276809864487,-0.16409057474479077,0.15971377674472398,0.65265914828693938,-0.11103766376080541,0.18500117865096866,-0.21846126017688336,0.36473734736285002,0.83752124511733439,-0.28716208962524364,-0.51094832702684378,-0.2561659785729955,-0.88632934851576239,-0.34191409670639938,0.85496121672054926,-0.91954272504756829,0.74422072979819132,-0.84148878201916655,0.55910529205768189,-0.76485454810887354,0.95094009441188887,-0.061695582320298842,0.67548070187810449,-0.53389048699969999,0.32370147289742346,0.93310220227455953,-0.60928933647611239,-0.2090658208309748,0.016156466865190094,-0.19288181296121304,0.098512642403340317,-0.70363460495106456,-0.19328408124594043,-0.67540455987114956,0.18408246601250941,0.77521014425863821,0.43545151589233777,0.85674801248977439,-0.36567577402545204,0.8888050569570134,-0.17982366184130916,0.45501481369012625,-0.64029247012186186,-0.20420656859288916,-0.57949959170501653,-0.53069142181677487,-0.62324473422523996,0.30679511357699213,0.76243136304958159,0.13628036373968613,0.033142958859552506,0.61901071981176659,0.44414013740323971,-0.3408139470700875,0.40114857153270017,1.0029656744512165,1.1823932031225188,-0.40921104026320232,-0.17383802943218651,0.616822693382023,-0.48346755717489398,-0.78561181568086691,-0.46014827989717616,-0.12896135182100629,0.054027751548298086,0.53407171290441435,0.26547842609641698
-0.2659674562008435,0.90312961384443902,0.80682299010610781,0.69759014008145181,-0.80627681843640753,0.88227654225626784,-0.24590984149837583,1.0125640488741363,-0.11113951129845077,-0.88033126397129113,-0.71740955505948656,-0.76021105671740208,-0.58435626699524013,0.70486342759995302,-0.44457913240867347,0.56191142721068454,-0.72200863913403168,0.5868419238204059,-0.11891510912733375,-0.043347193423308006,0.52918209603130351,0.36026626562815667,0.18968704964824126,-0.24278752125324121,-0.51068113254360559,0.90455174311983266,0.96562643827262618,0.54579810994443034,-0.65187961342328615,0.14220434881523988,-0.26262144208891008,-0.66342902382699687,-0.94918500302373898,-0.32081342398076212,0.57509073691515289,-0.82632067905825712,0.98232038164557511,-0.79451878383313346,-0.41251395874259006,-0.41707239911394084,-0.33773334653695303,-0.3520166305780163,0.22451069388811798,0.88569158048507457,0.81401560205414669,-0.82418377791380337,-0.094306122921478441,0.73609791082998455,-0.51626205947088888,0.98472734066025214,0.92086708615548307,0.499908060383633,-0.14634533246690651,0.16500705833460549,0.36632380041844836,-0.40547897142680378,-1.0002386772619964,-0.79617259985960664,0.15579857620408485,0.70130485429263023,-0.75369132618419643,-0.76403473908234787,0.94190183751045908,-0.67428142449379913,0.4926220593767931,0.90686250217936359,-0.44617995215204082,0.61006012386739183,0.71682871490183409,0.19530177232831963,0.19902224542347571,-0.053034006784852157,0.20729369748526094,0.64570683129171447,0.35400478837568716,0.64816754958643319,0.98020518580328408,0.93766746852258465,-0.89930929964347883,-0.38220461101796771,0.45433043705210358
-0.67707585765260725,0.34680885899047054,0.70066841718686257,-0.36046851528753276,-0.93104273247704239,-0.45500377114958163,-0.31189277775830948,0.3825333555185475,-0.13043199978952366,0.34553232850991217,0.53215561540057166,-0.9074202605364593,0.57547853966497287,-0.71628936414605748,0.9465545142422862,0.31605612760184065,-0.93069322684055256,0.69916635541060235,-0.55069029780236423,-0.35602969368043241,0.75519471849915498,0.77395904099253487,0.88858240906630015,0.2882231642505152,0.67359469638291114,0.72912313164633136,-0.24455515199349087,-0.77316511683457534,-0.5531340989079816,0.017569188720654518,0.52064840010658098,0.16840981474210556,-0.1921244810488737,-0.3315075655809136,0.71246439990250365,0.31716388335365053,0.87914689209295649,0.79942998724185443,0.91764746649031181,0.46754218474811959,-0.20699194499115922,0.54313445190663134,-0.2439854496644763,0.24384821832885134,-0.05464373579723561,0.11821206451090345,-0.74703383911164778,0.27285678935725421,-0.10276099984555932,-0.43215724911809394,0.72059280853621832,0.24169034055189265,0.042438689350798864,0.070794605975988745,0.86486357825062554,0.60784216939688374,0.80440066729112403,-0.8911158757722657,0.38940028156361545,-0.45257593132386015,-0.90707482033485487,-0.91512053585827602,0.20990164250693533,-0.68516941137389775,-0.59250226750090051,0.92128363738172603,0.064492388466779807,-0.10660393197759284,-0.10374583774559178,0.048381824809627307,0.48702392909521741,-0.92776453623749155,-0.38705291391486085,0.26340083525318114,0.92200753206715946,-0.72221463643928407,0.447411713826177,0.67465478973303705,-0.26401242413676934,0.93850717889822777,0.93404295536303905
-0.63779384545523821,0.22015951145307758,-0.8672303401577095,-0.18688012006710228,0.49021959479298893,-0.30833772004531534,-0.14485336036862556,1.0300931226940462,-0.69245458899073598,-0.45191249058190919,0.97701882747485935,-0.023384298821178005,-0.33509102552892828,0.47606257617431552,-0.86096819117867984,-0.5675550125008253,-0.11643003962940175,-0.94262999952391036,-0.084662702691727945,-0.22756268996890325,0.23557639634350944,0.19553439899183217,0.069377849445486667,0.023731268938117913,0.68476740345647691,-0.23508787500908723,0.77946218066699147,0.20809057729354755,0.57330570524323943,-0.64909119546427763,-0.11720110837305331,-0.79994394824515436,0.60408033607309486,-0.75470178655454478,0.026735268376458461,0.072238206543638411,-0.63866846109164999,-0.78657949649429726,-0.25167253180659949,0.76418799225349821,0.70716157525493983,0.56997991990996066,-0.73290802617823902,0.4997390674679329,0.24257305706305049,0.18088530424675223,0.87059262190287634,0.61050813915501789,0.68225653895730543,0.77652230169368919,-0.87036001444636346,-0.88491043607703401,0.1984655708320886,0.8919783017051488,0.93519731364209524,0.35849536690628891,0.021776902800797426,1.0095748457426834,0.43788781827345052,-0.0747142033654528,-0.53338113474030624,0.70141830858162102,-0.94954576969337379,-0.17109171513702906,-0.48613955238191159,0.83943473089921838,0.38533631867428481,0.79277474520948332,-0.13319643772337963,0.9041407901282742,0.3212851106509188,-0.40400866396357299,0.28586745410887038,0.37197067294015884,0.067103550700849945,0.37808723960364288,0.43798524227685076,-0.36934985083492355,0.2219102318482731,0.53078534963145996,-0.54248570137796071
0.67265325241236651,0.40784887726894292,0.16556243377437585,0.61504894141221256,-0.17004874009350238,-0.14222287727141622,0.31965661541072349,0.81390010390840106,0.089094649891482941,0.66233336293648903,1.0067619988035696,0.79795984547321019,0.27031131116248375,-0.065750853868610265,1.0585105847862262,-0.73883664076892208,-0.016986503077088853,0.068700504244054564,-0.76512290963686536,0.34637890945308386,-0.041398299952759628,-0.82195939118693784,-0.13321103283882105,0.62944953933531111,-0.87204275786432583,0.38006090798469572,-0.82189694717560968,0.299233333967661,0.46707178515246855,-0.75712455794856715,0.4967339358741602,-0.22602653599944283,0.23853007792304493,0.72299831073958465,-0.4589538722035626,0.4649064357486894,0.3777733866487602,-0.37329361409572853,0.91286825809741656,1.0139742337463276,0.17157373234539514,-0.31535503746687915,0.73536934730897852,-0.33000362888328066,-0.82674493871568111,0.89502603975076345,0.31739853896343417,-0.52410739917131688,-0.9287028082867792,0.86952924543872456,0.51264642256658877,-0.68590176893770272,0.2509206154799728,0.094602706994411312,-0.37034867727576293,-0.78553282483739395,-0.16616934749716245,0.58005537974766064,-0.44959875824046552,0.069126342646027156,0.54994191374170287,-0.012686781249242385,-0.27643137901260356,0.071584971424420274,-0.81095859680049764,0.23292494486147439,-0.59616178522886476,0.32495108922125265,-0.28897818141708276,-0.2781594821848673,0.0064529735475241717,-0.8748868786237336,-0.025087032591242689,-0.72735341741706938,-0.3633876170451058,0.33995848753646857,-0.36020668185333615,-0.45673563782075904,0.53279069238925225,-0.41050926167251806,0.87596338766343951
-0.2127931278762058,0.58475237170613836,-0.38653994797383956,-0.71403164318273249,0.33604801767330128,-1.0890371870810098,-1.1852741923514445,0.41499462420248368,-0.3627052957689631,-0.69612361644771881,-0.12921521992073406,-0.80782116695971629,0.5487903152619763,0.63919843354839123,-0.36022643005163552,-0.047222202086705418,0.74258494591554935,0.91416931133226986,-0.19622601193637895,-0.30806357987583999,0.88355903420316728,-0.32327673871742912,0.080429294529521023,0.82433199812331093,0.27145397835629537,0.14523718729001367,-0.18706099992975697,0.57496247829006575,0.64494161879872536,0.82628145629944771,0.62036573213668011,-0.71290587331022692,0.15792770999745573,-0.94847145296619628,-0.5534414269750072,-0.87169441587914442,0.3120926573867292,-0.93326405852257588,-0.45282449738501523,0.92336342633949831,0.95387881603063618,-0.26587982329545623,-0.72804159980792083,-0.6550276570297614,0.80732793775349321,-0.070162519584963293,0.53766325837764539,-0.13496666423359199,0.75540454902739151,-0.48598843629154309,-0.3399416595052277,0.87777462037753051,-0.94035519239598708,0.33511460006913829,-0.67575181335400847,0.92714690386772969,0.72231635481801559,0.61472764651762313,0.64435552591021983,-0.80966231242412035,0.46506110190400241,0.26882935986349882,-0.39238642188378864,0.70484511909243497,0.24952524094540565,0.38792921614430159,1.0935634033944897,0.70957174585934701,-0.14966304202940831,0.87788637218416044,-0.83450098707649722,-0.27630984681465148,-0.79600485958789791,-0.47512050187674665,0.37860652602193201,0.36047081786538676,-0.93787191227335143,0.14753087989379016,-0.97563157156968927,0.85271698745877245,-0.81145919494383456
-0.61994532624979282,-0.85118869372209549,0.62188442394171484,0.66846396364231375,-0.53516173840508441,-0.090156553710372137,0.3345053291224388,-0.38442180804041887,-0.012541738047884136,0.96704938763245074,-0.0023516394802050875,-0.8697270811684924,-0.82246854340959641,-0.011866270167571002,0.022471255935473805,0.38746477364934717,-0.59680771374662434,0.55686277909376514,-0.9922950832288987,0.53702100160797761,-0.81379658162892321,-0.39342429926466566,0.96996645929484249,0.93307032718172034,0.90547615546496707,-0.78321530174170761,0.98262633314594128,0.26686560097948242,0.16698638238192606,-0.6183298338429517,0.472103335493469,-0.16037434973768985,-0.18685880302586705,-0.19175907781309187,-0.58581240693257297,-0.42657473777713589,-0.12294586166080804,0.44113666128795875,-0.47230757453528777,0.22879844094580729,-0.010803585264745267,0.4909753214578596,0.22153524391299637,-0.2879844884379435,-0.62236870032972447,0.55807880005264632,0.57458625872130209,-0.70442869179268786,0.896911157940666,0.9748554421067569,0.075478956892654381,-0.42888011003704252,-0.13118810076905163,0.25703924346117168,-0.90658754759742743,-0.43205759389742632,0.48618731748313215,0.22356568266995805,-0.2411870871273103,0.32948988548584512,0.29431105993029272,-0.026589715866606474,0.62874150740229817,0.98605820226323337,0.44527066862807135,0.87805759537021277,0.11995489958996138,0.32289451397548347,0.64751006266888766,-0.89081788048812161,0.8177132960522786,0.71568166563901325,-0.69531997067889129,0.75230971198996377,0.55662616116115393,-0.080696369933361711,-0.83949851609229542,-0.84215873781966699,-0.2242296271669949,0.86694671023151004,-0.36160447505676141
0.015223667837141741,0.33645940619444537,0.15112024190672216,-0.90865631797969371,0.071694652861213071,0.23571119035063604,-0.15993161077888274,-0.2057773613340203,-0.013686105984277523,0.66482997385914977,-0.25169914769110158,-0.98181577336823622,0.91198890878508787,0.13480007409808725,-0.24157305668077436,0.83796265773995227,-0.98776842043880353,-0.25970723247863925,-0.45083763239161517,-0.35524178753711105,0.48816313002101647,-0.46119138612963073,-0.80183040121408644,-0.40973601818277899,-0.79886097922562171,0.12352642307790181,0.37629400290126158,-0.86330334512219442,0.66282373146708518,-0.36126982755008524,-0.77072913561119771,-0.24647550223271728,0.34321478332574185,0.13345678260109356,-0.14849284611799424,-0.8898388551358043,-0.12155077463643867,-0.46556047272171108,0.93879682757319061,-0.74688192593184488,-0.52954226268926441,0.57544369741255519,-0.30789658052049806,-0.18938877664520193,0.33250578176556633,-0.48811193011366849,-0.63081720623414872,0.32721238126783858,-0.23347563767787657,-0.3858678837397001,-0.82521362285729916,-0.18423215485627731,0.89463971140326137,-0.79423812124095783,-0.14379036227882624,-0.35495845530995362,0.53853298811503325,0.67682736642540464,-0.58571148676399909,-0.10440859646722596,-0.76598669784550799,0.44089605101297435,-0.039292471319762337,-0.034600267190352134,-0.71084248079390355,-0.11750544520092526,-0.17252455237726236,0.98849283054636228,-0.20253573228336294,-0.84458327929046451,-0.60171702095946844,0.66955880135021806,-0.052984487355061102,-0.32678591040357419,-0.79942847257340699,-0.073758883261818731,0.044443857716194017,-0.93986527676089482,0.5536466439113763,0.26966644786169175,0.72115039361992661
-0.96159933757279481,0.47188234705900634,-0.73966597046752347,0.56983732374105578,-0.55665356868894822,-0.81463793940126294,-0.98086113418837229,-0.52997197015568498,-0.10657889196884428,-0.3348414617302638,0.75727606612958709,-0.78790068258233781,-0.22803279670071261,0.23984090747888462,0.0013766571258124992,0.73591578950299519,-0.30461050207458412,0.79696608207688657,0.13398035331072503,0.92016870209420454,0.91275634488343205,0.19677154519824538,0.34307209672134731,0.063618245626752501,-0.92482595255517497,0.34594556426002582,0.7310062657776899,0.19390102353789074,0.57279625635294529,0.18027550250262239,-0.36795839986393059,0.057392999857138707,-0.19815331034593842,0.12434245666933835,0.78795728964038281,0.95721046173074797,-0.9497813251016376,-0.42356012438993618,-0.80149889710040789,-0.29399725060193899,0.40743222569436155,-0.39671308534678174,0.33591203439391187,0.22422202713784051,0.85291411424858909,0.89486145354771141,-0.23334390827412452,-0.865897109114662,-0.67588630266031224,-0.58807419083152745,0.35362620649443666,-0.81881215881904001,-0.48210096205618458,-0.48143374788221482,-0.63086758687992361,0.13468041377986006,-0.6284468000310498,0.6033645870899097,0.24968228997009873,0.1025259990410529,0.35982503947567751,0.3437411264327912,0.91861342578496508,0.77544725262413672,-0.8302235381927805,-0.32731053150435124,0.068125740710862984,-0.67885219074293723,-0.75353876508499906,0.47470681473395165,-0.49447701145709672,0.7225358794632738,0.6193178982131895,-0.85704104911033985,-0.066822112205049605,-0.22085510431164168,-0.0035916458157716695,-0.40548063299649056,0.8849557090591248,-0.69355766912189498,0.72392139776139453
-0.48786253710577582,0.2950167335911057,0.73493232104502815,0.59754573404974498,-0.54826049703261936,0.95501281091568635,-0.51055781845200421,0.83180590383501107,-0.28883442504735135,0.0072701249220588479,0.37881510756764192,-0.87383910202639692,-0.88167234302291786,0.82789427314408148,0.84374846969938821,0.43678419281143882,0.83098490946914305,-0.36589936225962388,-0.33364878461725922,-0.41778858338200253,0.98543772782615924,0.98521112484027806,0.39709975337101483,0.99856229828727006,0.55740609707284872,-0.93560394020878312,-0.46380604538523845,0.075100731458903017,0.45435805861161627,-0.094382006844275043,0.46414478635875522,-0.71842241610113544,0.87161154615010028,0.96664537265148442,0.060085919842494569,0.45024532802430683,0.36665311579141219,0.54612733745827224,0.10988162573049103,-0.51143079225129084,0.96668562421771498,-0.77285355165897518,-0.73444421301910034,0.30977047542909636,0.73280286645013093,-0.0088854420896350688,-0.9729238523659639,-0.98831032934419782,0.2948262423116586,0.028649143672627886,0.08280776834831749,0.35872393369528166,0.33483406221498169,0.73850131755117876,-0.061743385747108137,-0.53479712491448106,-0.10626737040410006,0.34315541537327576,0.2257288716064382,0.17008037543754545,0.90706985932558537,-0.40808016048691448,0.73474517855655941,0.27671368474007019,0.5020460692298836,0.092608801102990648,-0.73878084002680833,-0.70207437541497597,-0.24252141095583121,-0.48493117770903377,0.29265513874991333,-0.62758993563539012,-0.31005236553581211,-0.527976494243105,-0.70942034032106416,-0.62583976732406443,0.53194475655301798,0.52514712850263079,0.11143588771091337,-0.38692580408578542,-0.50902511939250727
-0.40196818365872855,-0.11442955286314871,-0.62668278390266741,-0.094561959215034144,0.94635731894219621,0.76815064567858493,0.83033418137016746,-0.3346999172951336,-0.3163701024523824,-0.73733024993654694,0.52777598405055437,0.59491136022364155,0.86807100820141292,-0.45672548317834749,-0.79070543722594722,0.12681395830226791,-0.40877023667130602,-0.84072915178220176,1.0411517335441307,-0.21162245266641438,-0.049891246505187253,-0.18905502931306878,0.55302051059769242,-0.69756559612749869,0.47610668372885306,-0.19338990754053828,0.34235490027736248,-0.57861232294617626,0.29527172261769485,-0.79220654050056116,0.084085173185519807,-0.74797481198892946,-0.48584389206427187,-0.050788767837535193,0.1047887421112256,-0.13596544506313549,-0.5010317851308731,0.29422462124097709,0.58226144164104732,-0.2360745802200066,-0.61533213558976663,-0.1097203213144682,-0.6366477034782182,0.244867288446977,0.55371875290319406,0.90508042277865619,-0.92045302838115761,0.39504934486444543,-0.82693055724312325,0.35481630041642209,0.92811412444428032,0.31613812017739695,0.77321675357456376,-0.068703892490961205,-0.41768223991327058,0.07530153829976903,-0.022887797593812879,0.034461493642481307,0.057062226101887888,-0.85658449346282228,0.55349861433912262,0.043423137922610822,-0.92864717824363086,0.53632767714702856,0.69722284354454533,0.19019524483735517,-0.31144660139012015,0.80311460104317467,0.97202695903479785,0.66013875716017745,0.29624766184107704,-0.011722067742728489,-0.43360732904874744,0.23353669221210829,0.095589652497295896,-0.11457829907057061,0.67815062977681018,0.72601856633563422,0.13795746277233983,-0.90871034889578228,-0.66411262891358958
0.28718677972355966,-0.81649371921804892,0.96234679189352001,0.24092568305437395,-0.55504433096484407,0.8684411544248084,0.62725775270432094,-0.034496038834796232,0.29843004717925781,0.48174408625448534,0.3378546766525487,0.43172276253833702,0.87427108898514416,-0.15480040254135713,-0.40307747765110336,-0.51117700905231123,-0.22814582776784337,-0.40827291234235635,-0.47867121589782352,0.48639828581061906,0.38630886650989643,0.75371959373908126,-0.02533569968348541,-0.62648543781999688,-0.13209135736384803,-0.71581893752386649,0.5234429422159621,-0.49825213321837614,0.64553567852686011,0.80212062918224158,0.28143996516011333,0.00072476347517358365,0.59179964122421957,-0.69290081418090221,-0.30230053041377136,0.69593896127264931,0.8906555860831632,0.67491185205993109,0.75032171512853452,-0.1220105065821095,0.30948677020409537,-0.090370811859820668,-0.068501101623731173,-0.72380030119082739,-0.8740409150378361,0.65984422261318798,-0.72747280409616755,0.61169225317838605,-0.66328427612445917,0.35038433950569536,-0.10608274955298924,-0.79035462770725029,-0.97804226747825151,-0.024224991443914434,0.91787267111408588,0.12638878951868468,-0.16584039083728283,0.8562242494876986,-0.45953648774038008,-0.10651064822156313,-0.79162192867425552,0.30141000131322959,0.080515825213492195,-0.78375662903044374,0.38373722028136065,-0.81415569597680848,-0.97573667243892304,-0.26853795201470682,-0.56857107114359751,-0.44127502501145305,0.22315863530633034,0.71462690276520147,-0.81952932811346524,-1.1167522337604383,0.26119200014692107,-0.10457736242891237,-0.10751670667116948,-0.79379831828440861,-0.56075735800621729,-0.55569581358280939,0.30833484101024894
0.10169767427558081,-0.62769776330706717,-0.24789877282344086,-0.15196725076282305,-0.40446885143180922,0.061499131247524215,0.51938135714846689,-0.95690306585822116,0.062416964350368739,0.49985478569690106,-0.71478324287991613,0.06306354514203702,-0.51344621773932653,-0.7941529387663474,-0.040337066888011322,0.45224648373503118,-0.18655192203543444,0.93009644422548565,0.93193430857727277,0.37775185276176865,0.61658088395059685,-0.21798785628532902,0.0003977589821103593,0.30909677437779859,0.17243299957745828,0.9556359538722492,-0.70483556738287545,-0.80050265731804682,0.90711653178944451,0.27315942124377612,0.63984690231571451,0.85667048114861377,-0.41008273574846293,0.89691113331447303,0.82801982731688273,0.75692291588178229,-0.7357030344835267,-0.17013152417907013,-0.47076649353695682,0.635159018453059,-0.12638019621678254,-0.27180233458662922,0.10206752152672163,-0.086246723809116188,-0.52749396134370818,0.31792016186609801,0.81718988743015519,-0.17130570459087416,-0.18149715720707588,-0.3391672247696228,-0.0069677397192998702,0.18495046528110382,0.91852464861579652,-0.94015780692290118,-0.98369684410725733,0.85998955855109971,-0.71634766206265099,0.044709059910862721,-0.099740591432980405,-0.4997302160174002,-0.092349019626398035,-0.99770398154553641,-0.32232017504748306,-0.48491478600071608,0.27067203410325458,-0.85465766912167573,0.075745141702102406,0.47654995837240616,-0.93946629924572234,-0.821488728946143,0.7811546451588387,-0.0082338725610666703,-0.58511272250360913,0.65127466040629511,0.85053192717334813,0.18708047194107197,-0.93797257245596932,0.094453757249908149,0.17404593298759422,-0.83076677055819226,-0.72390398455360949
0.49275477246382077,0.36958918582320577,-0.14434364026247162,-0.19817871180270619,0.04903363451692578,0.12758785570299441,0.50951137177104278,-0.95931970640695374,0.60366416340307771,0.56099173105642308,-0.38146314608695198,0.0095866508901324785,-0.008085047567347535,0.099798194497701651,-0.48774263049742977,-0.83862313105932274,0.54888331065232432,0.57238245019973399,0.32778093520052559,0.50165150730281771,-0.63093309100246175,-1.071539564949944,-1.067098840402565,-0.1870863617654617,-0.80736064605322788,-0.079281805081201279,-1.0591552178866326,-0.62396491616818972,-0.71921216463977455,-1.0710909342766275,0.66320887901473524,0.046901759026367257,0.45557963698378562,-0.14687872730898208,0.19547366170947778,-0.72052864376614445,-0.87337155011891499,-0.21399421265221419,0.86646891877637433,0.25868487827773984,-0.47561565778886844,-0.58305961637903481,0.51945408977394414,-0.38757241996825864,-0.076642498864126149,0.17185523798616667,0.22020717454927449,0.63163107983502198,-1.0104471176086034,0.35863854536763901,0.014633589743820119,-0.54860288312670669,-0.046353724356935078,0.72519765606611641,-0.20749645625038315,-0.14782413266762318,-0.95840922990622912,-0.34686478831823597,0.38353132642743926,-0.36267939006423555,0.62904255784095287,0.30022633729738246,-0.900734839568609,0.17427055746197231,-0.18269208420708308,0.59114418505527644,0.78551368077349848,-0.9600186254791393,-0.07727323030504725,-0.75343758075422862,0.78234229379722808,0.82080483935748905,0.90552155895874331,0.37888392604802823,0.7530170012483598,0.85586093420005327,-0.20252022679285542,0.55832974202954366,0.35167239066903461,-1.0578742830231553,-0.75522243429952229
-0.83141924984588078,-0.52035105752099597,0.87060366935921341,-0.89200050393036079,0.15490857270217054,-0.2593588242995396,-0.7885715203486845,0.27085781550287946,-0.73080318919505027,-0.71669440481956004,-0.39946454353306804,-0.7734887782373383,-0.48097898597170508,1.0485430329899026,-0.45678568599571395,-0.43538798778295479,0.82078377851610484,-0.23308559021897815,-0.22805708320467205,-0.49910373695319243,-0.74011479941407143,1.062705683380019,0.068487739221646068,0.39260552695693385,0.26546835313477191,0.86419390519912687,0.071314749754196965,1.0099786067630521,-0.6202409438182257,0.94955852052215439,0.18113591674508067,-0.36885163969997509,-0.0077043811376833688,0.43449149431380546,0.85222896140117277,0.86335033945205986,0.6582703639823192,0.82493987676536273,-0.63354149967636686,-0.083072371125347308,-0.80245906644129372,0.54770175038466462,0.91899454087842292,-0.47454748916608552,0.46577075081290947,-0.60367657839503641,-0.28475093236975479,-0.35001083211351286,0.91142156863721968,0.96331990259713085,-0.59875451311534844,0.95131343891067366,0.27283145679095133,0.80503461814654864,0.40464961523974408,-0.58137537462051347,-0.90444538714171296,-0.10813254879070369,0.47064799604260465,0.26172084991218009,-0.51696394051297412,-0.093506393355529488,-0.85177449822714035,0.21033694413412413,-0.31836386955611246,0.007138093691753061,0.29640513164546411,-0.86002603244696696,0.19799300410045687,0.64367898926772338,0.020994780651166851,0.73362143409326064,-0.50263845292138232,-0.081643846343611715,0.093888798710930491,0.67979649314879642,0.34314143012295245,-0.030563301193927545,-0.069360581235023144,0.20594033071045545,0.32305405718180918
-0.052400604600898008,0.37504372725276003,-0.23208379697171339,0.25936382110142814,-0.0076347337941715622,0.21589235575716226,-0.73507559663853439,0.66636455601070443,-0.03757105648079969,-0.4825936535717118,-0.39026688120656056,0.52776889206863886,-0.47698695643517308,-0.78718149758820377,-0.27942898652261955,0.75186966594481175,-0.52485776520891825,0.83133635726453892,-0.68983037459929586,-0.11730337215729046,0.081501276921965016,-0.086941615320234089,-0.43039278512449203,-0.42761678406995168,-0.27662569458055142,-0.34308441990854266,0.321124850364926,0.22654247655954063,-0.54494578097465118,0.24660915990550925,-0.073883541391353114,0.21954918202345466,0.0096188894242241838,0.21302488363988811,0.43247661860319792,-0.51248871521550066,-0.42940500099232826,-0.12628368579684979,0.81541209515531399,0.97978955978191151,-0.48386838990798697,-0.028385027039684031,-0.19811013634796376,-0.12748800171855892,-0.050864443411011262,0.038788392782945984,0.65935098760161348,0.72422241413264443,0.40530693178681354,0.13979197955444045,0.56701686821011332,-0.71129689044696809,0.60513125587283922,0.49335250200024228,-0.43106979633603071,0.071736759093771363,0.010349648660110849,0.73550264452106984,0.17240018011210007,0.080804676833499012,0.18094788335846232,-0.69015800350488143,-0.084857132763276916,-0.73689834721977343,0.148092903757575,-0.50900455295612579,-0.72785150311148505,0.8261744637636016,-0.30055574586251288,0.7591036033785773,0.86957395436345553,0.30263433511376431,-0.32195410042694306,-0.021195421200382834,0.62958476960887244,0.28281410510111032,0.70954021322759886,0.74452527516110489,0.67922964760187721,-0.4736073118349079,-0.022535405413072772
0.94141007907480145,-0.47227709979179866,0.033288725229426538,-0.4726163740685686,-0.58444032604328955,0.17378932054142598,0.34857631160388181,0.32299560139391748,-0.12456605580384868,-0.1266954397305122,0.96776067492734685,0.93615762806963609,-0.21850389424231784,-0.0832331552549887,0.34499793750390689,0.54885786901964595,0.82778356092231442,0.8745456402903985,-0.054157455232421395,-0.54764344115235974,-0.60065468617558337,-0.23229142624480992,0.1714018556556367,-0.90584544594186789,-0.53954984898507796,0.95612807199469285,-0.8996535065218636,0.21374062420727719,-0.30395074874438371,0.96197243333834903,0.40133905389343394,-0.42944626854785534,-0.49499061699506092,0.62864171622690412,0.21675609848760127,0.52495699911224403,-0.4421770262685627,0.18687017316096755,-0.38492398115814269,-0.35707315987582289,0.75356808794962193,0.88827632757889152,-0.45037710663685038,0.75497322504764885,0.66649257127071559,0.07470088668464292,-0.65101730138781566,0.34834047933018975,-0.84175068244506168,0.78976566285567762,-0.91929652883133828,0.10673778929735134,0.66098940420314345,-0.10887515888161536,-0.75790419375547602,-0.52122228839401064,-0.028806872021232208,-0.46199925638530648,-0.21029946067608624,0.30109772609023422,0.95176026916741907,0.83820246290887634,-0.16141743908085279,0.59551629104815818,0.521943514894746,-1.0934540626322271,-0.94290241633975447,-0.72599783019966879,-0.173603763951856,-0.93102631904844269,-0.65485163806091629,-0.98347522360535689,0.30871864459225495,-0.47216862049905711,-0.76972657760326679,-0.72752445321588866,0.56778734919645713,0.34850880891774821,-0.042075560075925417,-0.50566570484410345,-0.031782658438996761
0.0099392205803881598,-0.67353857706073061,-0.84814011632454556,-0.86918466753235601,-0.14756938573651146,0.37154409794423154,0.29887456926224693,0.80645357609927759,-0.89956283445442331,-0.86418214289590212,0.13643032203884117,0.41585870585008611,-0.63558476439600853,0.54232852305865575,-0.5140245217450482,0.20644765211775548,0.020469061247370704,-0.16138094153273147,-0.24970108845278935,0.32193509910800749,-0.70593547224781505,-0.64673079711019554,0.5881439823185346,-0.35587178252398471,0.22913526574538604,-0.58999907148684094,0.50984886317994194,-0.11342096043506245,0.10715181543831608,-0.6202349736018421,-0.48931505430016614,0.67861418954435859,0.42151801381999443,0.52420771521486342,0.93192237817465196,0.90666484006961545,-0.40452929400240228,-0.81784996176124414,0.024402125843759757,0.66111250629742546,-0.83683984068341699,-1.029272916390191,-0.98575828486441541,0.26715731315022212,-0.88938079887960642,-0.66291892490214299,0.64831607517720102,-0.44288114414390112,-0.78074276417910549,-0.85790405850261708,0.86607073390686518,0.81953385098708265,-0.45541415370185523,-0.29436230618849868,-0.17565658914303672,-0.39342561171996354,-0.81656704484287201,0.4416369385929258,-0.25165854438097868,0.60657438161838717,0.83950708417666309,0.32012903087656386,-0.64447835849360913,0.69449320182608254,-0.75731602757973171,-0.2582024716866792,0.55093108586163653,-0.26153141265904367,0.1536764527129906,-0.38248600851161674,0.86013514276158332,-0.22181916014373812,0.033228327994382356,-0.51853264603953086,-0.34198027292205951,-0.58077275453869959,-0.82526806540828435,0.87410030141211226,0.63468880220561408,0.29351282783291344,0.60267929815771781
0.4010016821464264,-0.81482139860452762,-0.64603218382839123,0.47695273134842403,0.84790949070755905,1.1631940597375803,0.49580823085139419,0.38321107700313001,0.85304687875506913,0.31209550373989714,-0.79483401375719698,-0.26866774149344075,-0.89697905341473338,0.45605156684538245,-0.54490063922996079,-0.62990916929942142,0.15528038743724623,0.72640113065438472,0.24422609280537852,0.49912063966768699,0.61853683798101022,-0.41808071886325199,0.081386553971501102,0.81996859978495684,-0.31209820784200687,0.49995522557196415,0.12853191573286424,-0.42496164218005561,0.36151305997410249,-0.038581809710439528,-0.90217802001454794,-0.5603829118179251,0.74145778575065813,-0.6587868020205131,0.49389246342916093,0.39663031558284645,-0.42744661801096695,0.84753010463895107,0.53481733477353277,0.065812463251973777,-0.36660971955869626,-0.82433365949537485,-0.62266130123364349,0.52965831586437762,-0.50446770716881539,0.79086183152753009,-0.79747040013436521,0.038710790884984601,-0.95934076851413497,0.049072988584739775,-0.54931714880574578,-0.76519773527749702,0.4288570021500433,-0.99373418764472121,0.60770846456455918,-0.037866183897178059,0.81255844570293578,0.27725045839252704,0.54426783225000752,-0.80318136728233425,-0.035700978781420388,0.055124577925416869,-0.24100664193907678,0.94542423980999279,-0.74182662764838792,0.50462502193611036,0.037712765980575672,0.67938170048385094,-0.51402237647197768,-0.87095906272043422,0.83535941487265486,0.44796606071708217,0.92122467627095861,-0.82780250157311019,-0.98146981013422974,-0.63918543314598009,-0.38002493217323674,-0.45475196384013467,-0.39203244555514399,0.35380543824819999,0.33281990895732827
0.71203652079904245,-0.21821214903089156,0.2504560287798111,-0.70719540005781223,-0.24146337847767485,-0.40001372164110161,-0.65078346751094207,0.28768209978313219,-0.52042670494359922,-0.38725224271997177,-0.12613047179075543,-1.0021470544521125,0.3645320839363968,0.20910201229958733,-0.98272289847402938,-0.033848401902453917,-0.065840421768189175,-0.09725347643315764,-0.7350739875814738,-0.86144517730289305,0.62396385114317354,0.2389002905806844,-0.30699147289354672,0.26020161348101817,-0.22059705915029837,-0.15625775228493627,0.65653175729060154,0.13561248312301868,-0.47984118826344763,-0.6119201099687257,-0.94115822796841153,-0.067309276355268857,-0.50080193711938903,0.056929313395531853,-0.35170807884751593,0.84101763068001545,0.085717601985445216,-0.47525332911845192,0.077827626089584073,-0.37132748136916049,0.35376992097093535,0.16617729631265765,-0.43369052424836796,-0.19421140245724958,0.10828818135327066,-0.58898270561360822,0.27093304646693062,0.66305760320046936,-0.25539538233561843,0.70853316292191515,-0.70239397441197382,-0.96277511259874671,-0.61096491867032532,0.5877850313577293,0.88601494469701114,0.19640681683394606,-0.24335340391604682,-0.39574018692786272,0.88491778701830026,0.31025027713569225,0.7481121464953312,0.82674395466079198,0.23693377082059575,0.95931047462947627,-0.07689659517425125,-0.39766082198313168,-0.11392788409430658,0.1100165725277461,-0.26707016848466597,-0.57659870740541252,0.39771885838062115,-0.18409380718178528,0.2340272686526042,-0.65039126528156976,-0.91757446253615571,-0.36277104768310742,0.53587334022075117,-0.52813987586537769,-0.18850571708309175,0.014002306042625283,-0.63751796850677156
0.14629886808734432,0.47825525827269644,-0.11891669550649277,0.73657854980980597,0.91707843099418473,-0.30187525989583608,0.90819865335412064,0.51785682196450078,-0.94192437261559669,0.26613326566161738,-0.27025545861269079,0.65656631215393246,0.5620162618365282,-0.61198403944173585,0.46321655039086318,-0.96128491365292723,0.43016913563500964,0.23194620393456281,0.50284662204525099,-0.075914541004788172,-0.79251404016634541,-0.25439337567243725,-0.65276823544592333,-0.9680864912949082,-0.95138512329194569,0.91915156087372596,-0.27449466121210353,-0.43157956006139409,0.76995157164584771,-0.36056230042045501,-0.43648747564711171,-0.92348654958029874,0.96929932951534226,-0.58038597748350984,0.54455203774161054,-0.092514889243041257,-0.086409618242528019,-0.58039651746958931,0.96232329469879585,-0.4199717073769561,0.34638944593700099,-0.074127905670435729,-0.54227143658985755,-0.041371550906852676,-0.87122780475582207,-0.58667193956905517,-0.47276723006616866,0.0090650023080322915,0.60560736737363341,-0.8119270350254435,-0.27414285201212885,-0.55756082870261303,-0.93756880973815349,0.40983787987095743,-0.28733464637977379,-0.55616252718620307,-0.92018471960040915,-0.34071853183616541,-0.9532027694989379,0.060088536696218109,0.13696866779493921,0.89908093655412302,0.12416694271328407,-0.78723547443016584,0.97273172042185385,-0.52026297443072378,0.17550865137253979,-0.0270999369951728,-0.63782720718898966,0.85268832321919041,0.011673203730829284,-0.81530418079987677,-0.9009806937502276,-0.057341590901589336,0.45630831924405874,0.066296632327121685,-0.23768564740120002,-0.46987729968610781,-0.037666936592558743,-0.86871252571832835,0.13168405025944402
-0.68097226575279723,0.11512514555082004,0.53563462939107809,0.098427585172170068,-0.13004506637857544,-0.11840107386691841,-0.020684171817426544,0.53194323448713732,0.7617901623282779,0.31857367706111867,-0.81332703624839708,-0.70337107837371349,0.68128894900866377,-0.062097149443710274,0.65180009341838463,-0.68796722499321317,0.45256740870639584,0.83812113026170221,0.43321717777433666,0.18894446364349562,-0.54505136496840001,0.23394656173576511,0.33345830549099958,-0.76362068692538065,0.81459014958167575,-0.68891819920517949,-0.86833834274262367,-0.084594918659042409,0.19636495464509884,0.53855507428726024,0.65503184801733705,0.87644670510476197,0.45023025382790188,0.63149485330109578,-0.31438751185056274,1.0206609393535568,-0.33746886647776536,0.54983492106948129,-0.56058795337660716,0.77067447237799558,-0.87126136864025694,0.37134283615638897,-0.63388141276130372,-0.28135684563500829,-0.7261020806315408,-0.60840429597955692,0.43385251779661127,0.42183340071828096,1.0439148129485754,-0.91056264984675872,-0.81942136988592584,-0.8750286953281009,0.30911463642232451,-0.85377798688889384,-0.19038871748071273,0.86081195866478422,-0.88403145649664838,0.66437300199702687,-0.53184296684520216,0.43622227372502026,0.51318644939470959,-0.90674594543868514,0.73687574043781767,0.40854109549493972,0.083057515859068884,-0.40203108877290106,-0.032587423226996537,-1.1850135370921377,-0.4725498582397592,-0.22640993325477454,-0.72005818241197528,0.13877893984164369,-0.6696480002834474,-0.83682813612470053,0.89069815421541887,-0.45564413870837772,-0.41596160044260111,0.51709192466575726,-0.016194887598992579,0.28687155440882706,-0.38263523633863883
-0.70032953491609062,-0.91657799930856043,-0.29651344993332801,-0.89032714731690366,0.75804760797018211,0.096051941214312986,0.00915530288862728,-0.70021692228657673,-0.55547014096531566,-0.88192423647411788,0.24014552768480246,-0.90028068571248054,0.93730664430296651,0.52543009981520616,-0.59858390360210068,-0.65589737662658953,-0.23197028910918666,-0.8174959779308838,0.68204502168031345,-0.99871517665097798,-0.81849885387296262,0.88868748679478449,-0.51531325195121269,-0.91641119596272347,-0.2486041558739053,-0.84364277630443441,-0.30997623178451772,0.1400133317059464,0.9352661480955593,0.12261305528698987,0.65371955838322304,-0.99205777821455821,-0.91566888827571258,-0.62484680467146958,-0.53262223244268547,-0.32809519064642345,-0.36895593657005032,0.23722955174480037,0.10250342602642833,-0.56970430976556763,0.39796321219255854,0.3537393392620295,0.14889691391572854,-0.81580290955584955,-0.051037565917900408,-0.57581101681418345,0.49603747182929769,-0.28490650321469024,0.74794024369775436,-0.53016497876486424,0.63334303228300337,0.47468591247240122,-0.67294312226467023,0.40466708509910854,-0.35054881588070452,0.57645601944845204,-0.74153514574500023,-0.83795764633701997,0.44919833357110178,-0.11259738887875227,-0.22783589505478333,-0.4176785301818553,-0.03779308038205547,-0.78181022946045453,0.0084380580376244366,-0.90369049384700628,-0.35697385049087527,0.9982190735979013,-0.86700969403298578,-0.17627084919619584,-0.41140437212740216,0.29682026698017555,0.63878232265252766,0.72568845037146279,0.57581577679950535,0.30444214520154583,0.75800818145466653,-0.38584169843263166,0.52574226131749857,-0.080631709552430417,-0.057850836455430821
-0.069375957609286915,-0.72055661431871176,0.63187234649477053,-0.41351363015465176,0.35112068985115569,-0.94912747488803306,-0.128466268461675,0.18015097604356117,0.23019041925438991,0.80518973952044548,0.89652787343112983,-0.078441958540636583,-0.62491901523465343,0.58931808987815015,-0.55988175294977494,0.024015800668983959,-0.77277551254544852,0.47878684848554071,-0.25544809848205469,0.66512448469273111,-0.99201480029016809,0.67306354443711458,-0.69003105007530241,0.19842554312067856,-0.68574562041274179,0.84207426125644047,0.17551333979857406,-0.87289326126295341,-0.38691854007810045,0.65885477830262007,-0.060143890437815227,-0.96453248375818212,0.25405443882361961,-0.98118434410681854,0.34576761046676346,0.61876766606454192,-0.62884496873278994,0.82931059127377704,-0.25658158340310716,-0.73068345093383613,0.67901617012697857,-0.45755705381994921,0.3550382784305669,-0.17892748655458607,-0.96144605031440056,0.56209396856593929,0.1056914039826695,-0.41975815590884985,0.31790877140180507,0.46631835701145846,0.24166916903763558,-0.97472697522990326,0.35534640758012581,0.45615967563135973,-0.70179229105672958,0.17531304980030121,-0.70527240837379934,0.11956850186961007,-0.66950380432232848,-0.40340972351131893,-0.70149261436894261,-0.51348038985820621,-0.47340251555446233,0.91947744778175566,-0.22461916727556308,0.8207346510362451,-0.55309981067466307,0.40174182365122907,-0.81131918889918198,-0.25860361184735864,0.15205966671403529,-0.61965366354819473,0.3345291494832846,-0.32986896177117414,0.60440021190109228,-0.34229940221587418,-0.64707863017147549,0.3385261447495978,-0.56595325560819065,0.62629002302130576,-0.80737564890872748
0.0058307106419265347,-0.17139473416437487,0.64658063738914939,-0.22112196362717756,0.8925457545995461,0.2268203319250395,-0.52175450033418269,0.23406584480380369,-0.15763335609762236,0.72673068776186611,-0.64865626851916391,0.41068221650653075,-0.67517507683946243,-0.53370140133517907,0.5345359605633353,0.91292143806403503,-0.41777812359096772,-0.52742884735824125,0.27718452506539459,-0.59085297751516197,0.80412554875534059,-0.056272133408743583,-0.28375369255329408,0.24723208415590317,-0.95968484841182189,-0.9271834377250372,-0.28602427271832292,-0.11265024818850745,0.18592667021722514,0.51371335944822849,0.29836992360837233,-0.73426007980210717,-1.0389791498426271,0.081676150600941272,-0.78498182453662346,-0.88147165718238429,0.00023110476509370542,-0.49202897694891617,-1.0217091895070358,-0.63167179859455524,0.79778706248581399,0.28541712305199185,0.15463277958330743,0.46189965385634885,-0.40336259912054917,-0.04585836133201663,-0.85827690673524626,-0.69766448478397858,0.47271478589731081,-0.084866570796263113,-0.61906900770085538,-0.33868852869814148,0.06592313388503257,0.50295857172953018,-0.26449107926020088,0.031083822931821749,-0.28379244387337615,0.67211844557576594,1.0050655735184069,0.96048094628731817,-1.0162211912991588,-0.54434612598321819,-0.43797484383824292,0.68882264258402592,0.9497335193895462,0.93053108497251147,0.11342822295217954,0.19585280231889629,0.81538500419170734,-0.026967061667740932,-0.12002709352677733,-0.96319303517352672,-0.10084520735001058,0.19604034882742399,0.82115799921178945,0.017083697269008734,-0.53354679023594687,0.29893416310469462,0.85481344682023652,0.37647339264012003,0.20952277593444738
-1.0217667787070912,0.1798615792009316,-0.63590144253674419,-0.75333737953629976,0.15203842202688914,-0.1604791172850277,-0.32903757863495353,-0.45106064491426595,0.47097702236601119,0.035930902253393633,-0.78919554695828287,-0.75014330011533437,-0.0019436990440277191,-0.64215737956513119,-0.11168062213354014,0.90130700692608534,-0.89221700260869352,-0.058030684074518002,-0.32882546450172767,-0.78262624438028527,-0.87823707777051008,0.91640965612319325,0.69519964729790895,-0.84261246064668927,0.37797447118815314,-0.89580567520203813,0.073317501144012837,-0.79689854529809878,-0.97543143744166561,0.91558103469887686,0.94867548557386583,-0.42762355821799364,-0.56312788721489426,-0.14231837135652489,0.61341296115828292,-0.56496243959765313,-0.079173658932771146,-0.14225136638141966,0.3283207924975739,0.080078843210633299,0.79040599810156853,0.24142095604781005,0.34000618844533365,-0.70718390121129437,-0.48847458947326194,0.19042921198701832,-0.50776979527549182,-0.92014073676796004,0.32432862055944839,0.73159096296869464,-0.59393684275229364,-0.30218116809462414,0.90472421410763237,-0.67754499844069893,0.47622495050986791,0.50421629024553261,-0.1828514051357894,0.6551973114564742,0.3811572792082934,-0.27150045700553027,0.52478683895865674,-0.02095927531818529,-0.94576870750354847,-0.36930011233847204,0.70424042529052266,0.95155395536276755,0.92601255598520615,0.083188179290756212,0.0031993238752998404,0.83105776847454249,-0.21887938098335299,-0.75351010624176462,-0.7250968461531494,-0.49006171504034879,0.44586050172141434,-0.073285565823279164,0.082341671324863974,-0.54909512959387685,-0.40024681039365223,0.5017090187505524,-0.11183379412562401
-0.50677731709788687,-0.14205467414405415,-0.22631303550972884,0.069042166578979089,-0.81296237410572747,-0.36929759304844051,-0.58411504350239285,0.45402677892889765,0.97869708887913254,0.54484093487030072,0.78255105671203318,-0.70685773418296249,-0.22669194905721402,0.8323108219068549,-0.28413814034341134,0.19313365876898669,0.53892639611536497,-0.90573546827138629,0.70104006537826014,-0.53418673053277133,0.45578546245691215,0.50397346556473122,0.37024893252391311,0.69193678716702878,0.41924520640542184,-0.55935273310811917,0.14833856873715312,0.23863252173058999,0.42231833664458557,0.3754960448265306,0.38841123880969647,0.74850128360158852,-0.9543699986468771,0.6546561903781476,-0.3626575343023829,-0.60695888621308358,0.49695275117543802,0.34899131230398645,0.021221571271179126,-0.38608963895793663,-0.30353295768453015,0.72892270766922518,0.64895004684329471,0.62120755781778381,0.071425543647819972,0.18581575086976848,-0.34220240211322261,-0.040256031836709928,0.62815130696346544,-0.45642351341809917,0.79931219201566539,0.41669474670953832,0.85138492052758874,-0.64761620426932776,0.99714439280959932,-0.0024501055226210881,-0.057689420807480761,-0.5319548735340226,-0.73107941930504983,0.11560410219272416,-0.3000195021907261,-0.88463390797566033,0.61948933557698815,0.68953743601626893,0.44743402552717509,-0.78302497030022422,-0.73223416799084429,0.3417037448765089,-0.37859174804257262,-0.55520386931924703,0.57394125181804223,-0.15473315955847666,-0.036958340267480905,0.67928733867297464,-0.34101446345590181,-0.35707771036714508,-0.54207112338631769,0.51027352268882664,-0.4357179096956369,0.052408088863047597,-0.23582479921395802
-0.19604426695486307,0.062872586626680868,0.02230602193703056,0.76658237290010056,0.56443850971439635,-0.59610304104522438,-0.24479263861831008,-0.48193558591885427,0.59620096869497441,-0.3872565334593695,-0.49544592736047338,0.38818035373210136,0.14986132993014817,0.48748749807772701,0.81636254875348457,-0.19973319731904574,-0.12354204365420511,-1.0073670903207437,0.31537487483154969,-0.13050983199387731,0.018092781757340477,-0.65258321684894305,-0.23570073250033471,0.82710446267695703,-0.25812534220826489,0.083641035747356332,0.88378712737058351,-0.69939467038428771,0.20003316152755168,-0.32035332581625914,-0.53685553105544437,-0.69719629194471766,-0.1868783244152164,-0.64307088386067413,-0.00012738831062943391,0.74579495474070945,0.048419037822846275,0.14217424609063192,0.50288493013394431,-0.20676365459944795,-0.33067149262476697,-0.23916136160316051,-0.77684655195628416,0.12512450076257761,-0.90889328607801234,-0.70125030202538208,1.013779396551965,0.45800517025611531,0.58806793156158155,-0.46588331579176673,-0.47498156278015391,0.12915113170346038,-0.93849705368798375,0.91764168086535514,0.16955062676300692,0.96213014683348874,-0.98186553452318703,-0.92082719364225596,-0.81519278706410403,0.74770929986188039,0.47033716450805563,0.35391576865705088,0.67245344363517456,-0.34147380305064973,-0.27100742492627883,0.96083002346092405,-0.29974614558647433,0.63850077449470821,0.29420346674135267,0.69149716457862898,-0.77352822864589521,-0.45211748082460934,0.80417997082686443,0.093913021401480362,0.59690150056293401,-0.20385755159729615,-1.0000051370653815,0.26322526365586474,0.78171100956758965,-0.27736944120805496,0.0076784994183164068
-0.19219842098300627,-0.21363564327417681,-0.90239286531001917,0.49549458947259223,0.50136379040523393,0.16769885962892761,-0.62659463280845817,-0.17509991178532455,0.30011489993360257,-0.064963492855610913,0.56890473437305389,0.16327854164695121,0.13419741907211094,0.073255822983215049,0.66137385514982583,0.69325438017974605,-0.21795727184353311,-0.62673447651683911,-0.94305073403571937,0.4094723860728019,0.7443963226240653,-0.075308351421757194,0.1911335048198467,-0.95159245073106036,-0.87774558917807155,-0.37253736536090176,0.46856594060875284,-0.50704457974039052,0.69199067850539198,0.73938291725528493,-1.0083314598727855,-0.19219712686737406,-0.031493768127644026,-1.0812961295517616,0.78402941282674143,-0.020104329784491483,-0.22280876963395757,-0.62349809689098334,0.61043786929946842,0.65096353260366047,0.31769455268901803,-0.46866426845925763,-1.0348558059181256,0.69544847817286526,-0.68922764518930257,-0.91363398748125069,-0.65130852189540911,0.83687397530300589,-1.0387493612605152,0.5217222787110164,-0.21361316738313241,0.39583350129513772,-0.67412841019195269,0.82245899891734764,0.0018752715873753267,0.83699338159844483,-0.84989622489047534,0.59131089973831574,-0.925394378152673,0.087557218792015543,0.26757233859495994,-0.22116707918340162,0.44341547396212544,-0.41490422608498539,-0.44744685702446524,-0.70892076754845601,0.39039693994668723,-0.24026352924006417,-0.94082321179248884,0.17113201745211573,0.26396633594124058,-0.92976426526170997,-0.95823351425626846,-0.86591073657842255,0.32568045763313902,-1.0033520036457779,0.38141541222473135,-0.26978390624744231,-0.22411159190648297,0.30769113543402332,0.80364542128527949
-0.10519738238003731,0.096154257689672396,-0.26266238282823323,0.21520699450350145,-0.55163019534235447,0.45393551297586066,0.022629676721240076,0.58788072263822122,0.01158061380850073,-0.60079504396245309,0.30002759063349677,-0.98707426277769039,-0.91682827466728756,-0.42241324055134055,-0.34738129939692958,-0.92802096756903452,-0.51486467697891913,0.99967317683396051,-0.93704561138955356,-0.5761237085723192,-0.41397197271475222,0.91971047264030203,0.34067267700421,-0.47498077362145708,-0.73815449651123499,-0.85196812617563145,-0.76122378258144008,-0.065931730012046996,-0.08201540751358892,-0.49380772990634875,0.32384412783510474,0.39272650615108312,0.23590822816974796,-0.8924267537095727,0.15939686103966449,-0.67582243223185845,-0.57627247101756884,0.30541467177535303,-0.85255831659010606,-0.73514142506566327,0.86278747682505663,0.78197610278479612,0.3642529664207827,-0.35268479995540891,0.41080845931194021,-0.7440514699786841,-0.59453757574940336,0.88942402277999666,-0.2035204438016564,0.86069422536833551,0.79008857497130491,0.86766603100068163,0.4274601699370717,0.76102748745865711,0.13885160299887689,0.13245208604502484,0.79139950605226506,-0.90352423934323955,0.49425716145106985,-0.84929325020090374,-0.94526863297097929,0.74085192370316533,-0.62705594467732351,-0.31635959638138483,-0.067122675889186925,-0.82785949907446743,0.46606939794406183,-0.19175284000053747,0.6753332122083523,0.3054122045718769,-0.13027665121569015,0.38442654394192066,-0.42779261730033152,-0.14577011841621965,0.11145794268172306,0.30445638951831383,0.1881112217105276,0.59876632546181752,-0.38553832507175917,0.17573329729570911,0.71294008481156168
0.64995781622154802,0.22820717702770099,-0.76413564917344801,-0.21812776020094693,-0.25772196116214974,0.22718087228419237,-0.5294092446402221,0.37636111424737873,0.33782360234159503,-0.91606041493309565,-0.34665521119712334,-0.40130426451086937,0.6874646193708791,0.94769409802287607,-0.87589914145739756,-0.67958875442839495,0.9442548742213972,-0.4376088699952656,-0.64780498586390234,-0.16451274364492763,0.86968645170139303,1.0259661088867886,-0.78480624694699219,0.30458140881190221,0.098525930151619728,0.88166083099120707,0.66353716184760536,-0.53209213699721836,-0.56193502444636534,0.46798121783470503,0.54379171234235668,-0.60417680987916933,0.65516000931731477,0.41046993268833787,0.066415470596247028,-0.72133232789613499,-0.25310596582679412,-0.95069329043481476,1.0373181202069504,-0.54778108793137081,0.25198575821253349,-0.85664055887856594,0.69764227603969076,0.38276725273289863,0.58101647512012244,0.56728214659745824,0.21296345114374876,-0.1669401314788089,0.39639122241017188,0.9764408343644706,-0.50115550319685953,-0.34938874351969429,0.43483963934055514,-0.092215047634244929,-0.4854647308541683,-0.0028731369328403012,0.61685060599749875,-0.5827820860587335,0.88677658375949298,0.1884967527735262,0.70840164120799365,-0.037735059936997863,0.26344485814490315,-0.52588234377362086,0.36378160419222166,-0.20036339075557044,0.84490271742315626,-0.45439860246053959,-0.73676538646558543,0.47653883962969751,0.77217080386868542,-0.16141403927059322,0.16251480189819784,0.38114451109435965,-0.73330987619451837,-0.4342345888021219,-0.21294606945214628,-0.094741290982701384,0.33701853852597513,-0.36555910281438742,0.93899274462182003
-0.44779692688538181,-0.69947307261872771,0.10786479222669725,0.62173256902769702,-0.53786951734480304,-0.0712729585592424,1.0793165200595087,0.13065762275281967,-0.2900552110085392,0.0061349429346922299,0.39850065386694961,-0.76634648941218209,0.05136852283375655,0.51813085157411387,-0.14716549918878855,0.073533507525281899,0.71936650791281942,0.74483679230515543,-1.0209701955789816,-0.73101402890522515,0.10033363084222724,-0.072736108451683809,0.24085925517189999,-0.060809618571539568,0.78652249162975774,0.14039961611553961,0.62694584610816018,-0.58284675387232632,0.79172320574484656,0.67761349753550382,0.77006365248106734,-0.45285396758630753,0.83197581061813386,-0.51793290335536513,0.42783552592470636,-0.75465003712660972,-0.66462225466411029,-0.40089378666861653,0.92376047711019149,0.10159199280742014,0.97168311749495229,-0.51260125809519186,-0.89990884518303615,-0.84018269825549008,-0.57943641923800493,0.98987892934135713,-0.74714431394470104,0.47634841432445268,0.9968734816157333,1.0365832906920418,-0.34440246671826702,0.38799545661689416,0.92767207843084498,0.9857449716467277,-0.10154000574805466,-0.80817431032658804,-0.27919388653916,0.50834360052781347,-0.87154709114490281,-0.10574650461359879,0.47732518741315833,0.72652024392148573,-0.70692790584674181,0.9582691371207438,-0.60704729213901709,0.15253423022741822,-0.41660565456873144,-0.71104414084005763,-0.23675666617266103,0.084368301272619836,-0.099546488703496402,-0.4031163511128863,-1.004098923849728,-0.32417322822895062,-0.91732875961551708,-0.35781867902376602,0.65984211312868157,-0.12596785200911073,0.92961371530644665,-0.17448567406066942,-0.12924345211208649
-0.63278642502123195,-0.67544028652195209,0.28131447613539218,-0.77153464146617967,0.70392508456081126,-0.40997650833313209,-0.17876209871953957,-0.20585667507973041,-0.2089438484267529,-0.16626323156773748,-0.26352828128701639,0.34731901881398614,-0.709140300574022,0.065142461566181337,-0.17234690785861342,0.58290395618072599,-0.27771827035621405,0.076692801700911473,0.37980315346764487,0.43626783623385779,0.42556617048295892,-0.10051636403592122,0.50566793646900587,0.77465731471977939,0.56809821856389264,-0.23365232892012833,0.76630554629897762,-0.85016133173631647,0.75617167619403924,-0.35557834290062224,0.61057952742117283,-0.09685069159843715,0.40235805819108628,-0.70323506969173899,-1.0055232310556401,-0.54905722469366858,0.85279355730715622,-0.59707238628799164,0.52699096663994449,0.81291528566127924,-0.014532334364407394,-0.87798573240867683,-0.35280131013421223,-0.12916674293371572,-0.066364776024782704,0.16104846547563714,-0.52851917524185077,-0.59078641057245995,0.79184038350004227,0.13687104524152277,0.38643318544314598,-0.76766012551286023,-0.28080537655232152,-0.6243404924686804,-0.72694500501155179,0.82636776965526548,0.86566133730639949,0.42805261449980647,0.084367393731661633,-0.35307881546129438,-0.80757159159370673,-0.25201620533927654,-0.05153793990406691,-0.92295203258651348,-0.16731914715505433,-0.47619253829159403,0.50040377758597632,0.46178641452062558,-0.0044218283932695897,-0.8030208908849773,-0.35545062102168251,-0.28579434988401597,-0.045407840684463373,-0.28545018703258057,-0.70608155875723255,-0.20389493973654454,-0.020954823270156846,0.11398973029820791,0.53824479732204711,0.85822604538676051,-0.87645136409234792
0.84965715913289364,-0.51183682468245906,-0.90716260756288147,-0.18376680870123177,-0.98882279742894141,-0.67599123408807216,-0.69036521745466228,-0.59162876734563552,-0.60797890938521582,0.2193458416058531,-0.26416373367799323,-0.065146101745468643,0.84694432811917009,-0.81209255631161847,-0.5392257720104755,0.86112502727734375,0.47009469953584326,-0.16854186618051731,0.78815667755787322,-0.79118242570470165,0.76058061786503517,-0.65048247838201179,0.27789743962345659,-0.91046659884634451,0.30284982214868911,0.88224605608210305,-0.529991515579603,-0.33681347571286785,-0.5834647875265937,0.02023819007890414,0.061636842135853673,0.43192461030218054,0.57614516554808926,0.36839179076038392,0.40318485830667289,0.62277481195946671,0.24017254385350059,-0.31657910584007765,-0.34207200976253366,-0.65694230820007737,-0.17571310297111004,-0.74462966178155121,0.61705068368883753,0.0066906278627142006,0.83968641636823549,-0.35229932144591064,-0.08891171610700202,-0.72443166038405304,-0.15718495890948031,0.61589316694889762,0.50797912811028878,-0.62561971487831602,0.69327361538030763,0.43191367336594277,0.55421701653533528,-0.93781608969172559,0.3290785607283927,0.23480532894241413,-0.14401787905915958,-0.25619792890351589,0.95341649520632588,0.047972936911184101,-0.40240991938659648,0.49976084778957452,-0.50124170306464222,-0.57420268537984653,-0.44675181594194741,-0.13432598397760895,-0.68538977624757125,-0.82302280420391538,0.08157527345595976,-0.61604079372337417,-0.033481327698442073,0.84679855605410503,-0.97526147700357757,-0.48551102702682503,0.74023563899662459,0.11079994350120864,-0.77982957364846583,-0.4358184077041895,-0.43999927302613018
0.54394374054138972,-0.82592758901823637,-0.97977341585360145,0.12337572507315699,0.18599411476227196,0.19538473366942133,0.41538129448368422,0.67798486800066615,0.7912324479877253,-0.50687072048032988,-0.70485306361911881,0.58276776154326682,-0.60953666992195199,0.081555678088739536,0.47919238816800269,-0.22041846785295727,-0.063916896671672774,0.46796617820584197,-0.96169865188433135,-0.16706469148969327,0.93571391767373502,-0.74402719390668537,-0.74308168255482854,-0.81479036429662532,-0.86922285213493833,-0.95005162495602824,-0.45547075023996447,-0.47291567969097775,-0.53430443991556176,-0.35875500690638257,-0.74521069013314156,-0.11092464557907325,-0.81637224019265919,0.032819892451063204,-0.13489410247960421,0.39977781714499788,0.642531797546806,0.45370385450983824,0.44616644075646589,-0.13284847055002222,0.22944112617787374,-0.72950770213824379,-0.25037455273886766,-0.54131755959038952,0.28351706114864605,-0.42773350209848404,-0.85452776463968116,-0.18868941148309343,0.33035683259349147,-0.34182808571698564,-0.43753466110143868,-0.3261241753211862,-0.72384384884404918,-0.15162464785381291,0.46008729356626143,-0.46692134745204383,0.63037806714306144,0.37931724434993458,0.052624124152801099,0.42335086703410185,-0.4678399452920407,-0.95002665106915407,-0.66768430587930705,0.9653921079189467,0.60745644257820286,0.72722291314956,0.6287723414370211,0.54794917875755833,-0.5577401184463826,0.49405575135050422,-0.75796630633758233,-0.45411454322731964,-0.35523311072073627,-0.28550509894073622,-0.66896292570977312,-0.56965566730163675,0.35929285380869574,-0.69973411304599376,0.038988898419622317,-0.38738262991128508,-0.4952858706387428
0.1520361534598782,-0.41133761053969914,-0.021496701472139904,-0.20424516882801394,0.75630255371306498,-0.74644301667241097,-0.26572439494117689,-0.62521380833014883,-0.67602013597917165,-0.93188622797530274,0.12824199805446876,0.81908678812714319,-0.64026667027655026,-0.54359176724748681,-0.45096776268449185,0.68566922785159823,0.84411661274685834,-0.51014447275665664,0.9602249598149255,-0.81583764904029754,-0.28442057406565274,-0.35645433094289003,-0.37794248570566474,0.9824359158608903,-0.67192657998581529,1.0603808025087487,-0.66651487112874552,-0.50212739812125373,1.0622174336669348,-0.44982838758445998,0.2339796730934233,-0.38471560115192061,-0.54875749636867233,-0.72953704815019982,-0.3537979314427066,0.06633035649179031,-0.48736741712148351,-0.36469998380899349,0.41578123953442347,0.21889968459091649,-0.13171706873822606,0.032077537656185047,-0.0075262871324649388,0.68495230991141354,-0.29942229702509982,-0.79605321969176579,0.42436756338120579,0.58632457338670818,0.82070555710360438,0.48972211669656673,-0.85101771904481027,-0.60627890793200812,0.12332016018952929,-0.98092559215081809,0.06070052797869252,-0.71846938559378626,0.65705378507459977,0.21891608637811263,0.71127093037951206,0.69211217406624415,0.23652837759358103,-0.25817286728226169,1.0333202840603928,0.25019612827076843,0.090374388800983682,-0.32983363909417923,-0.16388019685522093,-0.26872707805586415,0.64384047564228386,-0.011169779826625755,0.82384575201439569,0.24914474230932013,-0.33544661752244148,1.0758386649827962,-0.90021082790540674,1.0032240104752537,-0.75704272055316935,-0.17037434905744264,-0.064394736740967892,-0.2622262426590371,-0.58060146200223162
-0.28542677434544356,-0.81873062230127647,-0.30240108458555731,0.59668096436841433,0.23377516405531434,0.29327986704719183,0.51108795460729817,-0.89123144038572633,-0.470375216383419,-0.76623682474266974,-0.08556943493155994,0.55413362094080187,-0.1251546435823189,0.67240111162106175,0.63002365613574796,0.83179135110807367,-0.92403991447707257,0.82967350542943641,0.23499783205012933,0.65264162635275169,-0.44284094498880999,-0.59986412808145773,-0.70108133559719554,0.48112592442744628,-0.46905781328230012,-0.43501058251651042,-0.71888068923599657,-0.41095336222149226,0.87553772619295434,-0.28687377398778235,-0.52484679588017369,-0.19852838194874484,0.13482034283885658,0.43489330038044705,-0.051071743153439549,0.47999356690737094,-0.80473433188323651,0.46925124227891946,0.17121538531357638,0.23272708773800679,-0.59150381462859503,-0.50126230474382028,0.61924592991756533,-0.69639132499021239,-0.6428919798758197,-0.042127478152664703,0.64432390917956994,-0.080137782166523189,0.094229711990242063,0.67937584241054794,-0.57127455532790028,-0.69360636224491135,-0.56839446665209903,-0.94211515094348741,-0.33232575550689014,0.52613350915764756,0.14944513446125876,0.87704728817000999,0.29453825306316495,-0.43440531170523555,0.49761950873383537,-0.033659978515637436,-0.31735792584368688,-0.4931850975624274,0.76647314940685829,0.95853436723691909,0.93652782867416973,-0.28419241771033404,-0.28187074749907537,-0.49470845963166177,-0.43938134021902253,0.58901488381347811,-0.52839357034978029,0.95924536532580973,0.28795227498417886,0.024572478622695383,0.81869229748370131,-0.64808575026022996,0.18597756207429156,-1.0505758336066062,0.28624175100633459
